{"ts":"2026-05-30T01:05:41.973Z","level":"INFO","msg":"GET /api/health → 200","duration":"4ms"}
{"ts":"2026-05-30T01:05:41.983Z","level":"INFO","msg":"GET /api/stats → 200","duration":"1ms"}
{"ts":"2026-05-30T01:05:42.039Z","level":"INFO","msg":"GET / → 200","duration":"2ms"}
{"ts":"2026-05-30T01:05:42.055Z","level":"INFO","msg":"PATCH /api/users/profile → 200","duration":"1ms"}
{"ts":"2026-05-30T01:09:23.489Z","level":"INFO","msg":"GET / → 200","duration":"10ms"}
{"ts":"2026-05-30T01:10:36.853Z","level":"INFO","msg":"GET / → 304","duration":"1ms"}
{"ts":"2026-05-30T02:30:47.610Z","level":"INFO","msg":"GET /api/health → 200","duration":"3ms"}
{"ts":"2026-05-30T02:30:47.619Z","level":"INFO","msg":"GET / → 200","duration":"2ms"}
{"ts":"2026-05-30T02:30:47.626Z","level":"INFO","msg":"GET /api/stats → 200","duration":"1ms"}
{"ts":"2026-05-30T02:45:01.010Z","level":"INFO","msg":"GET / → 200","duration":"3ms"}
{"ts":"2026-05-30T02:45:01.021Z","level":"INFO","msg":"GET /assets/index-CqYF5NVQ.css → 200","duration":"2ms"}
{"ts":"2026-05-30T02:45:01.023Z","level":"INFO","msg":"GET /assets/index-DEpzDFCc.js → 200","duration":"4ms"}
{"ts":"2026-05-30T02:51:10.690Z","level":"INFO","msg":"GET / → 304","duration":"1ms"}
{"ts":"2026-05-30T02:54:18.424Z","level":"INFO","msg":"GET /api/health → 200","duration":"4ms"}
{"ts":"2026-05-30T02:54:18.433Z","level":"INFO","msg":"GET / → 200","duration":"2ms"}
{"ts":"2026-05-30T02:54:18.440Z","level":"INFO","msg":"GET /api/stats → 200","duration":"1ms"}
{"ts":"2026-05-30T02:54:18.496Z","level":"INFO","msg":"PATCH /api/users/profile → 200","duration":"1ms"}
{"ts":"2026-05-30T02:54:26.854Z","level":"INFO","msg":"GET / → 200","duration":"4ms"}
{"ts":"2026-05-30T02:54:26.867Z","level":"INFO","msg":"GET /assets/index-9d4vzHn3.js → 200","duration":"4ms"}
{"ts":"2026-05-30T02:58:04.779Z","level":"INFO","msg":"GET / → 304","duration":"1ms"}
{"ts":"2026-05-30T03:03:00.753Z","level":"INFO","msg":"GET / → 304","duration":"1ms"}
{"ts":"2026-05-30T03:10:38.708Z","level":"INFO","msg":"GET / → 200","duration":"8ms"}
{"ts":"2026-05-30T03:10:41.274Z","level":"INFO","msg":"GET / → 304","duration":"1ms"}
{"ts":"2026-05-30T03:13:26.174Z","level":"INFO","msg":"GET / → 304","duration":"2ms"}
{"ts":"2026-05-30T03:16:20.938Z","level":"INFO","msg":"GET / → 304","duration":"2ms"}
{"ts":"2026-05-30T03:16:21.626Z","level":"INFO","msg":"GET / → 304","duration":"1ms"}
{"ts":"2026-05-30T03:19:56.135Z","level":"INFO","msg":"GET /api/health → 200","duration":"3ms"}
{"ts":"2026-05-30T03:19:56.143Z","level":"INFO","msg":"GET / → 200","duration":"2ms"}
{"ts":"2026-05-30T21:30:30.519Z","level":"INFO","msg":"GET / → 200","duration":"36ms"}
{"ts":"2026-05-30T21:30:30.539Z","level":"INFO","msg":"GET /assets/index-CqYF5NVQ.css → 200","duration":"2ms"}
{"ts":"2026-05-30T21:30:30.540Z","level":"INFO","msg":"GET /assets/index-BUBI1yUS.js → 200","duration":"4ms"}
{"ts":"2026-05-30T22:10:17.260Z","level":"INFO","msg":"GET / → 304","duration":"3ms"}
{"ts":"2026-05-30T22:10:46.068Z","level":"INFO","msg":"GET / → 304","duration":"2ms"}
{"ts":"2026-05-30T22:10:46.825Z","level":"INFO","msg":"GET / → 304","duration":"3ms"}
{"ts":"2026-05-30T22:11:19.447Z","level":"INFO","msg":"GET / → 200","duration":"3ms"}
{"ts":"2026-05-30T22:11:19.456Z","level":"INFO","msg":"GET /assets/index-B4UmWRx-.js → 200","duration":"1ms"}
{"ts":"2026-05-30T22:11:20.764Z","level":"INFO","msg":"GET / → 304","duration":"2ms"}
{"ts":"2026-05-30T22:12:15.817Z","level":"INFO","msg":"GET / → 304","duration":"1ms"}
{"ts":"2026-05-30T22:12:17.454Z","level":"INFO","msg":"GET / → 304","duration":"2ms"}
{"ts":"2026-05-30T22:12:48.189Z","level":"INFO","msg":"GET / → 304","duration":"1ms"}
{"ts":"2026-05-30T22:12:49.109Z","level":"INFO","msg":"GET / → 304","duration":"4ms"}
{"ts":"2026-05-30T22:12:50.715Z","level":"INFO","msg":"GET / → 304","duration":"0ms"}
{"ts":"2026-05-30T22:13:53.618Z","level":"INFO","msg":"GET / → 304","duration":"1ms"}
{"ts":"2026-05-30T22:13:54.469Z","level":"INFO","msg":"GET / → 304","duration":"0ms"}
{"ts":"2026-05-30T22:13:59.990Z","level":"INFO","msg":"GET / → 304","duration":"2ms"}
{"ts":"2026-05-30T22:15:05.134Z","level":"INFO","msg":"GET /api/health → 200","duration":"4ms"}
{"ts":"2026-05-30T22:15:05.145Z","level":"INFO","msg":"GET / → 200","duration":"3ms"}
{"ts":"2026-05-30T22:16:43.216Z","level":"INFO","msg":"GET / → 200","duration":"4ms"}
{"ts":"2026-05-30T22:16:43.228Z","level":"INFO","msg":"GET /assets/index-RIcIPUbO.js → 200","duration":"2ms"}
{"ts":"2026-05-30T22:16:57.979Z","level":"WARN","msg":"404 Not Found: GET /.well-known/appspecific/com.chrome.devtools.json"}
{"ts":"2026-05-30T22:16:57.980Z","level":"WARN","msg":"GET /.well-known/appspecific/com.chrome.devtools.json → 404","duration":"2ms"}
{"ts":"2026-05-30T22:19:18.528Z","level":"INFO","msg":"GET / → 304","duration":"2ms"}
{"ts":"2026-05-30T22:19:18.542Z","level":"WARN","msg":"404 Not Found: GET /.well-known/appspecific/com.chrome.devtools.json"}
{"ts":"2026-05-30T22:19:18.543Z","level":"WARN","msg":"GET /.well-known/appspecific/com.chrome.devtools.json → 404","duration":"2ms"}
{"ts":"2026-05-30T22:19:19.281Z","level":"INFO","msg":"GET / → 304","duration":"1ms"}
{"ts":"2026-05-30T22:19:19.298Z","level":"WARN","msg":"404 Not Found: GET /.well-known/appspecific/com.chrome.devtools.json"}
{"ts":"2026-05-30T22:19:19.299Z","level":"WARN","msg":"GET /.well-known/appspecific/com.chrome.devtools.json → 404","duration":"1ms"}
{"ts":"2026-05-30T22:19:19.916Z","level":"INFO","msg":"GET / → 304","duration":"1ms"}
{"ts":"2026-05-30T22:19:19.930Z","level":"WARN","msg":"404 Not Found: GET /.well-known/appspecific/com.chrome.devtools.json"}
{"ts":"2026-05-30T22:19:19.931Z","level":"WARN","msg":"GET /.well-known/appspecific/com.chrome.devtools.json → 404","duration":"1ms"}
{"ts":"2026-05-30T22:19:20.320Z","level":"INFO","msg":"GET / → 304","duration":"1ms"}
{"ts":"2026-05-30T22:19:20.332Z","level":"WARN","msg":"404 Not Found: GET /.well-known/appspecific/com.chrome.devtools.json"}
{"ts":"2026-05-30T22:19:20.332Z","level":"WARN","msg":"GET /.well-known/appspecific/com.chrome.devtools.json → 404","duration":"1ms"}
{"ts":"2026-05-30T22:20:37.403Z","level":"INFO","msg":"GET / → 304","duration":"2ms"}
{"ts":"2026-05-30T22:20:37.420Z","level":"WARN","msg":"404 Not Found: GET /.well-known/appspecific/com.chrome.devtools.json"}
{"ts":"2026-05-30T22:20:37.421Z","level":"WARN","msg":"GET /.well-known/appspecific/com.chrome.devtools.json → 404","duration":"1ms"}
{"ts":"2026-05-30T22:20:38.085Z","level":"INFO","msg":"GET / → 304","duration":"1ms"}
{"ts":"2026-05-30T22:20:38.096Z","level":"WARN","msg":"404 Not Found: GET /.well-known/appspecific/com.chrome.devtools.json"}
{"ts":"2026-05-30T22:20:38.096Z","level":"WARN","msg":"GET /.well-known/appspecific/com.chrome.devtools.json → 404","duration":"0ms"}
{"ts":"2026-05-30T22:21:55.890Z","level":"INFO","msg":"GET / → 304","duration":"0ms"}
{"ts":"2026-05-30T22:21:55.904Z","level":"WARN","msg":"404 Not Found: GET /.well-known/appspecific/com.chrome.devtools.json"}
{"ts":"2026-05-30T22:21:55.906Z","level":"WARN","msg":"GET /.well-known/appspecific/com.chrome.devtools.json → 404","duration":"2ms"}
{"ts":"2026-05-30T22:21:56.635Z","level":"INFO","msg":"GET / → 304","duration":"1ms"}
{"ts":"2026-05-30T22:21:56.647Z","level":"WARN","msg":"404 Not Found: GET /.well-known/appspecific/com.chrome.devtools.json"}
{"ts":"2026-05-30T22:21:56.648Z","level":"WARN","msg":"GET /.well-known/appspecific/com.chrome.devtools.json → 404","duration":"1ms"}
{"ts":"2026-05-30T22:22:48.267Z","level":"INFO","msg":"GET / → 304","duration":"0ms"}
{"ts":"2026-05-30T22:22:48.283Z","level":"WARN","msg":"404 Not Found: GET /.well-known/appspecific/com.chrome.devtools.json"}
{"ts":"2026-05-30T22:22:48.285Z","level":"WARN","msg":"GET /.well-known/appspecific/com.chrome.devtools.json → 404","duration":"2ms"}
{"ts":"2026-05-30T22:24:19.642Z","level":"INFO","msg":"GET / → 304","duration":"2ms"}
{"ts":"2026-05-30T22:24:19.654Z","level":"WARN","msg":"404 Not Found: GET /.well-known/appspecific/com.chrome.devtools.json"}
{"ts":"2026-05-30T22:24:19.655Z","level":"WARN","msg":"GET /.well-known/appspecific/com.chrome.devtools.json → 404","duration":"1ms"}
{"ts":"2026-05-30T22:24:20.290Z","level":"INFO","msg":"GET / → 304","duration":"1ms"}
{"ts":"2026-05-30T22:24:20.301Z","level":"WARN","msg":"404 Not Found: GET /.well-known/appspecific/com.chrome.devtools.json"}
{"ts":"2026-05-30T22:24:20.302Z","level":"WARN","msg":"GET /.well-known/appspecific/com.chrome.devtools.json → 404","duration":"2ms"}
{"ts":"2026-05-30T22:24:51.635Z","level":"INFO","msg":"GET / → 304","duration":"0ms"}
{"ts":"2026-05-30T22:24:51.646Z","level":"WARN","msg":"404 Not Found: GET /.well-known/appspecific/com.chrome.devtools.json"}
{"ts":"2026-05-30T22:24:51.647Z","level":"WARN","msg":"GET /.well-known/appspecific/com.chrome.devtools.json → 404","duration":"1ms"}
{"ts":"2026-05-30T22:24:54.016Z","level":"INFO","msg":"GET / → 304","duration":"1ms"}
{"ts":"2026-05-30T22:24:54.027Z","level":"WARN","msg":"404 Not Found: GET /.well-known/appspecific/com.chrome.devtools.json"}
{"ts":"2026-05-30T22:24:54.028Z","level":"WARN","msg":"GET /.well-known/appspecific/com.chrome.devtools.json → 404","duration":"1ms"}
{"ts":"2026-05-30T22:25:56.478Z","level":"INFO","msg":"GET / → 304","duration":"1ms"}
{"ts":"2026-05-30T22:25:56.489Z","level":"WARN","msg":"404 Not Found: GET /.well-known/appspecific/com.chrome.devtools.json"}
{"ts":"2026-05-30T22:25:56.490Z","level":"WARN","msg":"GET /.well-known/appspecific/com.chrome.devtools.json → 404","duration":"2ms"}
{"ts":"2026-05-30T22:25:57.005Z","level":"INFO","msg":"GET / → 304","duration":"0ms"}
{"ts":"2026-05-30T22:25:57.026Z","level":"WARN","msg":"404 Not Found: GET /.well-known/appspecific/com.chrome.devtools.json"}
{"ts":"2026-05-30T22:25:57.027Z","level":"WARN","msg":"GET /.well-known/appspecific/com.chrome.devtools.json → 404","duration":"1ms"}
{"ts":"2026-05-30T22:25:57.441Z","level":"INFO","msg":"GET / → 304","duration":"1ms"}
{"ts":"2026-05-30T22:25:57.453Z","level":"WARN","msg":"404 Not Found: GET /.well-known/appspecific/com.chrome.devtools.json"}
{"ts":"2026-05-30T22:25:57.454Z","level":"WARN","msg":"GET /.well-known/appspecific/com.chrome.devtools.json → 404","duration":"1ms"}
{"ts":"2026-05-30T22:27:41.468Z","level":"INFO","msg":"GET / → 304","duration":"2ms"}
{"ts":"2026-05-30T22:27:41.480Z","level":"WARN","msg":"404 Not Found: GET /.well-known/appspecific/com.chrome.devtools.json"}
{"ts":"2026-05-30T22:27:41.481Z","level":"WARN","msg":"GET /.well-known/appspecific/com.chrome.devtools.json → 404","duration":"1ms"}
{"ts":"2026-05-30T22:27:42.073Z","level":"INFO","msg":"GET / → 304","duration":"1ms"}
{"ts":"2026-05-30T22:27:42.088Z","level":"WARN","msg":"404 Not Found: GET /.well-known/appspecific/com.chrome.devtools.json"}
{"ts":"2026-05-30T22:27:42.090Z","level":"WARN","msg":"GET /.well-known/appspecific/com.chrome.devtools.json → 404","duration":"2ms"}
{"ts":"2026-05-30T22:27:43.286Z","level":"INFO","msg":"GET / → 304","duration":"1ms"}
{"ts":"2026-05-30T22:27:43.312Z","level":"WARN","msg":"404 Not Found: GET /.well-known/appspecific/com.chrome.devtools.json"}
{"ts":"2026-05-30T22:27:43.313Z","level":"WARN","msg":"GET /.well-known/appspecific/com.chrome.devtools.json → 404","duration":"2ms"}
{"ts":"2026-05-30T22:29:49.792Z","level":"INFO","msg":"GET / → 304","duration":"1ms"}
{"ts":"2026-05-30T22:29:49.807Z","level":"WARN","msg":"404 Not Found: GET /.well-known/appspecific/com.chrome.devtools.json"}
{"ts":"2026-05-30T22:29:49.807Z","level":"WARN","msg":"GET /.well-known/appspecific/com.chrome.devtools.json → 404","duration":"1ms"}
{"ts":"2026-05-30T22:29:50.454Z","level":"INFO","msg":"GET / → 304","duration":"1ms"}
{"ts":"2026-05-30T22:29:50.469Z","level":"WARN","msg":"404 Not Found: GET /.well-known/appspecific/com.chrome.devtools.json"}
{"ts":"2026-05-30T22:29:50.470Z","level":"WARN","msg":"GET /.well-known/appspecific/com.chrome.devtools.json → 404","duration":"1ms"}
{"ts":"2026-05-30T22:32:45.818Z","level":"INFO","msg":"GET /api/health → 200","duration":"5ms"}
{"ts":"2026-05-30T22:32:45.834Z","level":"INFO","msg":"GET / → 200","duration":"3ms"}
{"ts":"2026-05-30T22:33:28.405Z","level":"INFO","msg":"GET / → 200","duration":"2ms"}
{"ts":"2026-05-30T22:33:28.417Z","level":"INFO","msg":"GET /assets/index-CqYF5NVQ.css → 200","duration":"2ms"}
{"ts":"2026-05-30T22:33:28.419Z","level":"INFO","msg":"GET /assets/index-DkEpjC6e.js → 200","duration":"5ms"}
{"ts":"2026-05-30T22:35:28.297Z","level":"INFO","msg":"GET /api/health → 200","duration":"11ms"}
{"ts":"2026-05-30T22:35:28.331Z","level":"INFO","msg":"GET / → 200","duration":"6ms"}
{"ts":"2026-05-30T22:36:13.847Z","level":"INFO","msg":"GET / → 200","duration":"6ms"}
{"ts":"2026-05-30T22:36:13.897Z","level":"INFO","msg":"GET /assets/index-2w8Z5YLC.js → 200","duration":"11ms"}
{"ts":"2026-05-30T22:36:25.464Z","level":"INFO","msg":"GET / → 304","duration":"1ms"}
{"ts":"2026-05-30T22:36:28.033Z","level":"INFO","msg":"GET / → 304","duration":"1ms"}
{"ts":"2026-05-30T22:36:28.823Z","level":"INFO","msg":"GET / → 304","duration":"1ms"}
{"ts":"2026-05-30T22:38:22.894Z","level":"INFO","msg":"GET / → 304","duration":"0ms"}
{"ts":"2026-05-30T22:38:59.535Z","level":"INFO","msg":"GET / → 304","duration":"2ms"}
{"ts":"2026-05-30T22:39:00.141Z","level":"INFO","msg":"GET / → 304","duration":"2ms"}
{"ts":"2026-05-30T22:39:29.306Z","level":"INFO","msg":"GET /api/health → 200","duration":"5ms"}
{"ts":"2026-05-30T22:39:29.317Z","level":"INFO","msg":"GET / → 200","duration":"2ms"}
{"ts":"2026-05-30T22:40:21.524Z","level":"INFO","msg":"GET / → 200","duration":"2ms"}
{"ts":"2026-05-30T22:40:21.535Z","level":"INFO","msg":"GET /assets/index-PkmFeEwC.js → 200","duration":"4ms"}
{"ts":"2026-05-30T22:40:22.312Z","level":"INFO","msg":"GET / → 304","duration":"0ms"}
{"ts":"2026-05-30T22:40:38.968Z","level":"WARN","msg":"404 Not Found: GET /.well-known/appspecific/com.chrome.devtools.json"}
{"ts":"2026-05-30T22:40:38.969Z","level":"WARN","msg":"GET /.well-known/appspecific/com.chrome.devtools.json → 404","duration":"2ms"}
{"ts":"2026-05-30T22:41:41.867Z","level":"INFO","msg":"GET / → 304","duration":"0ms"}
{"ts":"2026-05-30T22:41:41.882Z","level":"WARN","msg":"404 Not Found: GET /.well-known/appspecific/com.chrome.devtools.json"}
{"ts":"2026-05-30T22:41:41.883Z","level":"WARN","msg":"GET /.well-known/appspecific/com.chrome.devtools.json → 404","duration":"2ms"}
{"ts":"2026-05-30T22:43:41.833Z","level":"INFO","msg":"GET / → 304","duration":"3ms"}
{"ts":"2026-05-30T22:43:47.246Z","level":"INFO","msg":"GET / → 304","duration":"1ms"}
{"ts":"2026-05-30T22:43:47.975Z","level":"INFO","msg":"GET / → 304","duration":"1ms"}
{"ts":"2026-05-30T22:43:48.577Z","level":"INFO","msg":"GET / → 304","duration":"1ms"}
{"ts":"2026-05-30T22:43:49.058Z","level":"INFO","msg":"GET / → 304","duration":"1ms"}
{"ts":"2026-05-30T22:44:20.249Z","level":"INFO","msg":"GET /api/health → 200","duration":"8ms"}
{"ts":"2026-05-30T22:44:20.263Z","level":"INFO","msg":"GET / → 200","duration":"4ms"}
{"ts":"2026-05-30T22:44:27.878Z","level":"INFO","msg":"GET / → 200","duration":"3ms"}
{"ts":"2026-05-30T22:44:27.888Z","level":"INFO","msg":"GET /assets/index-BfOOc_7x.js → 200","duration":"4ms"}
{"ts":"2026-05-30T22:46:42.968Z","level":"INFO","msg":"GET / → 304","duration":"1ms"}
{"ts":"2026-05-30T22:46:43.696Z","level":"INFO","msg":"GET / → 304","duration":"1ms"}
{"ts":"2026-05-30T22:47:46.949Z","level":"INFO","msg":"GET /api/health → 200","duration":"3ms"}
{"ts":"2026-05-30T22:47:46.956Z","level":"INFO","msg":"GET / → 200","duration":"1ms"}
{"ts":"2026-05-30T22:47:48.020Z","level":"INFO","msg":"GET / → 200","duration":"1ms"}
{"ts":"2026-05-30T22:47:48.029Z","level":"INFO","msg":"GET /assets/index-C1l3UHu4.js → 200","duration":"3ms"}
{"ts":"2026-05-30T22:48:33.758Z","level":"INFO","msg":"GET / → 304","duration":"1ms"}
{"ts":"2026-05-30T22:48:38.681Z","level":"INFO","msg":"GET / → 304","duration":"0ms"}
{"ts":"2026-05-30T22:48:42.680Z","level":"WARN","msg":"404 Not Found: GET /.well-known/appspecific/com.chrome.devtools.json"}
{"ts":"2026-05-30T22:48:42.681Z","level":"WARN","msg":"GET /.well-known/appspecific/com.chrome.devtools.json → 404","duration":"2ms"}
{"ts":"2026-05-30T22:48:54.698Z","level":"INFO","msg":"GET / → 304","duration":"1ms"}
{"ts":"2026-05-30T22:48:54.721Z","level":"WARN","msg":"404 Not Found: GET /.well-known/appspecific/com.chrome.devtools.json"}
{"ts":"2026-05-30T22:48:54.723Z","level":"WARN","msg":"GET /.well-known/appspecific/com.chrome.devtools.json → 404","duration":"4ms"}
{"ts":"2026-05-30T22:57:08.325Z","level":"INFO","msg":"GET / → 304","duration":"2ms"}
{"ts":"2026-05-30T22:57:08.341Z","level":"WARN","msg":"404 Not Found: GET /.well-known/appspecific/com.chrome.devtools.json"}
{"ts":"2026-05-30T22:57:08.342Z","level":"WARN","msg":"GET /.well-known/appspecific/com.chrome.devtools.json → 404","duration":"2ms"}
{"ts":"2026-05-30T22:57:08.986Z","level":"INFO","msg":"GET / → 304","duration":"1ms"}
{"ts":"2026-05-30T22:57:08.999Z","level":"WARN","msg":"404 Not Found: GET /.well-known/appspecific/com.chrome.devtools.json"}
{"ts":"2026-05-30T22:57:09.000Z","level":"WARN","msg":"GET /.well-known/appspecific/com.chrome.devtools.json → 404","duration":"1ms"}
{"ts":"2026-05-30T22:57:25.148Z","level":"INFO","msg":"GET / → 304","duration":"2ms"}
{"ts":"2026-05-30T22:57:25.160Z","level":"WARN","msg":"404 Not Found: GET /.well-known/appspecific/com.chrome.devtools.json"}
{"ts":"2026-05-30T22:57:25.161Z","level":"WARN","msg":"GET /.well-known/appspecific/com.chrome.devtools.json → 404","duration":"2ms"}
{"ts":"2026-05-30T22:57:25.650Z","level":"INFO","msg":"GET / → 304","duration":"4ms"}
{"ts":"2026-05-30T22:57:25.661Z","level":"WARN","msg":"404 Not Found: GET /.well-known/appspecific/com.chrome.devtools.json"}
{"ts":"2026-05-30T22:57:25.662Z","level":"WARN","msg":"GET /.well-known/appspecific/com.chrome.devtools.json → 404","duration":"1ms"}
{"ts":"2026-05-30T22:58:34.823Z","level":"INFO","msg":"GET / → 304","duration":"0ms"}
{"ts":"2026-05-30T22:58:34.834Z","level":"WARN","msg":"404 Not Found: GET /.well-known/appspecific/com.chrome.devtools.json"}
{"ts":"2026-05-30T22:58:34.835Z","level":"WARN","msg":"GET /.well-known/appspecific/com.chrome.devtools.json → 404","duration":"1ms"}
{"ts":"2026-05-30T22:58:35.524Z","level":"INFO","msg":"GET / → 304","duration":"1ms"}
{"ts":"2026-05-30T22:58:35.532Z","level":"WARN","msg":"404 Not Found: GET /.well-known/appspecific/com.chrome.devtools.json"}
{"ts":"2026-05-30T22:58:35.533Z","level":"WARN","msg":"GET /.well-known/appspecific/com.chrome.devtools.json → 404","duration":"1ms"}
{"ts":"2026-05-30T22:59:54.467Z","level":"INFO","msg":"GET / → 304","duration":"1ms"}
{"ts":"2026-05-30T22:59:54.474Z","level":"WARN","msg":"404 Not Found: GET /.well-known/appspecific/com.chrome.devtools.json"}
{"ts":"2026-05-30T22:59:54.475Z","level":"WARN","msg":"GET /.well-known/appspecific/com.chrome.devtools.json → 404","duration":"1ms"}
{"ts":"2026-05-30T22:59:54.994Z","level":"INFO","msg":"GET / → 304","duration":"0ms"}
{"ts":"2026-05-30T22:59:55.002Z","level":"WARN","msg":"404 Not Found: GET /.well-known/appspecific/com.chrome.devtools.json"}
{"ts":"2026-05-30T22:59:55.003Z","level":"WARN","msg":"GET /.well-known/appspecific/com.chrome.devtools.json → 404","duration":"1ms"}
{"ts":"2026-05-30T22:59:55.699Z","level":"INFO","msg":"GET / → 304","duration":"1ms"}
{"ts":"2026-05-30T22:59:55.710Z","level":"WARN","msg":"404 Not Found: GET /.well-known/appspecific/com.chrome.devtools.json"}
{"ts":"2026-05-30T22:59:55.710Z","level":"WARN","msg":"GET /.well-known/appspecific/com.chrome.devtools.json → 404","duration":"1ms"}
{"ts":"2026-05-30T23:00:39.584Z","level":"INFO","msg":"GET / → 304","duration":"1ms"}
{"ts":"2026-05-30T23:00:39.593Z","level":"WARN","msg":"404 Not Found: GET /.well-known/appspecific/com.chrome.devtools.json"}
{"ts":"2026-05-30T23:00:39.593Z","level":"WARN","msg":"GET /.well-known/appspecific/com.chrome.devtools.json → 404","duration":"1ms"}
{"ts":"2026-05-30T23:00:40.193Z","level":"INFO","msg":"GET / → 304","duration":"0ms"}
{"ts":"2026-05-30T23:00:40.203Z","level":"WARN","msg":"404 Not Found: GET /.well-known/appspecific/com.chrome.devtools.json"}
{"ts":"2026-05-30T23:00:40.204Z","level":"WARN","msg":"GET /.well-known/appspecific/com.chrome.devtools.json → 404","duration":"1ms"}
{"ts":"2026-05-30T23:01:05.126Z","level":"INFO","msg":"GET / → 200","duration":"2ms"}
{"ts":"2026-05-30T23:01:05.136Z","level":"WARN","msg":"404 Not Found: GET /.well-known/appspecific/com.chrome.devtools.json"}
{"ts":"2026-05-30T23:01:05.136Z","level":"WARN","msg":"GET /.well-known/appspecific/com.chrome.devtools.json → 404","duration":"1ms"}
{"ts":"2026-05-30T23:01:05.142Z","level":"INFO","msg":"GET /assets/index-DLmBni9w.js → 200","duration":"2ms"}
{"ts":"2026-05-30T23:01:17.174Z","level":"INFO","msg":"GET /api/health → 200","duration":"3ms"}
{"ts":"2026-05-30T23:01:17.182Z","level":"INFO","msg":"GET / → 200","duration":"1ms"}
{"ts":"2026-05-30T23:01:40.134Z","level":"WARN","msg":"404 Not Found: GET /.well-known/appspecific/com.chrome.devtools.json"}
{"ts":"2026-05-30T23:01:40.135Z","level":"WARN","msg":"GET /.well-known/appspecific/com.chrome.devtools.json → 404","duration":"2ms"}
{"ts":"2026-05-30T23:02:53.149Z","level":"INFO","msg":"GET / → 304","duration":"2ms"}
{"ts":"2026-05-30T23:02:53.162Z","level":"WARN","msg":"404 Not Found: GET /.well-known/appspecific/com.chrome.devtools.json"}
{"ts":"2026-05-30T23:02:53.163Z","level":"WARN","msg":"GET /.well-known/appspecific/com.chrome.devtools.json → 404","duration":"3ms"}
{"ts":"2026-05-30T23:04:44.180Z","level":"INFO","msg":"GET / → 304","duration":"1ms"}
{"ts":"2026-05-30T23:07:21.854Z","level":"INFO","msg":"GET /api/health → 200","duration":"2ms"}
{"ts":"2026-05-30T23:07:21.863Z","level":"INFO","msg":"GET / → 200","duration":"1ms"}
{"ts":"2026-05-30T23:07:39.302Z","level":"INFO","msg":"GET / → 200","duration":"2ms"}
{"ts":"2026-05-30T23:07:39.314Z","level":"INFO","msg":"GET /assets/index-CnPAKZme.js → 200","duration":"4ms"}
{"ts":"2026-05-30T23:09:20.865Z","level":"INFO","msg":"GET / → 304","duration":"1ms"}
{"ts":"2026-05-30T23:09:22.687Z","level":"INFO","msg":"GET / → 304","duration":"1ms"}
{"ts":"2026-05-30T23:09:23.421Z","level":"INFO","msg":"GET / → 304","duration":"2ms"}
{"ts":"2026-05-30T23:09:23.996Z","level":"INFO","msg":"GET / → 304","duration":"0ms"}
{"ts":"2026-05-30T23:09:33.797Z","level":"INFO","msg":"GET / → 304","duration":"2ms"}
{"ts":"2026-05-30T23:09:34.452Z","level":"INFO","msg":"GET / → 304","duration":"1ms"}
{"ts":"2026-05-30T23:10:08.208Z","level":"INFO","msg":"GET / → 304","duration":"0ms"}
{"ts":"2026-05-30T23:10:08.831Z","level":"INFO","msg":"GET / → 304","duration":"1ms"}
{"ts":"2026-05-30T23:10:41.214Z","level":"INFO","msg":"GET /api/health → 200","duration":"3ms"}
{"ts":"2026-05-30T23:10:41.224Z","level":"INFO","msg":"GET / → 200","duration":"2ms"}
{"ts":"2026-05-30T23:11:03.844Z","level":"INFO","msg":"GET / → 200","duration":"2ms"}
{"ts":"2026-05-30T23:11:03.855Z","level":"INFO","msg":"GET /assets/index-BRZuZlQF.js → 200","duration":"3ms"}
{"ts":"2026-05-30T23:12:46.096Z","level":"INFO","msg":"GET /api/health → 200","duration":"3ms"}
{"ts":"2026-05-30T23:12:46.106Z","level":"INFO","msg":"GET / → 200","duration":"2ms"}
{"ts":"2026-05-30T23:12:51.218Z","level":"INFO","msg":"GET / → 200","duration":"2ms"}
{"ts":"2026-05-30T23:12:51.233Z","level":"INFO","msg":"GET /assets/index-CD_YoplL.js → 200","duration":"5ms"}
{"ts":"2026-05-30T23:15:32.698Z","level":"INFO","msg":"GET / → 200","duration":"10ms"}
{"ts":"2026-05-30T23:15:32.716Z","level":"INFO","msg":"GET /assets/index-D_I4ooYz.js → 200","duration":"4ms"}
{"ts":"2026-05-30T23:15:35.129Z","level":"INFO","msg":"GET / → 304","duration":"1ms"}
{"ts":"2026-05-30T23:15:35.265Z","level":"INFO","msg":"GET /api/health → 200","duration":"1ms"}
{"ts":"2026-05-30T23:15:35.274Z","level":"INFO","msg":"GET / → 200","duration":"0ms"}
{"ts":"2026-05-30T23:15:58.662Z","level":"WARN","msg":"404 Not Found: GET /.well-known/appspecific/com.chrome.devtools.json"}
{"ts":"2026-05-30T23:15:58.663Z","level":"WARN","msg":"GET /.well-known/appspecific/com.chrome.devtools.json → 404","duration":"2ms"}
{"ts":"2026-05-30T23:16:27.015Z","level":"INFO","msg":"GET / → 304","duration":"1ms"}
{"ts":"2026-05-30T23:18:19.773Z","level":"INFO","msg":"GET /api/health → 200","duration":"4ms"}
{"ts":"2026-05-30T23:18:19.783Z","level":"INFO","msg":"GET / → 200","duration":"2ms"}
{"ts":"2026-05-30T23:19:20.423Z","level":"INFO","msg":"GET / → 200","duration":"2ms"}
{"ts":"2026-05-30T23:19:20.435Z","level":"INFO","msg":"GET /assets/index-V9MyN--j.js → 200","duration":"3ms"}
{"ts":"2026-05-30T23:19:21.378Z","level":"INFO","msg":"GET / → 304","duration":"1ms"}
{"ts":"2026-05-30T23:19:26.144Z","level":"WARN","msg":"404 Not Found: GET /.well-known/appspecific/com.chrome.devtools.json"}
{"ts":"2026-05-30T23:19:26.146Z","level":"WARN","msg":"GET /.well-known/appspecific/com.chrome.devtools.json → 404","duration":"3ms"}
{"ts":"2026-05-30T23:21:39.073Z","level":"INFO","msg":"GET / → 304","duration":"1ms"}
{"ts":"2026-05-30T23:21:39.087Z","level":"WARN","msg":"404 Not Found: GET /.well-known/appspecific/com.chrome.devtools.json"}
{"ts":"2026-05-30T23:21:39.088Z","level":"WARN","msg":"GET /.well-known/appspecific/com.chrome.devtools.json → 404","duration":"2ms"}
{"ts":"2026-05-30T23:23:57.550Z","level":"INFO","msg":"GET /api/health → 200","duration":"5ms"}
{"ts":"2026-05-30T23:23:57.565Z","level":"INFO","msg":"GET / → 200","duration":"3ms"}
{"ts":"2026-05-30T23:25:21.008Z","level":"INFO","msg":"GET / → 200","duration":"2ms"}
{"ts":"2026-05-30T23:25:21.020Z","level":"INFO","msg":"GET /assets/index-7W_zAyj4.js → 200","duration":"4ms"}
{"ts":"2026-05-30T23:27:28.955Z","level":"INFO","msg":"GET /api/health → 200","duration":"3ms"}
{"ts":"2026-05-30T23:27:28.963Z","level":"INFO","msg":"GET / → 200","duration":"1ms"}
{"ts":"2026-05-30T23:28:48.355Z","level":"INFO","msg":"GET / → 200","duration":"2ms"}
{"ts":"2026-05-30T23:28:48.365Z","level":"INFO","msg":"GET /assets/index-RhA95Rfx.js → 200","duration":"3ms"}
{"ts":"2026-05-30T23:28:55.537Z","level":"INFO","msg":"GET / → 304","duration":"1ms"}
{"ts":"2026-05-30T23:30:03.496Z","level":"INFO","msg":"GET /api/health → 200","duration":"5ms"}
{"ts":"2026-05-30T23:30:03.507Z","level":"INFO","msg":"GET / → 200","duration":"2ms"}
{"ts":"2026-05-30T23:30:33.795Z","level":"INFO","msg":"GET / → 200","duration":"2ms"}
{"ts":"2026-05-30T23:30:33.804Z","level":"INFO","msg":"GET /assets/index-jSgdzm1E.js → 200","duration":"2ms"}
{"ts":"2026-05-30T23:31:25.749Z","level":"INFO","msg":"GET /api/health → 200","duration":"6ms"}
{"ts":"2026-05-30T23:31:25.758Z","level":"INFO","msg":"GET / → 200","duration":"1ms"}
{"ts":"2026-05-30T23:32:13.382Z","level":"INFO","msg":"GET / → 200","duration":"2ms"}
{"ts":"2026-05-30T23:32:13.392Z","level":"INFO","msg":"GET /assets/index-CLG0fAZm.js → 200","duration":"3ms"}
{"ts":"2026-05-30T23:33:27.183Z","level":"INFO","msg":"GET /api/health → 200","duration":"4ms"}
{"ts":"2026-05-30T23:33:27.193Z","level":"INFO","msg":"GET / → 200","duration":"2ms"}
{"ts":"2026-05-30T23:33:51.264Z","level":"INFO","msg":"GET / → 200","duration":"2ms"}
{"ts":"2026-05-30T23:33:51.274Z","level":"INFO","msg":"GET /assets/index-CqYF5NVQ.css → 200","duration":"2ms"}
{"ts":"2026-05-30T23:33:51.277Z","level":"INFO","msg":"GET /assets/index-CMiHHacS.js → 200","duration":"6ms"}
{"ts":"2026-05-30T23:34:31.854Z","level":"INFO","msg":"GET / → 304","duration":"2ms"}
{"ts":"2026-05-30T23:34:32.490Z","level":"INFO","msg":"GET / → 304","duration":"1ms"}
{"ts":"2026-05-30T23:34:38.150Z","level":"INFO","msg":"GET / → 200","duration":"3ms"}
{"ts":"2026-05-30T23:34:55.503Z","level":"INFO","msg":"GET / → 200","duration":"2ms"}
{"ts":"2026-05-30T23:34:55.514Z","level":"INFO","msg":"GET /assets/index-1fHvnwFv.js → 200","duration":"2ms"}
{"ts":"2026-05-30T23:35:25.514Z","level":"INFO","msg":"GET / → 304","duration":"4ms"}
{"ts":"2026-05-30T23:44:47.130Z","level":"INFO","msg":"GET /api/health → 200","duration":"3ms"}
{"ts":"2026-05-30T23:47:50.591Z","level":"INFO","msg":"GET /api/health → 200","duration":"3ms"}
{"ts":"2026-05-30T23:51:32.619Z","level":"INFO","msg":"GET / → 200","duration":"8ms"}
{"ts":"2026-05-30T23:51:32.630Z","level":"INFO","msg":"GET /assets/index-3KqJaftp.js → 200","duration":"2ms"}
{"ts":"2026-05-30T23:51:43.108Z","level":"INFO","msg":"GET / → 304","duration":"2ms"}
{"ts":"2026-05-30T23:51:43.705Z","level":"INFO","msg":"GET / → 304","duration":"1ms"}
{"ts":"2026-06-01T22:11:39.658Z","level":"INFO","msg":"GET / → 304","duration":"4ms"}
{"ts":"2026-06-01T22:11:39.697Z","level":"INFO","msg":"GET /assets/index-3KqJaftp.js → 304","duration":"1ms"}
{"ts":"2026-06-01T22:11:39.700Z","level":"INFO","msg":"GET /assets/index-CqYF5NVQ.css → 200","duration":"4ms"}
{"ts":"2026-06-02T00:43:09.954Z","level":"INFO","msg":"GET / → 304","duration":"3ms"}
{"ts":"2026-06-02T00:43:09.964Z","level":"INFO","msg":"GET /assets/index-3KqJaftp.js → 304","duration":"1ms"}
{"ts":"2026-06-02T00:43:09.965Z","level":"INFO","msg":"GET /assets/index-CqYF5NVQ.css → 304","duration":"2ms"}
{"ts":"2026-06-02T00:43:27.263Z","level":"INFO","msg":"GET / → 304","duration":"1ms"}
{"ts":"2026-06-02T00:43:32.499Z","level":"INFO","msg":"GET / → 304","duration":"2ms"}
{"ts":"2026-06-02T00:54:57.398Z","level":"INFO","msg":"GET / → 304","duration":"2ms"}
{"ts":"2026-06-02T01:07:47.241Z","level":"INFO","msg":"GET / → 304","duration":"1ms"}
{"ts":"2026-06-02T06:44:27.598Z","level":"INFO","msg":"HEAD /api/health → 200","duration":"3ms"}
{"ts":"2026-06-02T06:44:33.548Z","level":"INFO","msg":"GET /api/health → 200","duration":"1ms"}
{"ts":"2026-06-02T06:44:33.557Z","level":"INFO","msg":"GET / → 200","duration":"3ms"}
{"ts":"2026-06-02T06:44:36.096Z","level":"INFO","msg":"GET /api/health → 200","duration":"1ms"}
{"ts":"2026-06-02T06:44:43.640Z","level":"WARN","msg":"404 Not Found: GET /api/dashboard"}
{"ts":"2026-06-02T06:44:43.642Z","level":"WARN","msg":"GET /api/dashboard → 404","duration":"3ms"}
{"ts":"2026-06-02T06:44:43.658Z","level":"INFO","msg":"GET /api/roadmaps → 200","duration":"10ms"}
{"ts":"2026-06-02T06:44:43.664Z","level":"INFO","msg":"GET /api/sessions → 200","duration":"1ms"}
{"ts":"2026-06-02T06:44:43.672Z","level":"INFO","msg":"GET /api/assignments → 200","duration":"1ms"}
{"ts":"2026-06-02T06:44:44.187Z","level":"INFO","msg":"GET /api/courses → 200","duration":"2ms"}
{"ts":"2026-06-02T06:46:57.116Z","level":"INFO","msg":"GET / → 304","duration":"3ms"}
{"ts":"2026-06-02T06:46:57.129Z","level":"INFO","msg":"GET /assets/index-CqYF5NVQ.css → 304","duration":"0ms"}
{"ts":"2026-06-02T06:46:57.130Z","level":"INFO","msg":"GET /assets/index-3KqJaftp.js → 304","duration":"1ms"}
{"ts":"2026-06-02T06:55:04.352Z","level":"INFO","msg":"GET / → 304","duration":"1ms"}
{"ts":"2026-06-02T06:55:13.669Z","level":"INFO","msg":"GET / → 304","duration":"2ms"}
{"ts":"2026-06-02T07:00:53.477Z","level":"INFO","msg":"GET /api/sessions → 200","duration":"8ms"}
{"ts":"2026-06-02T07:07:28.435Z","level":"INFO","msg":"GET / → 304","duration":"0ms"}
{"ts":"2026-06-02T12:06:25.620Z","level":"INFO","msg":"GET /_next/webpack-hmr?id=AbtVfX4xvSfV8xXPhYUag → 200","duration":"10ms"}
{"ts":"2026-06-02T12:06:30.283Z","level":"INFO","msg":"GET / → 200","duration":"3ms"}
{"ts":"2026-06-02T12:06:30.303Z","level":"INFO","msg":"GET /assets/index-CqYF5NVQ.css → 200","duration":"2ms"}
{"ts":"2026-06-02T12:06:30.305Z","level":"INFO","msg":"GET /assets/index-3KqJaftp.js → 200","duration":"3ms"}
{"ts":"2026-06-02T12:29:18.381Z","level":"INFO","msg":"GET / → 304","duration":"2ms"}
{"ts":"2026-06-02T15:26:08.086Z","level":"INFO","msg":"GET / → 200","duration":"8ms"}
{"ts":"2026-06-02T15:26:08.141Z","level":"INFO","msg":"GET /assets/index-CqYF5NVQ.css → 200","duration":"4ms"}
{"ts":"2026-06-02T15:26:08.143Z","level":"INFO","msg":"GET /assets/index-3KqJaftp.js → 200","duration":"4ms"}
{"ts":"2026-06-02T15:26:21.572Z","level":"INFO","msg":"GET /roadmaps → 200","duration":"5ms"}
{"ts":"2026-06-02T21:52:49.262Z","level":"INFO","msg":"GET /api/health → 200","duration":"2ms"}
{"ts":"2026-06-02T21:52:49.322Z","level":"WARN","msg":"404 Not Found: POST /api/auth/login"}
{"ts":"2026-06-02T21:52:49.323Z","level":"WARN","msg":"POST /api/auth/login → 404","duration":"1ms"}
{"ts":"2026-06-02T21:53:22.360Z","level":"WARN","msg":"404 Not Found: GET /api/auth/login"}
{"ts":"2026-06-02T21:53:22.361Z","level":"WARN","msg":"GET /api/auth/login → 404","duration":"1ms"}
{"ts":"2026-06-02T21:53:26.818Z","level":"WARN","msg":"404 Not Found: POST /api/auth/login"}
{"ts":"2026-06-02T21:53:26.818Z","level":"WARN","msg":"POST /api/auth/login → 404","duration":"0ms"}
{"ts":"2026-06-02T21:54:03.779Z","level":"INFO","msg":"POST /api/auth/login → 200","duration":"63ms"}
{"ts":"2026-06-02T21:54:12.405Z","level":"INFO","msg":"POST /api/auth/login → 200","duration":"56ms"}
{"ts":"2026-06-02T21:54:12.415Z","level":"INFO","msg":"GET /api/stats → 200","duration":"2ms"}
{"ts":"2026-06-02T21:54:12.501Z","level":"INFO","msg":"POST /api/auth/register → 201","duration":"57ms"}
{"ts":"2026-06-02T21:54:12.510Z","level":"WARN","msg":"GET /api/stats → 401","duration":"0ms"}
{"ts":"2026-06-02T21:55:03.101Z","level":"INFO","msg":"GET /api/health → 200","duration":"4ms"}
{"ts":"2026-06-02T21:56:18.947Z","level":"INFO","msg":"POST /api/auth/login → 200","duration":"66ms"}
{"ts":"2026-06-02T21:56:19.013Z","level":"INFO","msg":"POST /api/auth/login → 200","duration":"57ms"}
{"ts":"2026-06-02T21:56:19.023Z","level":"INFO","msg":"GET /api/roadmaps → 200","duration":"1ms"}
{"ts":"2026-06-02T21:56:19.101Z","level":"WARN","msg":"POST /api/auth/login → 401","duration":"56ms"}
{"ts":"2026-06-02T21:56:19.167Z","level":"INFO","msg":"POST /api/auth/register → 201","duration":"58ms"}
{"ts":"2026-06-02T21:56:19.177Z","level":"INFO","msg":"GET / → 200","duration":"2ms"}
{"ts":"2026-06-02T22:13:53.382Z","level":"INFO","msg":"GET / → 200","duration":"3ms"}
{"ts":"2026-06-02T22:13:53.410Z","level":"INFO","msg":"GET /assets/index-Cr-x2-iG.css → 200","duration":"1ms"}
{"ts":"2026-06-02T22:13:53.413Z","level":"INFO","msg":"GET /assets/index-DrW4GL2w.js → 200","duration":"5ms"}
{"ts":"2026-06-02T22:13:54.379Z","level":"INFO","msg":"GET / → 304","duration":"1ms"}
{"ts":"2026-06-02T22:15:13.653Z","level":"INFO","msg":"GET /api/health → 200","duration":"3ms"}
{"ts":"2026-06-02T22:15:42.106Z","level":"INFO","msg":"POST /api/auth/login → 200","duration":"62ms"}
{"ts":"2026-06-02T22:15:42.116Z","level":"INFO","msg":"GET /api/auth/me → 200","duration":"2ms"}
{"ts":"2026-06-02T22:15:42.136Z","level":"WARN","msg":"GET /api/auth/me → 401","duration":"1ms"}
{"ts":"2026-06-02T22:15:52.956Z","level":"INFO","msg":"GET / → 200","duration":"4ms"}
{"ts":"2026-06-02T22:15:52.964Z","level":"INFO","msg":"GET /assets/index-QVmaJyY1.js → 200","duration":"3ms"}
{"ts":"2026-06-02T22:16:08.811Z","level":"WARN","msg":"POST /api/auth/login → 401","duration":"56ms"}
{"ts":"2026-06-02T22:16:09.773Z","level":"INFO","msg":"POST /api/auth/login → 200","duration":"56ms"}
{"ts":"2026-06-02T22:16:25.654Z","level":"INFO","msg":"GET /dashboard → 200","duration":"2ms"}
{"ts":"2026-06-02T22:16:25.667Z","level":"INFO","msg":"GET /api/auth/me → 200","duration":"1ms"}
{"ts":"2026-06-02T22:19:13.997Z","level":"INFO","msg":"GET /dashboard → 304","duration":"2ms"}
{"ts":"2026-06-02T22:19:14.013Z","level":"INFO","msg":"GET /api/auth/me → 304","duration":"0ms"}
{"ts":"2026-06-02T22:29:20.141Z","level":"INFO","msg":"GET /dashboard → 304","duration":"1ms"}
{"ts":"2026-06-02T22:29:20.159Z","level":"INFO","msg":"GET /api/auth/me → 304","duration":"1ms"}
{"ts":"2026-06-02T22:29:27.575Z","level":"INFO","msg":"POST /api/auth/logout → 200","duration":"2ms"}
{"ts":"2026-06-02T22:29:30.436Z","level":"INFO","msg":"GET /dashboard → 304","duration":"1ms"}
{"ts":"2026-06-02T22:42:48.883Z","level":"INFO","msg":"GET /api/health → 200","duration":"3ms"}
{"ts":"2026-06-02T22:43:17.189Z","level":"INFO","msg":"POST /api/auth/login → 200","duration":"61ms"}
{"ts":"2026-06-02T22:43:17.199Z","level":"INFO","msg":"GET /api/stats → 200","duration":"2ms"}
{"ts":"2026-06-02T22:43:17.218Z","level":"INFO","msg":"GET /api/roadmaps → 200","duration":"0ms"}
{"ts":"2026-06-02T22:43:17.237Z","level":"INFO","msg":"GET /api/activity → 200","duration":"1ms"}
{"ts":"2026-06-02T22:43:17.256Z","level":"INFO","msg":"GET /api/assignments → 200","duration":"0ms"}
{"ts":"2026-06-02T22:43:17.276Z","level":"INFO","msg":"GET /api/flashcards/due → 200","duration":"1ms"}
{"ts":"2026-06-02T22:43:17.297Z","level":"INFO","msg":"GET /api/users/starred → 200","duration":"1ms"}
{"ts":"2026-06-02T22:43:17.317Z","level":"INFO","msg":"GET /api/courses → 200","duration":"1ms"}
{"ts":"2026-06-02T23:22:05.429Z","level":"INFO","msg":"GET / → 200","duration":"67ms"}
{"ts":"2026-06-02T23:22:05.444Z","level":"INFO","msg":"GET /assets/index-Cr-x2-iG.css → 200","duration":"2ms"}
{"ts":"2026-06-02T23:22:05.444Z","level":"INFO","msg":"GET /assets/index-RVFT4rWD.js → 200","duration":"4ms"}
{"ts":"2026-06-02T23:22:33.850Z","level":"INFO","msg":"POST /api/auth/login → 200","duration":"66ms"}
{"ts":"2026-06-02T23:22:33.891Z","level":"INFO","msg":"GET /api/roadmaps → 200","duration":"1ms"}
{"ts":"2026-06-02T23:22:33.893Z","level":"INFO","msg":"GET /api/sessions → 200","duration":"2ms"}
{"ts":"2026-06-02T23:22:33.896Z","level":"INFO","msg":"GET /api/activity → 200","duration":"2ms"}
{"ts":"2026-06-02T23:22:33.897Z","level":"INFO","msg":"GET /api/stats → 200","duration":"3ms"}
{"ts":"2026-06-02T23:22:39.754Z","level":"INFO","msg":"GET /api/activity → 304","duration":"2ms"}
{"ts":"2026-06-02T23:22:42.651Z","level":"INFO","msg":"GET /api/roadmaps → 304","duration":"2ms"}
{"ts":"2026-06-02T23:22:42.658Z","level":"INFO","msg":"GET /api/roadmaps/rm-ml-engineer → 200","duration":"3ms"}
{"ts":"2026-06-02T23:23:13.647Z","level":"INFO","msg":"GET /dashboard → 200","duration":"3ms"}
{"ts":"2026-06-02T23:23:13.667Z","level":"INFO","msg":"GET /api/auth/me → 304","duration":"4ms"}
{"ts":"2026-06-02T23:23:13.673Z","level":"INFO","msg":"GET /api/roadmaps → 304","duration":"1ms"}
{"ts":"2026-06-02T23:23:13.674Z","level":"INFO","msg":"GET /api/sessions → 304","duration":"2ms"}
{"ts":"2026-06-02T23:23:13.677Z","level":"INFO","msg":"GET /api/activity → 304","duration":"2ms"}
{"ts":"2026-06-02T23:23:13.678Z","level":"INFO","msg":"GET /api/stats → 304","duration":"2ms"}
{"ts":"2026-06-02T23:23:15.318Z","level":"INFO","msg":"GET /api/activity → 304","duration":"1ms"}
{"ts":"2026-06-02T23:23:17.273Z","level":"INFO","msg":"GET /api/courses → 200","duration":"2ms"}
{"ts":"2026-06-02T23:23:17.275Z","level":"INFO","msg":"GET /api/users/starred → 200","duration":"3ms"}
{"ts":"2026-06-02T23:23:18.103Z","level":"INFO","msg":"GET /api/assignments → 200","duration":"1ms"}
{"ts":"2026-06-02T23:23:35.989Z","level":"INFO","msg":"GET /api/courses → 304","duration":"1ms"}
{"ts":"2026-06-02T23:23:35.990Z","level":"INFO","msg":"GET /api/users/starred → 304","duration":"2ms"}
{"ts":"2026-06-02T23:23:38.951Z","level":"INFO","msg":"GET /dashboard → 304","duration":"2ms"}
{"ts":"2026-06-02T23:23:38.969Z","level":"INFO","msg":"GET /api/auth/me → 304","duration":"2ms"}
{"ts":"2026-06-02T23:23:38.974Z","level":"INFO","msg":"GET /api/roadmaps → 304","duration":"0ms"}
{"ts":"2026-06-02T23:23:38.975Z","level":"INFO","msg":"GET /api/sessions → 304","duration":"1ms"}
{"ts":"2026-06-02T23:23:38.976Z","level":"INFO","msg":"GET /api/activity → 304","duration":"0ms"}
{"ts":"2026-06-02T23:23:38.977Z","level":"INFO","msg":"GET /api/stats → 304","duration":"1ms"}
{"ts":"2026-06-02T23:23:41.835Z","level":"INFO","msg":"GET /api/courses → 304","duration":"1ms"}
{"ts":"2026-06-02T23:23:41.835Z","level":"INFO","msg":"GET /api/users/starred → 304","duration":"0ms"}
{"ts":"2026-06-02T23:23:43.482Z","level":"INFO","msg":"GET /dashboard → 304","duration":"0ms"}
{"ts":"2026-06-02T23:23:43.498Z","level":"INFO","msg":"GET /api/auth/me → 304","duration":"0ms"}
{"ts":"2026-06-02T23:23:43.503Z","level":"INFO","msg":"GET /api/roadmaps → 304","duration":"0ms"}
{"ts":"2026-06-02T23:23:43.504Z","level":"INFO","msg":"GET /api/sessions → 304","duration":"1ms"}
{"ts":"2026-06-02T23:23:43.505Z","level":"INFO","msg":"GET /api/activity → 304","duration":"2ms"}
{"ts":"2026-06-02T23:23:43.505Z","level":"INFO","msg":"GET /api/stats → 304","duration":"2ms"}
{"ts":"2026-06-02T23:23:44.352Z","level":"INFO","msg":"GET /api/assignments → 304","duration":"1ms"}
{"ts":"2026-06-02T23:23:44.997Z","level":"INFO","msg":"GET /api/flashcards/due → 200","duration":"0ms"}
{"ts":"2026-06-02T23:23:46.635Z","level":"INFO","msg":"GET /api/schedule → 200","duration":"3ms"}
{"ts":"2026-06-02T23:23:47.398Z","level":"INFO","msg":"GET /api/flashcards/due → 200","duration":"0ms"}
{"ts":"2026-06-02T23:23:48.048Z","level":"INFO","msg":"GET /api/assignments → 304","duration":"1ms"}
{"ts":"2026-06-02T23:23:49.601Z","level":"INFO","msg":"GET /api/users/agents → 200","duration":"1ms"}
{"ts":"2026-06-02T23:23:50.167Z","level":"INFO","msg":"GET /api/certificates → 200","duration":"2ms"}
{"ts":"2026-06-02T23:23:50.167Z","level":"INFO","msg":"GET /api/badges → 200","duration":"0ms"}
{"ts":"2026-06-02T23:23:51.549Z","level":"INFO","msg":"GET /api/activity → 304","duration":"0ms"}
{"ts":"2026-06-02T23:24:16.226Z","level":"INFO","msg":"GET /dashboard → 304","duration":"1ms"}
{"ts":"2026-06-02T23:24:16.242Z","level":"INFO","msg":"GET /api/auth/me → 304","duration":"0ms"}
{"ts":"2026-06-02T23:24:16.249Z","level":"INFO","msg":"GET /api/roadmaps → 304","duration":"1ms"}
{"ts":"2026-06-02T23:24:16.249Z","level":"INFO","msg":"GET /api/stats → 304","duration":"0ms"}
{"ts":"2026-06-02T23:24:16.250Z","level":"INFO","msg":"GET /api/activity → 304","duration":"0ms"}
{"ts":"2026-06-02T23:24:16.251Z","level":"INFO","msg":"GET /api/sessions → 304","duration":"0ms"}
{"ts":"2026-06-02T23:25:16.978Z","level":"INFO","msg":"GET /dashboard → 304","duration":"0ms"}
{"ts":"2026-06-02T23:25:16.994Z","level":"INFO","msg":"GET /api/auth/me → 304","duration":"1ms"}
{"ts":"2026-06-02T23:25:16.999Z","level":"INFO","msg":"GET /api/roadmaps → 304","duration":"1ms"}
{"ts":"2026-06-02T23:25:16.999Z","level":"INFO","msg":"GET /api/sessions → 304","duration":"1ms"}
{"ts":"2026-06-02T23:25:17.000Z","level":"INFO","msg":"GET /api/activity → 304","duration":"0ms"}
{"ts":"2026-06-02T23:25:17.001Z","level":"INFO","msg":"GET /api/stats → 304","duration":"1ms"}
{"ts":"2026-06-02T23:25:23.137Z","level":"INFO","msg":"GET /api/certificates → 304","duration":"1ms"}
{"ts":"2026-06-02T23:25:23.137Z","level":"INFO","msg":"GET /api/badges → 304","duration":"1ms"}
{"ts":"2026-06-02T23:25:23.634Z","level":"INFO","msg":"GET /dashboard → 304","duration":"1ms"}
{"ts":"2026-06-02T23:25:23.648Z","level":"INFO","msg":"GET /api/auth/me → 304","duration":"1ms"}
{"ts":"2026-06-02T23:25:23.652Z","level":"INFO","msg":"GET /api/roadmaps → 304","duration":"0ms"}
{"ts":"2026-06-02T23:25:23.654Z","level":"INFO","msg":"GET /api/sessions → 304","duration":"2ms"}
{"ts":"2026-06-02T23:25:23.655Z","level":"INFO","msg":"GET /api/activity → 304","duration":"1ms"}
{"ts":"2026-06-02T23:25:23.656Z","level":"INFO","msg":"GET /api/stats → 304","duration":"1ms"}
{"ts":"2026-06-02T23:25:38.855Z","level":"INFO","msg":"GET /api/assignments → 304","duration":"1ms"}
{"ts":"2026-06-02T23:25:39.973Z","level":"INFO","msg":"GET /api/roadmaps → 304","duration":"1ms"}
{"ts":"2026-06-02T23:25:39.973Z","level":"INFO","msg":"GET /api/sessions → 304","duration":"0ms"}
{"ts":"2026-06-02T23:25:39.974Z","level":"INFO","msg":"GET /api/activity → 304","duration":"1ms"}
{"ts":"2026-06-02T23:25:39.974Z","level":"INFO","msg":"GET /api/stats → 304","duration":"1ms"}
{"ts":"2026-06-02T23:25:45.004Z","level":"INFO","msg":"GET /api/users/agents → 304","duration":"1ms"}
{"ts":"2026-06-02T23:25:46.204Z","level":"INFO","msg":"GET /api/roadmaps → 304","duration":"1ms"}
{"ts":"2026-06-02T23:25:46.204Z","level":"INFO","msg":"GET /api/sessions → 304","duration":"0ms"}
{"ts":"2026-06-02T23:25:46.205Z","level":"INFO","msg":"GET /api/activity → 304","duration":"1ms"}
{"ts":"2026-06-02T23:25:46.205Z","level":"INFO","msg":"GET /api/stats → 304","duration":"0ms"}
{"ts":"2026-06-02T23:26:08.456Z","level":"INFO","msg":"GET /api/users/apikeys → 200","duration":"2ms"}
{"ts":"2026-06-02T23:26:08.457Z","level":"INFO","msg":"GET /api/users/profile → 200","duration":"2ms"}
{"ts":"2026-06-02T23:26:08.457Z","level":"INFO","msg":"GET /api/users/settings → 200","duration":"2ms"}
{"ts":"2026-06-02T23:26:08.458Z","level":"INFO","msg":"GET /api/users/agent-routing → 200","duration":"1ms"}
{"ts":"2026-06-02T23:26:12.084Z","level":"INFO","msg":"GET /api/activity → 304","duration":"1ms"}
{"ts":"2026-06-02T23:26:13.636Z","level":"INFO","msg":"GET /api/users/apikeys → 304","duration":"1ms"}
{"ts":"2026-06-02T23:26:13.636Z","level":"INFO","msg":"GET /api/users/profile → 304","duration":"1ms"}
{"ts":"2026-06-02T23:26:13.637Z","level":"INFO","msg":"GET /api/users/settings → 304","duration":"2ms"}
{"ts":"2026-06-02T23:26:13.637Z","level":"INFO","msg":"GET /api/users/agent-routing → 304","duration":"2ms"}
{"ts":"2026-06-02T23:26:15.486Z","level":"INFO","msg":"GET /api/users/starred → 304","duration":"1ms"}
{"ts":"2026-06-02T23:26:15.486Z","level":"INFO","msg":"GET /api/courses → 304","duration":"1ms"}
{"ts":"2026-06-02T23:26:16.219Z","level":"INFO","msg":"GET /api/activity → 304","duration":"1ms"}
{"ts":"2026-06-02T23:26:17.669Z","level":"INFO","msg":"GET /api/certificates → 304","duration":"1ms"}
{"ts":"2026-06-02T23:26:17.670Z","level":"INFO","msg":"GET /api/badges → 304","duration":"1ms"}
{"ts":"2026-06-02T23:26:18.286Z","level":"INFO","msg":"GET /api/users/agents → 304","duration":"1ms"}
{"ts":"2026-06-02T23:26:18.955Z","level":"INFO","msg":"GET /api/schedule → 304","duration":"1ms"}
{"ts":"2026-06-02T23:26:19.691Z","level":"INFO","msg":"GET /api/courses → 304","duration":"1ms"}
{"ts":"2026-06-02T23:26:19.691Z","level":"INFO","msg":"GET /api/users/starred → 304","duration":"1ms"}
{"ts":"2026-06-02T23:26:21.269Z","level":"INFO","msg":"GET /api/schedule → 304","duration":"0ms"}
{"ts":"2026-06-02T23:27:30.405Z","level":"INFO","msg":"GET /api/users/agents → 304","duration":"1ms"}
{"ts":"2026-06-02T23:57:33.642Z","level":"INFO","msg":"GET /dashboard → 304","duration":"1ms"}
{"ts":"2026-06-02T23:57:33.673Z","level":"INFO","msg":"GET /api/auth/me → 304","duration":"1ms"}
{"ts":"2026-06-02T23:57:33.706Z","level":"INFO","msg":"GET /api/activity → 304","duration":"1ms"}
{"ts":"2026-06-02T23:57:33.709Z","level":"INFO","msg":"GET /api/roadmaps → 304","duration":"4ms"}
{"ts":"2026-06-02T23:57:33.718Z","level":"INFO","msg":"GET /api/sessions → 304","duration":"7ms"}
{"ts":"2026-06-02T23:57:33.727Z","level":"INFO","msg":"GET /api/stats → 304","duration":"4ms"}
{"ts":"2026-06-02T23:57:35.449Z","level":"INFO","msg":"GET /api/activity → 304","duration":"1ms"}
{"ts":"2026-06-03T00:21:37.378Z","level":"INFO","msg":"GET /api/health → 200","duration":"12ms"}
{"ts":"2026-06-03T00:21:42.675Z","level":"INFO","msg":"GET /login → 200","duration":"3ms"}
{"ts":"2026-06-03T00:21:42.691Z","level":"INFO","msg":"GET /assets/index-IGqeF47R.js → 200","duration":"2ms"}
{"ts":"2026-06-03T00:21:42.714Z","level":"INFO","msg":"GET /api/auth/me → 304","duration":"3ms"}
{"ts":"2026-06-03T00:21:45.967Z","level":"INFO","msg":"GET /api/auth/me → 304","duration":"2ms"}
{"ts":"2026-06-03T00:21:46.015Z","level":"INFO","msg":"GET /api/stats → 304","duration":"2ms"}
{"ts":"2026-06-03T00:21:46.016Z","level":"INFO","msg":"GET /api/activity → 304","duration":"3ms"}
{"ts":"2026-06-03T00:21:46.018Z","level":"INFO","msg":"GET /api/roadmaps → 304","duration":"1ms"}
{"ts":"2026-06-03T00:21:46.019Z","level":"INFO","msg":"GET /api/sessions → 304","duration":"1ms"}
{"ts":"2026-06-03T00:21:46.301Z","level":"INFO","msg":"POST /api/auth/login → 200","duration":"58ms"}
{"ts":"2026-06-03T00:21:46.310Z","level":"INFO","msg":"GET /api/stats → 200","duration":"0ms"}
{"ts":"2026-06-03T00:21:47.126Z","level":"INFO","msg":"GET / → 200","duration":"3ms"}
{"ts":"2026-06-03T00:21:47.154Z","level":"INFO","msg":"GET /api/auth/me → 304","duration":"1ms"}
{"ts":"2026-06-03T00:21:50.065Z","level":"INFO","msg":"GET /api/auth/me → 304","duration":"1ms"}
{"ts":"2026-06-03T00:21:53.120Z","level":"INFO","msg":"GET /login → 304","duration":"1ms"}
{"ts":"2026-06-03T00:21:53.135Z","level":"INFO","msg":"GET /api/auth/me → 304","duration":"1ms"}
{"ts":"2026-06-03T00:22:06.671Z","level":"INFO","msg":"GET /login → 200","duration":"10ms"}
{"ts":"2026-06-03T00:22:06.685Z","level":"INFO","msg":"GET /assets/index-Cr-x2-iG.css → 200","duration":"2ms"}
{"ts":"2026-06-03T00:22:06.697Z","level":"INFO","msg":"GET /api/auth/me → 304","duration":"4ms"}
{"ts":"2026-06-03T00:22:07.757Z","level":"INFO","msg":"GET /login → 304","duration":"5ms"}
{"ts":"2026-06-03T00:22:07.773Z","level":"INFO","msg":"GET /api/auth/me → 304","duration":"1ms"}
{"ts":"2026-06-03T00:22:09.865Z","level":"INFO","msg":"GET /api/auth/me → 304","duration":"1ms"}
{"ts":"2026-06-03T00:22:10.885Z","level":"INFO","msg":"GET / → 200","duration":"5ms"}
{"ts":"2026-06-03T00:22:10.903Z","level":"INFO","msg":"GET /api/auth/me → 304","duration":"1ms"}
{"ts":"2026-06-03T00:22:15.428Z","level":"INFO","msg":"GET /api/auth/me → 304","duration":"2ms"}
{"ts":"2026-06-03T00:22:37.204Z","level":"INFO","msg":"GET / → 304","duration":"3ms"}
{"ts":"2026-06-03T00:22:37.227Z","level":"INFO","msg":"GET /api/auth/me → 304","duration":"1ms"}
{"ts":"2026-06-03T00:22:40.100Z","level":"INFO","msg":"GET /dashboard → 200","duration":"2ms"}
{"ts":"2026-06-03T00:22:40.117Z","level":"INFO","msg":"GET /api/auth/me → 304","duration":"1ms"}
{"ts":"2026-06-03T00:23:23.721Z","level":"INFO","msg":"GET /dashboard → 304","duration":"1ms"}
{"ts":"2026-06-03T00:23:23.741Z","level":"INFO","msg":"GET /api/auth/me → 304","duration":"1ms"}
{"ts":"2026-06-03T00:23:24.263Z","level":"INFO","msg":"GET /dashboard → 304","duration":"1ms"}
{"ts":"2026-06-03T00:23:24.278Z","level":"INFO","msg":"GET /api/auth/me → 304","duration":"2ms"}
{"ts":"2026-06-03T00:23:27.122Z","level":"INFO","msg":"GET /api/auth/me → 304","duration":"1ms"}
{"ts":"2026-06-03T00:23:53.580Z","level":"INFO","msg":"GET /api/health → 200","duration":"0ms"}
{"ts":"2026-06-03T00:24:06.294Z","level":"INFO","msg":"GET / → 200","duration":"0ms"}
{"ts":"2026-06-03T00:24:09.603Z","level":"INFO","msg":"GET / → 304","duration":"2ms"}
{"ts":"2026-06-03T00:24:09.617Z","level":"INFO","msg":"GET /api/auth/me → 304","duration":"2ms"}
{"ts":"2026-06-03T00:24:25.825Z","level":"INFO","msg":"GET /dashboard → 200","duration":"0ms"}
{"ts":"2026-06-03T00:25:51.029Z","level":"INFO","msg":"GET /api/health → 200","duration":"7ms"}
{"ts":"2026-06-03T00:26:10.764Z","level":"INFO","msg":"GET / → 200","duration":"5ms"}
{"ts":"2026-06-03T00:26:10.778Z","level":"INFO","msg":"GET /assets/index-VXeCM3Ue.js → 200","duration":"3ms"}
{"ts":"2026-06-03T00:26:10.796Z","level":"INFO","msg":"GET /api/auth/me → 304","duration":"6ms"}
{"ts":"2026-06-03T00:26:11.294Z","level":"INFO","msg":"GET / → 304","duration":"1ms"}
{"ts":"2026-06-03T00:26:11.308Z","level":"INFO","msg":"GET /api/auth/me → 304","duration":"2ms"}
{"ts":"2026-06-03T00:26:22.829Z","level":"INFO","msg":"GET / → 200","duration":"10ms"}
{"ts":"2026-06-03T00:26:22.856Z","level":"INFO","msg":"GET /api/auth/me → 304","duration":"6ms"}
{"ts":"2026-06-03T00:26:23.643Z","level":"INFO","msg":"GET / → 304","duration":"1ms"}
{"ts":"2026-06-03T00:26:23.653Z","level":"INFO","msg":"GET /api/auth/me → 304","duration":"1ms"}
{"ts":"2026-06-03T00:26:24.740Z","level":"INFO","msg":"GET / → 304","duration":"1ms"}
{"ts":"2026-06-03T00:26:24.757Z","level":"INFO","msg":"GET /api/auth/me → 304","duration":"1ms"}
{"ts":"2026-06-03T00:26:25.160Z","level":"INFO","msg":"GET / → 304","duration":"1ms"}
{"ts":"2026-06-03T00:26:25.173Z","level":"INFO","msg":"GET /api/auth/me → 304","duration":"1ms"}
{"ts":"2026-06-03T00:27:10.089Z","level":"INFO","msg":"GET / → 304","duration":"2ms"}
{"ts":"2026-06-03T00:27:10.106Z","level":"INFO","msg":"GET /api/auth/me → 304","duration":"1ms"}
{"ts":"2026-06-03T00:27:10.336Z","level":"INFO","msg":"GET / → 304","duration":"0ms"}
{"ts":"2026-06-03T00:27:10.350Z","level":"INFO","msg":"GET /api/auth/me → 304","duration":"1ms"}
{"ts":"2026-06-03T00:27:10.600Z","level":"INFO","msg":"GET / → 304","duration":"0ms"}
{"ts":"2026-06-03T00:27:10.608Z","level":"INFO","msg":"GET /api/auth/me → 304","duration":"1ms"}
{"ts":"2026-06-03T00:27:36.523Z","level":"INFO","msg":"GET / → 200","duration":"0ms"}
{"ts":"2026-06-03T00:28:23.626Z","level":"INFO","msg":"GET / → 200","duration":"1ms"}
{"ts":"2026-06-03T00:28:23.629Z","level":"INFO","msg":"GET /assets/index-VXeCM3Ue.js → 200","duration":"2ms"}
{"ts":"2026-06-03T00:28:23.629Z","level":"INFO","msg":"GET /assets/index-Cr-x2-iG.css → 200","duration":"0ms"}
{"ts":"2026-06-03T00:28:26.368Z","level":"INFO","msg":"GET / → 304","duration":"2ms"}
{"ts":"2026-06-03T00:28:26.387Z","level":"INFO","msg":"GET /api/auth/me → 304","duration":"1ms"}
{"ts":"2026-06-03T00:28:27.192Z","level":"INFO","msg":"GET / → 304","duration":"1ms"}
{"ts":"2026-06-03T00:28:27.205Z","level":"INFO","msg":"GET /api/auth/me → 304","duration":"2ms"}
{"ts":"2026-06-03T00:29:02.244Z","level":"INFO","msg":"GET / → 200","duration":"1ms"}
{"ts":"2026-06-03T00:29:02.247Z","level":"INFO","msg":"GET /assets/index-VXeCM3Ue.js → 200","duration":"1ms"}
{"ts":"2026-06-03T00:29:54.517Z","level":"INFO","msg":"GET / → 304","duration":"1ms"}
{"ts":"2026-06-03T00:29:54.530Z","level":"INFO","msg":"GET /api/auth/me → 304","duration":"2ms"}
{"ts":"2026-06-03T00:29:55.450Z","level":"INFO","msg":"GET / → 304","duration":"1ms"}
{"ts":"2026-06-03T00:29:55.464Z","level":"INFO","msg":"GET /api/auth/me → 304","duration":"1ms"}
{"ts":"2026-06-03T00:31:16.509Z","level":"INFO","msg":"GET / → 200","duration":"2ms"}
{"ts":"2026-06-03T00:31:16.517Z","level":"INFO","msg":"GET /api/auth/me → 304","duration":"1ms"}
{"ts":"2026-06-03T00:31:18.984Z","level":"INFO","msg":"GET /api/auth/me → 304","duration":"1ms"}
{"ts":"2026-06-03T00:31:21.054Z","level":"INFO","msg":"GET / → 304","duration":"1ms"}
{"ts":"2026-06-03T00:31:21.062Z","level":"INFO","msg":"GET /api/auth/me → 304","duration":"1ms"}
{"ts":"2026-06-03T00:32:04.462Z","level":"WARN","msg":"404 Not Found: GET /.well-known/appspecific/com.chrome.devtools.json"}
{"ts":"2026-06-03T00:32:04.465Z","level":"WARN","msg":"GET /.well-known/appspecific/com.chrome.devtools.json → 404","duration":"4ms"}
{"ts":"2026-06-03T00:33:10.574Z","level":"INFO","msg":"GET /api/health → 200","duration":"3ms"}
{"ts":"2026-06-03T00:35:14.492Z","level":"INFO","msg":"GET / → 200","duration":"4ms"}
{"ts":"2026-06-03T00:35:14.510Z","level":"WARN","msg":"404 Not Found: GET /.well-known/appspecific/com.chrome.devtools.json"}
{"ts":"2026-06-03T00:35:14.511Z","level":"WARN","msg":"GET /.well-known/appspecific/com.chrome.devtools.json → 404","duration":"3ms"}
{"ts":"2026-06-03T00:35:14.512Z","level":"INFO","msg":"GET /assets/index-cum1sBp1.js → 200","duration":"7ms"}
{"ts":"2026-06-03T00:35:14.532Z","level":"INFO","msg":"GET /api/auth/me → 304","duration":"6ms"}
{"ts":"2026-06-03T00:35:14.543Z","level":"INFO","msg":"GET /api/sessions → 304","duration":"3ms"}
{"ts":"2026-06-03T00:35:14.544Z","level":"INFO","msg":"GET /api/roadmaps → 304","duration":"4ms"}
{"ts":"2026-06-03T00:35:14.546Z","level":"INFO","msg":"GET /api/activity → 304","duration":"1ms"}
{"ts":"2026-06-03T00:35:14.549Z","level":"INFO","msg":"GET /api/stats → 304","duration":"2ms"}
{"ts":"2026-06-03T00:35:18.119Z","level":"INFO","msg":"POST /api/auth/logout → 200","duration":"2ms"}
{"ts":"2026-06-03T00:35:19.018Z","level":"INFO","msg":"GET / → 304","duration":"1ms"}
{"ts":"2026-06-03T00:35:41.291Z","level":"WARN","msg":"POST /api/auth/login → 401","duration":"76ms"}
{"ts":"2026-06-03T00:36:07.045Z","level":"INFO","msg":"POST /api/auth/login → 200","duration":"69ms"}
{"ts":"2026-06-03T00:36:07.069Z","level":"INFO","msg":"GET /api/roadmaps → 304","duration":"2ms"}
{"ts":"2026-06-03T00:36:07.071Z","level":"INFO","msg":"GET /api/sessions → 304","duration":"1ms"}
{"ts":"2026-06-03T00:36:07.073Z","level":"INFO","msg":"GET /api/activity → 304","duration":"1ms"}
{"ts":"2026-06-03T00:36:07.075Z","level":"INFO","msg":"GET /api/stats → 304","duration":"1ms"}
{"ts":"2026-06-03T00:36:44.907Z","level":"INFO","msg":"GET /api/roadmaps → 304","duration":"3ms"}
{"ts":"2026-06-03T00:36:44.911Z","level":"INFO","msg":"GET /api/roadmaps/rm-ml-engineer → 304","duration":"2ms"}
{"ts":"2026-06-03T00:36:46.693Z","level":"INFO","msg":"POST /api/roadmaps/rm-ml-engineer/fork → 200","duration":"6ms"}
{"ts":"2026-06-03T00:36:57.016Z","level":"INFO","msg":"GET /api/sessions → 304","duration":"2ms"}
{"ts":"2026-06-03T00:36:57.026Z","level":"INFO","msg":"GET /api/sessions/sess-1 → 200","duration":"1ms"}
{"ts":"2026-06-03T00:37:05.835Z","level":"INFO","msg":"GET / → 304","duration":"0ms"}
{"ts":"2026-06-03T00:37:05.855Z","level":"INFO","msg":"GET /api/auth/me → 304","duration":"1ms"}
{"ts":"2026-06-03T00:37:05.861Z","level":"INFO","msg":"GET /api/sessions → 304","duration":"1ms"}
{"ts":"2026-06-03T00:37:05.862Z","level":"INFO","msg":"GET /api/roadmaps → 200","duration":"1ms"}
{"ts":"2026-06-03T00:37:05.863Z","level":"INFO","msg":"GET /api/stats → 200","duration":"1ms"}
{"ts":"2026-06-03T00:37:05.864Z","level":"INFO","msg":"GET /api/activity → 304","duration":"0ms"}
{"ts":"2026-06-03T00:37:07.778Z","level":"INFO","msg":"GET /api/roadmaps → 304","duration":"2ms"}
{"ts":"2026-06-03T00:37:07.783Z","level":"INFO","msg":"GET /api/roadmaps/rm-ml-engineer → 304","duration":"2ms"}
{"ts":"2026-06-03T00:37:08.745Z","level":"INFO","msg":"GET /api/sessions → 304","duration":"1ms"}
{"ts":"2026-06-03T00:37:08.754Z","level":"INFO","msg":"GET /api/sessions/sess-1 → 304","duration":"1ms"}
{"ts":"2026-06-03T00:37:10.125Z","level":"WARN","msg":"404 Not Found: GET /.well-known/appspecific/com.chrome.devtools.json"}
{"ts":"2026-06-03T00:37:10.125Z","level":"WARN","msg":"GET /.well-known/appspecific/com.chrome.devtools.json → 404","duration":"1ms"}
{"ts":"2026-06-03T00:39:20.627Z","level":"INFO","msg":"GET /api/health → 200","duration":"3ms"}
{"ts":"2026-06-03T00:40:34.873Z","level":"INFO","msg":"GET / → 200","duration":"5ms"}
{"ts":"2026-06-03T00:40:34.887Z","level":"WARN","msg":"404 Not Found: GET /.well-known/appspecific/com.chrome.devtools.json"}
{"ts":"2026-06-03T00:40:34.888Z","level":"WARN","msg":"GET /.well-known/appspecific/com.chrome.devtools.json → 404","duration":"2ms"}
{"ts":"2026-06-03T00:40:34.890Z","level":"INFO","msg":"GET /assets/index-C-dTocBk.js → 200","duration":"7ms"}
{"ts":"2026-06-03T00:40:34.908Z","level":"INFO","msg":"GET /api/auth/me → 304","duration":"4ms"}
{"ts":"2026-06-03T00:40:34.921Z","level":"INFO","msg":"GET /api/roadmaps → 304","duration":"3ms"}
{"ts":"2026-06-03T00:40:34.922Z","level":"INFO","msg":"GET /api/sessions → 304","duration":"4ms"}
{"ts":"2026-06-03T00:40:34.924Z","level":"INFO","msg":"GET /api/stats → 304","duration":"1ms"}
{"ts":"2026-06-03T00:40:34.928Z","level":"INFO","msg":"GET /api/activity → 304","duration":"3ms"}
{"ts":"2026-06-03T00:40:36.286Z","level":"INFO","msg":"GET /api/sessions → 304","duration":"2ms"}
{"ts":"2026-06-03T00:40:36.293Z","level":"INFO","msg":"GET /api/sessions/sess-1 → 304","duration":"1ms"}
{"ts":"2026-06-03T00:40:37.858Z","level":"INFO","msg":"GET /api/activity → 304","duration":"3ms"}
{"ts":"2026-06-03T00:40:44.976Z","level":"INFO","msg":"GET /api/stats → 304","duration":"2ms"}
{"ts":"2026-06-03T00:40:44.980Z","level":"INFO","msg":"GET /api/roadmaps → 304","duration":"6ms"}
{"ts":"2026-06-03T00:40:49.946Z","level":"INFO","msg":"GET /api/schedule → 304","duration":"2ms"}
{"ts":"2026-06-03T00:41:19.043Z","level":"INFO","msg":"GET /api/users/agents → 304","duration":"4ms"}
{"ts":"2026-06-03T00:41:20.944Z","level":"INFO","msg":"GET /api/certificates → 304","duration":"4ms"}
{"ts":"2026-06-03T00:41:20.947Z","level":"INFO","msg":"GET /api/badges → 304","duration":"2ms"}
{"ts":"2026-06-03T00:41:30.613Z","level":"INFO","msg":"GET /api/users/agent-routing → 304","duration":"3ms"}
{"ts":"2026-06-03T00:41:30.616Z","level":"INFO","msg":"GET /api/users/apikeys → 304","duration":"2ms"}
{"ts":"2026-06-03T00:41:30.619Z","level":"INFO","msg":"GET /api/users/profile → 304","duration":"2ms"}
{"ts":"2026-06-03T00:41:30.621Z","level":"INFO","msg":"GET /api/users/settings → 304","duration":"1ms"}
{"ts":"2026-06-03T00:41:32.708Z","level":"INFO","msg":"GET /api/roadmaps → 304","duration":"2ms"}
{"ts":"2026-06-03T00:41:32.714Z","level":"INFO","msg":"GET /api/roadmaps/rm-ml-engineer → 304","duration":"2ms"}
{"ts":"2026-06-03T00:41:34.410Z","level":"INFO","msg":"GET /api/roadmaps → 304","duration":"1ms"}
{"ts":"2026-06-03T00:41:34.413Z","level":"INFO","msg":"GET /api/sessions → 304","duration":"2ms"}
{"ts":"2026-06-03T00:41:34.415Z","level":"INFO","msg":"GET /api/stats → 304","duration":"3ms"}
{"ts":"2026-06-03T00:41:34.416Z","level":"INFO","msg":"GET /api/activity → 304","duration":"4ms"}
{"ts":"2026-06-03T00:43:00.333Z","level":"INFO","msg":"GET /api/assignments → 304","duration":"3ms"}
{"ts":"2026-06-03T00:43:05.635Z","level":"INFO","msg":"PATCH /api/assignments/a2 → 200","duration":"2ms"}
{"ts":"2026-06-03T00:43:05.638Z","level":"INFO","msg":"GET /api/assignments → 200","duration":"1ms"}
{"ts":"2026-06-03T00:43:06.888Z","level":"INFO","msg":"PATCH /api/assignments/a1 → 200","duration":"2ms"}
{"ts":"2026-06-03T00:43:06.894Z","level":"INFO","msg":"GET /api/assignments → 200","duration":"2ms"}
{"ts":"2026-06-03T00:55:44.668Z","level":"INFO","msg":"GET /api/health → 200","duration":"3ms"}
{"ts":"2026-06-03T01:34:44.444Z","level":"INFO","msg":"GET / → 200","duration":"6ms"}
{"ts":"2026-06-03T01:34:44.459Z","level":"INFO","msg":"GET /assets/index-Cr-x2-iG.css → 200","duration":"2ms"}
{"ts":"2026-06-03T01:34:44.460Z","level":"INFO","msg":"GET /assets/index-BZhCq-gm.js → 200","duration":"4ms"}
{"ts":"2026-06-03T01:34:44.474Z","level":"INFO","msg":"GET /api/auth/me → 304","duration":"5ms"}
{"ts":"2026-06-03T01:34:44.488Z","level":"INFO","msg":"GET /api/roadmaps → 304","duration":"3ms"}
{"ts":"2026-06-03T01:34:44.489Z","level":"INFO","msg":"GET /api/sessions → 304","duration":"4ms"}
{"ts":"2026-06-03T01:34:44.491Z","level":"INFO","msg":"GET /api/stats → 200","duration":"1ms"}
{"ts":"2026-06-03T01:34:44.493Z","level":"INFO","msg":"GET /api/activity → 304","duration":"2ms"}
{"ts":"2026-06-03T01:34:49.337Z","level":"INFO","msg":"GET /api/activity → 304","duration":"3ms"}
{"ts":"2026-06-03T01:34:51.962Z","level":"INFO","msg":"GET / → 304","duration":"1ms"}
{"ts":"2026-06-03T01:34:51.985Z","level":"INFO","msg":"GET /api/auth/me → 304","duration":"1ms"}
{"ts":"2026-06-03T01:34:51.992Z","level":"INFO","msg":"GET /api/roadmaps → 304","duration":"2ms"}
{"ts":"2026-06-03T01:34:51.993Z","level":"INFO","msg":"GET /api/sessions → 304","duration":"2ms"}
{"ts":"2026-06-03T01:34:51.994Z","level":"INFO","msg":"GET /api/activity → 304","duration":"3ms"}
{"ts":"2026-06-03T01:34:51.995Z","level":"INFO","msg":"GET /api/stats → 304","duration":"1ms"}
{"ts":"2026-06-03T01:34:53.152Z","level":"INFO","msg":"GET /api/activity → 304","duration":"1ms"}
{"ts":"2026-06-03T01:34:57.050Z","level":"INFO","msg":"GET /api/roadmaps → 304","duration":"1ms"}
{"ts":"2026-06-03T01:34:57.059Z","level":"INFO","msg":"GET /api/roadmaps/rm-ml-engineer → 304","duration":"2ms"}
{"ts":"2026-06-03T01:35:00.094Z","level":"INFO","msg":"GET /api/sessions → 304","duration":"1ms"}
{"ts":"2026-06-03T01:35:00.105Z","level":"INFO","msg":"GET /api/sessions/sess-1 → 304","duration":"1ms"}
{"ts":"2026-06-03T01:35:02.288Z","level":"INFO","msg":"POST /api/assignments → 200","duration":"2ms"}
{"ts":"2026-06-03T01:35:03.136Z","level":"INFO","msg":"POST /api/assignments → 200","duration":"2ms"}
{"ts":"2026-06-03T01:35:17.117Z","level":"INFO","msg":"GET /api/users/starred → 304","duration":"2ms"}
{"ts":"2026-06-03T01:35:17.118Z","level":"INFO","msg":"GET /api/courses → 304","duration":"3ms"}
{"ts":"2026-06-03T01:39:48.881Z","level":"INFO","msg":"POST /api/courses/deep-learning/enroll → 200","duration":"4ms"}
{"ts":"2026-06-03T01:39:51.202Z","level":"INFO","msg":"GET / → 304","duration":"1ms"}
{"ts":"2026-06-03T01:39:51.222Z","level":"INFO","msg":"GET /api/auth/me → 304","duration":"1ms"}
{"ts":"2026-06-03T01:39:51.231Z","level":"INFO","msg":"GET /api/sessions → 304","duration":"2ms"}
{"ts":"2026-06-03T01:39:51.232Z","level":"INFO","msg":"GET /api/roadmaps → 304","duration":"2ms"}
{"ts":"2026-06-03T01:39:51.236Z","level":"INFO","msg":"GET /api/stats → 200","duration":"1ms"}
{"ts":"2026-06-03T01:39:51.237Z","level":"INFO","msg":"GET /api/activity → 304","duration":"1ms"}
{"ts":"2026-06-03T01:39:54.430Z","level":"INFO","msg":"GET /api/users/starred → 304","duration":"1ms"}
{"ts":"2026-06-03T01:39:54.431Z","level":"INFO","msg":"GET /api/courses → 304","duration":"2ms"}
{"ts":"2026-06-03T01:46:16.869Z","level":"INFO","msg":"GET /api/schedule → 304","duration":"3ms"}
{"ts":"2026-06-03T01:46:22.236Z","level":"INFO","msg":"POST /api/schedule → 200","duration":"3ms"}
{"ts":"2026-06-03T01:46:22.241Z","level":"INFO","msg":"GET /api/schedule → 200","duration":"2ms"}
{"ts":"2026-06-03T01:46:37.789Z","level":"INFO","msg":"GET / → 304","duration":"1ms"}
{"ts":"2026-06-03T01:46:37.809Z","level":"INFO","msg":"GET /api/auth/me → 304","duration":"0ms"}
{"ts":"2026-06-03T01:46:37.817Z","level":"INFO","msg":"GET /api/sessions → 304","duration":"2ms"}
{"ts":"2026-06-03T01:46:37.818Z","level":"INFO","msg":"GET /api/activity → 304","duration":"3ms"}
{"ts":"2026-06-03T01:46:37.819Z","level":"INFO","msg":"GET /api/stats → 304","duration":"1ms"}
{"ts":"2026-06-03T01:46:37.820Z","level":"INFO","msg":"GET /api/roadmaps → 304","duration":"1ms"}
{"ts":"2026-06-03T01:46:39.957Z","level":"INFO","msg":"GET /api/certificates → 304","duration":"3ms"}
{"ts":"2026-06-03T01:46:39.960Z","level":"INFO","msg":"GET /api/badges → 304","duration":"5ms"}
{"ts":"2026-06-03T01:46:56.502Z","level":"INFO","msg":"GET /api/activity → 304","duration":"1ms"}
{"ts":"2026-06-03T01:46:57.238Z","level":"INFO","msg":"GET /api/users/starred → 304","duration":"2ms"}
{"ts":"2026-06-03T01:46:57.240Z","level":"INFO","msg":"GET /api/courses → 304","duration":"1ms"}
{"ts":"2026-06-03T01:46:58.740Z","level":"INFO","msg":"GET /api/users/settings → 304","duration":"2ms"}
{"ts":"2026-06-03T01:46:58.743Z","level":"INFO","msg":"GET /api/users/profile → 304","duration":"5ms"}
{"ts":"2026-06-03T01:46:58.746Z","level":"INFO","msg":"GET /api/users/apikeys → 304","duration":"1ms"}
{"ts":"2026-06-03T01:46:58.748Z","level":"INFO","msg":"GET /api/users/agent-routing → 304","duration":"1ms"}
{"ts":"2026-06-03T01:47:04.453Z","level":"INFO","msg":"PATCH /api/users/settings → 200","duration":"3ms"}
{"ts":"2026-06-03T01:47:06.067Z","level":"INFO","msg":"PATCH /api/users/settings → 200","duration":"1ms"}
{"ts":"2026-06-03T01:47:07.283Z","level":"INFO","msg":"PATCH /api/users/settings → 200","duration":"2ms"}
{"ts":"2026-06-03T01:47:08.166Z","level":"INFO","msg":"PATCH /api/users/settings → 200","duration":"2ms"}
{"ts":"2026-06-03T01:47:09.384Z","level":"INFO","msg":"PATCH /api/users/settings → 200","duration":"2ms"}
{"ts":"2026-06-03T01:47:10.083Z","level":"INFO","msg":"PATCH /api/users/settings → 200","duration":"1ms"}
{"ts":"2026-06-03T01:47:12.233Z","level":"INFO","msg":"PATCH /api/users/settings → 200","duration":"1ms"}
{"ts":"2026-06-03T01:47:12.872Z","level":"INFO","msg":"GET /api/users/agents → 304","duration":"2ms"}
{"ts":"2026-06-03T01:47:13.636Z","level":"INFO","msg":"GET /api/flashcards/due → 200","duration":"2ms"}
{"ts":"2026-06-03T01:47:14.321Z","level":"INFO","msg":"GET /api/assignments → 200","duration":"2ms"}
{"ts":"2026-06-03T01:47:15.043Z","level":"INFO","msg":"GET /api/sessions → 304","duration":"2ms"}
{"ts":"2026-06-03T01:47:15.056Z","level":"INFO","msg":"GET /api/sessions/sess-1 → 304","duration":"1ms"}
{"ts":"2026-06-03T01:47:16.837Z","level":"INFO","msg":"GET /api/roadmaps → 304","duration":"1ms"}
{"ts":"2026-06-03T01:47:16.861Z","level":"INFO","msg":"GET /api/roadmaps/rm-ml-engineer → 304","duration":"1ms"}
{"ts":"2026-06-03T01:47:17.590Z","level":"INFO","msg":"GET /api/roadmaps → 304","duration":"2ms"}
{"ts":"2026-06-03T01:47:17.592Z","level":"INFO","msg":"GET /api/sessions → 304","duration":"1ms"}
{"ts":"2026-06-03T01:47:17.594Z","level":"INFO","msg":"GET /api/stats → 304","duration":"1ms"}
{"ts":"2026-06-03T01:47:17.595Z","level":"INFO","msg":"GET /api/activity → 304","duration":"1ms"}
{"ts":"2026-06-03T01:47:24.057Z","level":"INFO","msg":"GET /api/sessions → 304","duration":"2ms"}
{"ts":"2026-06-03T01:47:24.067Z","level":"INFO","msg":"GET /api/sessions/sess-1 → 304","duration":"1ms"}
{"ts":"2026-06-03T01:47:24.637Z","level":"INFO","msg":"GET /api/assignments → 304","duration":"2ms"}
{"ts":"2026-06-03T01:47:25.787Z","level":"INFO","msg":"GET /api/users/agents → 304","duration":"2ms"}
{"ts":"2026-06-03T01:47:27.054Z","level":"INFO","msg":"GET /api/badges → 304","duration":"2ms"}
{"ts":"2026-06-03T01:47:27.056Z","level":"INFO","msg":"GET /api/certificates → 304","duration":"1ms"}
{"ts":"2026-06-03T01:47:27.684Z","level":"INFO","msg":"GET /api/activity → 304","duration":"2ms"}
{"ts":"2026-06-03T01:47:28.368Z","level":"INFO","msg":"GET /api/certificates → 304","duration":"2ms"}
{"ts":"2026-06-03T01:47:28.369Z","level":"INFO","msg":"GET /api/badges → 304","duration":"2ms"}
{"ts":"2026-06-03T01:47:30.942Z","level":"INFO","msg":"GET / → 304","duration":"1ms"}
{"ts":"2026-06-03T01:47:30.963Z","level":"INFO","msg":"GET /api/auth/me → 304","duration":"1ms"}
{"ts":"2026-06-03T01:47:30.968Z","level":"INFO","msg":"GET /api/roadmaps → 304","duration":"1ms"}
{"ts":"2026-06-03T01:47:30.969Z","level":"INFO","msg":"GET /api/activity → 304","duration":"2ms"}
{"ts":"2026-06-03T01:47:30.970Z","level":"INFO","msg":"GET /api/sessions → 304","duration":"1ms"}
{"ts":"2026-06-03T01:47:30.970Z","level":"INFO","msg":"GET /api/stats → 304","duration":"0ms"}
{"ts":"2026-06-03T01:47:33.035Z","level":"INFO","msg":"GET /api/activity → 304","duration":"2ms"}
{"ts":"2026-06-03T01:51:19.473Z","level":"INFO","msg":"GET /api/health → 200","duration":"4ms"}
{"ts":"2026-06-03T01:51:59.965Z","level":"INFO","msg":"GET / → 200","duration":"6ms"}
{"ts":"2026-06-03T01:51:59.976Z","level":"INFO","msg":"GET /assets/index-Duxi9Dg6.js → 200","duration":"3ms"}
{"ts":"2026-06-03T01:51:59.989Z","level":"INFO","msg":"GET /api/auth/me → 304","duration":"5ms"}
{"ts":"2026-06-03T01:51:59.999Z","level":"INFO","msg":"GET /api/sessions → 304","duration":"2ms"}
{"ts":"2026-06-03T01:52:00.000Z","level":"INFO","msg":"GET /api/roadmaps → 304","duration":"3ms"}
{"ts":"2026-06-03T01:52:00.005Z","level":"INFO","msg":"GET /api/stats → 304","duration":"3ms"}
{"ts":"2026-06-03T01:52:00.006Z","level":"INFO","msg":"GET /api/activity → 304","duration":"3ms"}
{"ts":"2026-06-03T01:52:01.717Z","level":"INFO","msg":"GET /api/courses?search=te → 200","duration":"4ms"}
{"ts":"2026-06-03T01:52:01.718Z","level":"INFO","msg":"GET /api/roadmaps → 304","duration":"3ms"}
{"ts":"2026-06-03T01:52:01.719Z","level":"INFO","msg":"GET /api/sessions → 304","duration":"4ms"}
{"ts":"2026-06-03T01:52:01.720Z","level":"INFO","msg":"GET /api/assignments → 304","duration":"1ms"}
{"ts":"2026-06-03T01:52:02.545Z","level":"INFO","msg":"GET /api/courses?search=test → 200","duration":"2ms"}
{"ts":"2026-06-03T01:52:02.548Z","level":"INFO","msg":"GET /api/assignments → 304","duration":"4ms"}
{"ts":"2026-06-03T01:52:02.550Z","level":"INFO","msg":"GET /api/roadmaps → 304","duration":"6ms"}
{"ts":"2026-06-03T01:52:02.551Z","level":"INFO","msg":"GET /api/sessions → 304","duration":"7ms"}
{"ts":"2026-06-03T01:52:06.214Z","level":"INFO","msg":"GET /api/courses?search=bias → 200","duration":"1ms"}
{"ts":"2026-06-03T01:52:06.216Z","level":"INFO","msg":"GET /api/roadmaps → 304","duration":"3ms"}
{"ts":"2026-06-03T01:52:06.218Z","level":"INFO","msg":"GET /api/assignments → 304","duration":"5ms"}
{"ts":"2026-06-03T01:52:06.220Z","level":"INFO","msg":"GET /api/sessions → 304","duration":"7ms"}
{"ts":"2026-06-03T01:52:08.607Z","level":"INFO","msg":"GET /api/assignments → 304","duration":"2ms"}
{"ts":"2026-06-03T02:07:06.068Z","level":"INFO","msg":"GET /api/courses?search=genera → 200","duration":"3ms"}
{"ts":"2026-06-03T02:07:06.073Z","level":"INFO","msg":"GET /api/assignments → 304","duration":"8ms"}
{"ts":"2026-06-03T02:07:06.074Z","level":"INFO","msg":"GET /api/sessions → 304","duration":"1ms"}
{"ts":"2026-06-03T02:07:06.076Z","level":"INFO","msg":"GET /api/roadmaps → 304","duration":"1ms"}
{"ts":"2026-06-03T02:07:08.901Z","level":"INFO","msg":"GET /api/roadmaps → 304","duration":"2ms"}
{"ts":"2026-06-03T02:07:08.909Z","level":"INFO","msg":"GET /api/roadmaps/rm-ml-engineer → 304","duration":"3ms"}
{"ts":"2026-06-03T02:07:11.937Z","level":"INFO","msg":"GET /api/sessions → 304","duration":"1ms"}
{"ts":"2026-06-03T02:07:11.951Z","level":"INFO","msg":"GET /api/sessions/sess-1 → 304","duration":"2ms"}
{"ts":"2026-06-03T02:07:12.648Z","level":"INFO","msg":"GET /api/roadmaps → 304","duration":"2ms"}
{"ts":"2026-06-03T02:07:12.673Z","level":"INFO","msg":"GET /api/roadmaps/rm-ml-engineer → 304","duration":"1ms"}
{"ts":"2026-06-03T02:07:16.823Z","level":"INFO","msg":"GET /api/courses → 304","duration":"2ms"}
{"ts":"2026-06-03T02:07:16.825Z","level":"INFO","msg":"GET /api/users/starred → 304","duration":"1ms"}
{"ts":"2026-06-03T02:07:17.581Z","level":"INFO","msg":"GET /api/assignments → 304","duration":"1ms"}
{"ts":"2026-06-03T02:07:18.251Z","level":"INFO","msg":"GET /api/schedule → 304","duration":"2ms"}
{"ts":"2026-06-03T02:07:18.884Z","level":"INFO","msg":"GET /api/sessions → 304","duration":"1ms"}
{"ts":"2026-06-03T02:07:18.895Z","level":"INFO","msg":"GET /api/sessions/sess-1 → 304","duration":"1ms"}
{"ts":"2026-06-03T02:07:19.603Z","level":"INFO","msg":"GET /api/courses → 304","duration":"1ms"}
{"ts":"2026-06-03T02:07:19.605Z","level":"INFO","msg":"GET /api/users/starred → 304","duration":"3ms"}
{"ts":"2026-06-03T02:07:27.981Z","level":"INFO","msg":"DELETE /api/users/starred/course/linear-algebra → 200","duration":"3ms"}
{"ts":"2026-06-03T02:07:31.514Z","level":"INFO","msg":"GET / → 304","duration":"1ms"}
{"ts":"2026-06-03T02:07:31.533Z","level":"INFO","msg":"GET /api/auth/me → 304","duration":"1ms"}
{"ts":"2026-06-03T02:07:31.539Z","level":"INFO","msg":"GET /api/sessions → 304","duration":"1ms"}
{"ts":"2026-06-03T02:07:31.540Z","level":"INFO","msg":"GET /api/roadmaps → 304","duration":"2ms"}
{"ts":"2026-06-03T02:07:31.541Z","level":"INFO","msg":"GET /api/activity → 304","duration":"1ms"}
{"ts":"2026-06-03T02:07:31.541Z","level":"INFO","msg":"GET /api/stats → 304","duration":"0ms"}
{"ts":"2026-06-03T02:07:32.756Z","level":"INFO","msg":"GET /api/assignments → 304","duration":"2ms"}
{"ts":"2026-06-03T02:07:33.497Z","level":"INFO","msg":"GET /api/courses → 304","duration":"2ms"}
{"ts":"2026-06-03T02:07:33.499Z","level":"INFO","msg":"GET /api/users/starred → 200","duration":"3ms"}
{"ts":"2026-06-03T02:07:37.497Z","level":"INFO","msg":"POST /api/courses/deep-learning/enroll → 200","duration":"2ms"}
{"ts":"2026-06-03T02:07:38.087Z","level":"INFO","msg":"GET / → 304","duration":"0ms"}
{"ts":"2026-06-03T02:07:38.102Z","level":"INFO","msg":"GET /api/auth/me → 304","duration":"1ms"}
{"ts":"2026-06-03T02:07:38.107Z","level":"INFO","msg":"GET /api/activity → 304","duration":"1ms"}
{"ts":"2026-06-03T02:07:38.107Z","level":"INFO","msg":"GET /api/roadmaps → 304","duration":"1ms"}
{"ts":"2026-06-03T02:07:38.108Z","level":"INFO","msg":"GET /api/stats → 304","duration":"0ms"}
{"ts":"2026-06-03T02:07:38.109Z","level":"INFO","msg":"GET /api/sessions → 304","duration":"0ms"}
{"ts":"2026-06-03T02:07:39.675Z","level":"INFO","msg":"GET /api/courses → 304","duration":"1ms"}
{"ts":"2026-06-03T02:07:39.677Z","level":"INFO","msg":"GET /api/users/starred → 304","duration":"3ms"}
{"ts":"2026-06-03T02:07:42.155Z","level":"INFO","msg":"GET /api/assignments → 304","duration":"1ms"}
{"ts":"2026-06-03T02:07:43.004Z","level":"INFO","msg":"GET /api/flashcards/due → 200","duration":"2ms"}
{"ts":"2026-06-03T02:07:43.769Z","level":"INFO","msg":"GET /api/schedule → 304","duration":"1ms"}
{"ts":"2026-06-03T02:07:44.706Z","level":"INFO","msg":"GET /api/certificates → 304","duration":"3ms"}
{"ts":"2026-06-03T02:07:44.709Z","level":"INFO","msg":"GET /api/badges → 304","duration":"5ms"}
{"ts":"2026-06-03T02:07:45.803Z","level":"INFO","msg":"GET /api/schedule → 304","duration":"2ms"}
{"ts":"2026-06-03T02:11:43.505Z","level":"INFO","msg":"GET /api/flashcards/due → 200","duration":"4ms"}
{"ts":"2026-06-03T02:11:44.298Z","level":"INFO","msg":"GET /api/assignments → 304","duration":"2ms"}
{"ts":"2026-06-03T02:11:45.479Z","level":"INFO","msg":"GET /api/flashcards/due → 200","duration":"2ms"}
{"ts":"2026-06-03T02:11:49.447Z","level":"INFO","msg":"GET /api/assignments → 304","duration":"2ms"}
{"ts":"2026-06-03T02:11:50.987Z","level":"INFO","msg":"GET /api/sessions → 304","duration":"2ms"}
{"ts":"2026-06-03T02:11:50.993Z","level":"INFO","msg":"GET /api/sessions/sess-1 → 304","duration":"1ms"}
{"ts":"2026-06-03T02:11:51.697Z","level":"INFO","msg":"GET /api/sessions → 304","duration":"1ms"}
{"ts":"2026-06-03T02:11:51.699Z","level":"INFO","msg":"GET /api/roadmaps → 304","duration":"1ms"}
{"ts":"2026-06-03T02:11:51.700Z","level":"INFO","msg":"GET /api/activity → 304","duration":"1ms"}
{"ts":"2026-06-03T02:11:51.701Z","level":"INFO","msg":"GET /api/stats → 304","duration":"1ms"}
{"ts":"2026-06-03T02:11:53.031Z","level":"INFO","msg":"GET /api/roadmaps → 304","duration":"2ms"}
{"ts":"2026-06-03T02:11:53.055Z","level":"INFO","msg":"GET /api/roadmaps/rm-ml-engineer → 304","duration":"1ms"}
{"ts":"2026-06-03T02:11:53.717Z","level":"INFO","msg":"GET /api/sessions → 304","duration":"2ms"}
{"ts":"2026-06-03T02:11:53.727Z","level":"INFO","msg":"GET /api/sessions/sess-1 → 304","duration":"2ms"}
{"ts":"2026-06-03T02:16:13.017Z","level":"INFO","msg":"GET /api/assignments → 304","duration":"5ms"}
{"ts":"2026-06-03T02:16:13.745Z","level":"INFO","msg":"GET /api/users/starred → 304","duration":"1ms"}
{"ts":"2026-06-03T02:16:13.746Z","level":"INFO","msg":"GET /api/courses → 304","duration":"1ms"}
{"ts":"2026-06-03T02:16:14.500Z","level":"INFO","msg":"GET /api/assignments → 304","duration":"2ms"}
{"ts":"2026-06-03T02:16:15.114Z","level":"INFO","msg":"GET /api/flashcards/due → 200","duration":"2ms"}
{"ts":"2026-06-03T02:16:15.747Z","level":"INFO","msg":"GET /api/schedule → 304","duration":"2ms"}
{"ts":"2026-06-03T02:16:18.447Z","level":"INFO","msg":"GET /api/activity → 304","duration":"2ms"}
{"ts":"2026-06-03T02:16:19.097Z","level":"INFO","msg":"GET /api/users/starred → 304","duration":"2ms"}
{"ts":"2026-06-03T02:16:19.100Z","level":"INFO","msg":"GET /api/courses → 304","duration":"4ms"}
{"ts":"2026-06-03T02:16:20.979Z","level":"INFO","msg":"GET /api/schedule → 304","duration":"2ms"}
{"ts":"2026-06-03T02:16:21.530Z","level":"INFO","msg":"GET /api/flashcards/due → 200","duration":"2ms"}
{"ts":"2026-06-03T02:16:22.133Z","level":"INFO","msg":"GET /api/courses → 304","duration":"2ms"}
{"ts":"2026-06-03T02:16:22.134Z","level":"INFO","msg":"GET /api/users/starred → 304","duration":"2ms"}
{"ts":"2026-06-03T02:16:22.767Z","level":"INFO","msg":"GET /api/sessions → 304","duration":"1ms"}
{"ts":"2026-06-03T02:16:22.781Z","level":"INFO","msg":"GET /api/sessions/sess-1 → 304","duration":"1ms"}
{"ts":"2026-06-03T02:16:23.362Z","level":"INFO","msg":"GET /api/sessions → 304","duration":"2ms"}
{"ts":"2026-06-03T02:16:23.363Z","level":"INFO","msg":"GET /api/activity → 304","duration":"2ms"}
{"ts":"2026-06-03T02:16:23.364Z","level":"INFO","msg":"GET /api/stats → 304","duration":"1ms"}
{"ts":"2026-06-03T02:16:23.364Z","level":"INFO","msg":"GET /api/roadmaps → 304","duration":"0ms"}
{"ts":"2026-06-03T05:06:15.493Z","level":"INFO","msg":"GET /api/activity → 304","duration":"6ms"}
{"ts":"2026-06-03T05:06:23.648Z","level":"INFO","msg":"GET /api/stats → 304","duration":"2ms"}
{"ts":"2026-06-03T05:06:23.651Z","level":"INFO","msg":"GET /api/roadmaps → 304","duration":"4ms"}
{"ts":"2026-06-03T05:06:28.971Z","level":"INFO","msg":"GET /api/courses → 304","duration":"1ms"}
{"ts":"2026-06-03T05:06:28.973Z","level":"INFO","msg":"GET /api/users/starred → 304","duration":"3ms"}
{"ts":"2026-06-03T05:06:29.751Z","level":"INFO","msg":"GET /api/sessions → 304","duration":"2ms"}
{"ts":"2026-06-03T05:06:29.757Z","level":"INFO","msg":"GET /api/sessions/sess-1 → 304","duration":"1ms"}
{"ts":"2026-06-03T05:06:31.384Z","level":"INFO","msg":"GET /api/roadmaps → 304","duration":"2ms"}
{"ts":"2026-06-03T05:06:31.385Z","level":"INFO","msg":"GET /api/sessions → 304","duration":"2ms"}
{"ts":"2026-06-03T05:06:31.386Z","level":"INFO","msg":"GET /api/stats → 304","duration":"0ms"}
{"ts":"2026-06-03T05:06:31.388Z","level":"INFO","msg":"GET /api/activity → 304","duration":"0ms"}
{"ts":"2026-06-03T05:06:32.028Z","level":"INFO","msg":"GET /api/roadmaps → 304","duration":"1ms"}
{"ts":"2026-06-03T05:06:32.037Z","level":"INFO","msg":"GET /api/roadmaps/rm-ml-engineer → 304","duration":"2ms"}
{"ts":"2026-06-03T05:06:32.901Z","level":"INFO","msg":"GET /api/courses → 304","duration":"2ms"}
{"ts":"2026-06-03T05:06:32.902Z","level":"INFO","msg":"GET /api/users/starred → 304","duration":"2ms"}
{"ts":"2026-06-03T05:06:33.616Z","level":"INFO","msg":"GET /api/assignments → 304","duration":"2ms"}
{"ts":"2026-06-03T05:06:34.398Z","level":"INFO","msg":"GET /api/flashcards/due → 200","duration":"3ms"}
{"ts":"2026-06-03T05:06:35.748Z","level":"INFO","msg":"GET /api/schedule → 304","duration":"1ms"}
{"ts":"2026-06-03T05:06:36.502Z","level":"INFO","msg":"GET /api/users/agents → 304","duration":"3ms"}
{"ts":"2026-06-03T05:06:37.965Z","level":"INFO","msg":"GET /api/badges → 304","duration":"2ms"}
{"ts":"2026-06-03T05:06:37.967Z","level":"INFO","msg":"GET /api/certificates → 304","duration":"4ms"}
{"ts":"2026-06-03T05:06:41.944Z","level":"INFO","msg":"GET /api/activity → 304","duration":"1ms"}
{"ts":"2026-06-03T05:06:48.781Z","level":"INFO","msg":"GET /api/users/starred → 304","duration":"2ms"}
{"ts":"2026-06-03T05:06:48.782Z","level":"INFO","msg":"GET /api/courses → 304","duration":"3ms"}
{"ts":"2026-06-03T05:06:59.313Z","level":"INFO","msg":"DELETE /api/users/starred/course/ml-foundations → 200","duration":"3ms"}
{"ts":"2026-06-03T05:07:00.360Z","level":"INFO","msg":"DELETE /api/users/starred/course/deep-learning → 200","duration":"1ms"}
{"ts":"2026-06-03T05:07:00.726Z","level":"INFO","msg":"DELETE /api/users/starred/course/systems-design → 200","duration":"1ms"}
{"ts":"2026-06-03T05:07:03.731Z","level":"INFO","msg":"GET /api/users/starred → 200","duration":"2ms"}
{"ts":"2026-06-03T05:07:03.732Z","level":"INFO","msg":"GET /api/courses → 304","duration":"1ms"}
{"ts":"2026-06-03T05:07:05.304Z","level":"INFO","msg":"GET / → 304","duration":"1ms"}
{"ts":"2026-06-03T05:07:05.324Z","level":"INFO","msg":"GET /assets/index-Duxi9Dg6.js → 304","duration":"1ms"}
{"ts":"2026-06-03T05:07:05.325Z","level":"INFO","msg":"GET /assets/index-Cr-x2-iG.css → 200","duration":"1ms"}
{"ts":"2026-06-03T05:07:05.336Z","level":"INFO","msg":"GET /api/auth/me → 304","duration":"1ms"}
{"ts":"2026-06-03T05:07:05.345Z","level":"INFO","msg":"GET /api/roadmaps → 304","duration":"1ms"}
{"ts":"2026-06-03T05:07:05.346Z","level":"INFO","msg":"GET /api/sessions → 304","duration":"2ms"}
{"ts":"2026-06-03T05:07:05.347Z","level":"INFO","msg":"GET /api/activity → 304","duration":"1ms"}
{"ts":"2026-06-03T05:07:05.348Z","level":"INFO","msg":"GET /api/stats → 304","duration":"1ms"}
{"ts":"2026-06-03T05:07:06.823Z","level":"INFO","msg":"GET /api/users/starred → 304","duration":"2ms"}
{"ts":"2026-06-03T05:07:06.824Z","level":"INFO","msg":"GET /api/courses → 304","duration":"3ms"}
{"ts":"2026-06-03T05:07:07.802Z","level":"INFO","msg":"GET /api/activity → 304","duration":"2ms"}
{"ts":"2026-06-03T05:07:11.004Z","level":"INFO","msg":"GET /api/certificates → 304","duration":"2ms"}
{"ts":"2026-06-03T05:07:11.007Z","level":"INFO","msg":"GET /api/badges → 304","duration":"4ms"}
{"ts":"2026-06-03T05:07:12.071Z","level":"INFO","msg":"GET /api/users/agents → 304","duration":"1ms"}
{"ts":"2026-06-03T05:07:13.454Z","level":"INFO","msg":"GET /api/schedule → 304","duration":"2ms"}
{"ts":"2026-06-03T05:07:14.126Z","level":"INFO","msg":"GET /api/flashcards/due → 200","duration":"4ms"}
{"ts":"2026-06-03T05:07:14.801Z","level":"INFO","msg":"GET /api/assignments → 304","duration":"1ms"}
{"ts":"2026-06-03T05:07:15.644Z","level":"INFO","msg":"GET /api/courses → 304","duration":"1ms"}
{"ts":"2026-06-03T05:07:15.645Z","level":"INFO","msg":"GET /api/users/starred → 304","duration":"2ms"}
{"ts":"2026-06-03T05:07:16.359Z","level":"INFO","msg":"GET /api/sessions → 304","duration":"3ms"}
{"ts":"2026-06-03T05:07:16.364Z","level":"INFO","msg":"GET /api/sessions/sess-1 → 304","duration":"1ms"}
{"ts":"2026-06-03T05:07:17.204Z","level":"INFO","msg":"GET /api/roadmaps → 304","duration":"2ms"}
{"ts":"2026-06-03T05:07:17.210Z","level":"INFO","msg":"GET /api/roadmaps/rm-ml-engineer → 304","duration":"2ms"}
{"ts":"2026-06-03T05:07:18.405Z","level":"INFO","msg":"GET /api/roadmaps → 304","duration":"2ms"}
{"ts":"2026-06-03T05:07:18.407Z","level":"INFO","msg":"GET /api/sessions → 304","duration":"4ms"}
{"ts":"2026-06-03T05:07:18.410Z","level":"INFO","msg":"GET /api/activity → 304","duration":"2ms"}
{"ts":"2026-06-03T05:07:18.411Z","level":"INFO","msg":"GET /api/stats → 304","duration":"2ms"}
{"ts":"2026-06-03T05:07:19.906Z","level":"INFO","msg":"GET /api/courses → 304","duration":"1ms"}
{"ts":"2026-06-03T05:07:19.908Z","level":"INFO","msg":"GET /api/users/starred → 304","duration":"3ms"}
{"ts":"2026-06-03T05:07:38.237Z","level":"INFO","msg":"POST /api/users/starred → 200","duration":"3ms"}
{"ts":"2026-06-03T05:07:41.201Z","level":"INFO","msg":"GET /api/users/starred → 200","duration":"2ms"}
{"ts":"2026-06-03T05:07:41.203Z","level":"INFO","msg":"GET /api/courses → 304","duration":"0ms"}
{"ts":"2026-06-03T05:07:43.520Z","level":"INFO","msg":"GET /api/flashcards/due → 200","duration":"2ms"}
{"ts":"2026-06-03T05:07:44.418Z","level":"INFO","msg":"GET /api/assignments → 304","duration":"2ms"}
{"ts":"2026-06-03T05:07:45.455Z","level":"INFO","msg":"GET /api/courses → 304","duration":"1ms"}
{"ts":"2026-06-03T05:07:45.458Z","level":"INFO","msg":"GET /api/users/starred → 304","duration":"2ms"}
{"ts":"2026-06-03T05:41:39.695Z","level":"INFO","msg":"GET / → 304","duration":"1ms"}
{"ts":"2026-06-03T05:41:39.718Z","level":"INFO","msg":"GET /api/auth/me → 304","duration":"2ms"}
{"ts":"2026-06-03T05:41:39.726Z","level":"INFO","msg":"GET /api/sessions → 304","duration":"2ms"}
{"ts":"2026-06-03T05:41:39.726Z","level":"INFO","msg":"GET /api/activity → 304","duration":"1ms"}
{"ts":"2026-06-03T05:41:39.727Z","level":"INFO","msg":"GET /api/stats → 304","duration":"0ms"}
{"ts":"2026-06-03T05:41:39.729Z","level":"INFO","msg":"GET /api/roadmaps → 304","duration":"1ms"}
{"ts":"2026-06-03T05:41:41.342Z","level":"INFO","msg":"GET /api/roadmaps → 304","duration":"1ms"}
{"ts":"2026-06-03T05:41:41.351Z","level":"INFO","msg":"GET /api/roadmaps/rm-ml-engineer → 304","duration":"2ms"}
{"ts":"2026-06-03T05:41:42.013Z","level":"INFO","msg":"GET /api/sessions → 304","duration":"1ms"}
{"ts":"2026-06-03T05:41:42.024Z","level":"INFO","msg":"GET /api/sessions/sess-1 → 304","duration":"1ms"}
{"ts":"2026-06-03T05:41:43.400Z","level":"INFO","msg":"GET /api/users/starred → 304","duration":"1ms"}
{"ts":"2026-06-03T05:41:43.401Z","level":"INFO","msg":"GET /api/courses → 304","duration":"2ms"}
{"ts":"2026-06-03T05:42:05.965Z","level":"INFO","msg":"GET /api/flashcards/due → 200","duration":"2ms"}
{"ts":"2026-06-03T05:42:09.647Z","level":"INFO","msg":"GET /api/assignments → 304","duration":"2ms"}
{"ts":"2026-06-03T05:42:10.847Z","level":"INFO","msg":"GET /api/schedule → 304","duration":"1ms"}
{"ts":"2026-06-03T05:42:16.430Z","level":"INFO","msg":"GET /api/users/agents → 304","duration":"1ms"}
{"ts":"2026-06-03T05:42:29.247Z","level":"INFO","msg":"GET /api/certificates → 304","duration":"2ms"}
{"ts":"2026-06-03T05:42:29.250Z","level":"INFO","msg":"GET /api/badges → 304","duration":"5ms"}
{"ts":"2026-06-03T05:42:54.650Z","level":"INFO","msg":"GET /api/activity → 304","duration":"2ms"}
{"ts":"2026-06-03T05:42:58.744Z","level":"INFO","msg":"GET /api/users/starred → 304","duration":"2ms"}
{"ts":"2026-06-03T05:42:58.746Z","level":"INFO","msg":"GET /api/courses → 304","duration":"1ms"}
{"ts":"2026-06-03T05:47:45.924Z","level":"INFO","msg":"GET / → 304","duration":"1ms"}
{"ts":"2026-06-03T05:47:45.948Z","level":"INFO","msg":"GET /api/auth/me → 304","duration":"1ms"}
{"ts":"2026-06-03T05:47:45.957Z","level":"INFO","msg":"GET /api/activity → 304","duration":"1ms"}
{"ts":"2026-06-03T05:47:45.958Z","level":"INFO","msg":"GET /api/sessions → 304","duration":"2ms"}
{"ts":"2026-06-03T05:47:45.959Z","level":"INFO","msg":"GET /api/stats → 304","duration":"0ms"}
{"ts":"2026-06-03T05:47:45.961Z","level":"INFO","msg":"GET /api/roadmaps → 304","duration":"1ms"}
{"ts":"2026-06-03T05:47:49.829Z","level":"INFO","msg":"GET /api/roadmaps → 304","duration":"4ms"}
{"ts":"2026-06-03T05:47:49.833Z","level":"INFO","msg":"GET /api/roadmaps/rm-ml-engineer → 304","duration":"2ms"}
{"ts":"2026-06-03T05:47:54.151Z","level":"INFO","msg":"GET /api/sessions → 304","duration":"2ms"}
{"ts":"2026-06-03T05:47:54.161Z","level":"INFO","msg":"GET /api/sessions/sess-1 → 304","duration":"1ms"}
{"ts":"2026-06-03T05:47:55.020Z","level":"INFO","msg":"GET /api/users/starred → 304","duration":"2ms"}
{"ts":"2026-06-03T05:47:55.021Z","level":"INFO","msg":"GET /api/courses → 304","duration":"1ms"}
{"ts":"2026-06-03T05:47:55.833Z","level":"INFO","msg":"GET /api/assignments → 304","duration":"2ms"}
{"ts":"2026-06-03T05:47:56.628Z","level":"INFO","msg":"GET /api/schedule → 304","duration":"1ms"}
{"ts":"2026-06-03T05:47:57.498Z","level":"INFO","msg":"GET /api/users/agents → 304","duration":"2ms"}
{"ts":"2026-06-03T05:47:58.162Z","level":"INFO","msg":"GET /api/certificates → 304","duration":"3ms"}
{"ts":"2026-06-03T05:47:58.166Z","level":"INFO","msg":"GET /api/badges → 304","duration":"6ms"}
{"ts":"2026-06-03T05:48:25.726Z","level":"INFO","msg":"GET /api/activity → 304","duration":"2ms"}
{"ts":"2026-06-03T05:48:31.799Z","level":"INFO","msg":"GET /api/users/settings → 200","duration":"3ms"}
{"ts":"2026-06-03T05:48:31.805Z","level":"INFO","msg":"GET /api/users/apikeys → 304","duration":"1ms"}
{"ts":"2026-06-03T05:48:31.807Z","level":"INFO","msg":"GET /api/users/profile → 200","duration":"3ms"}
{"ts":"2026-06-03T05:48:31.809Z","level":"INFO","msg":"GET /api/users/agent-routing → 304","duration":"1ms"}
{"ts":"2026-06-03T05:48:45.225Z","level":"INFO","msg":"GET /api/users/profile → 304","duration":"2ms"}
{"ts":"2026-06-03T05:48:45.228Z","level":"INFO","msg":"GET /api/users/apikeys → 304","duration":"4ms"}
{"ts":"2026-06-03T05:48:45.231Z","level":"INFO","msg":"GET /api/users/agent-routing → 304","duration":"2ms"}
{"ts":"2026-06-03T05:48:45.233Z","level":"INFO","msg":"GET /api/users/agents → 304","duration":"2ms"}
{"ts":"2026-06-03T05:48:45.236Z","level":"INFO","msg":"GET /api/users/settings → 304","duration":"2ms"}
{"ts":"2026-06-03T05:49:43.822Z","level":"INFO","msg":"GET /api/activity → 304","duration":"5ms"}
{"ts":"2026-06-03T05:49:44.696Z","level":"INFO","msg":"GET /api/users/starred → 304","duration":"4ms"}
{"ts":"2026-06-03T05:49:44.701Z","level":"INFO","msg":"GET /api/courses → 304","duration":"2ms"}
{"ts":"2026-06-03T05:49:47.111Z","level":"INFO","msg":"GET /api/users/agents → 304","duration":"2ms"}
{"ts":"2026-06-03T05:49:47.728Z","level":"INFO","msg":"GET /api/certificates → 304","duration":"2ms"}
{"ts":"2026-06-03T05:49:47.731Z","level":"INFO","msg":"GET /api/badges → 304","duration":"4ms"}
{"ts":"2026-06-03T05:49:48.495Z","level":"INFO","msg":"GET /api/assignments → 304","duration":"2ms"}
{"ts":"2026-06-03T05:49:49.197Z","level":"INFO","msg":"GET /api/sessions → 304","duration":"2ms"}
{"ts":"2026-06-03T05:49:49.202Z","level":"INFO","msg":"GET /api/sessions/sess-1 → 304","duration":"2ms"}
{"ts":"2026-06-03T05:49:51.466Z","level":"INFO","msg":"GET /api/sessions → 304","duration":"2ms"}
{"ts":"2026-06-03T05:49:51.468Z","level":"INFO","msg":"GET /api/activity → 304","duration":"3ms"}
{"ts":"2026-06-03T05:49:51.471Z","level":"INFO","msg":"GET /api/stats → 304","duration":"2ms"}
{"ts":"2026-06-03T05:49:51.472Z","level":"INFO","msg":"GET /api/roadmaps → 304","duration":"1ms"}
{"ts":"2026-06-03T05:49:55.399Z","level":"INFO","msg":"GET /api/sessions → 304","duration":"2ms"}
{"ts":"2026-06-03T05:49:55.410Z","level":"INFO","msg":"GET /api/sessions/sess-1 → 304","duration":"2ms"}
{"ts":"2026-06-03T05:49:59.893Z","level":"INFO","msg":"PATCH /api/sessions/sess-1 → 200","duration":"4ms"}
{"ts":"2026-06-03T05:50:09.218Z","level":"INFO","msg":"GET /api/courses → 304","duration":"2ms"}
{"ts":"2026-06-03T05:50:09.219Z","level":"INFO","msg":"GET /api/users/starred → 304","duration":"2ms"}
{"ts":"2026-06-03T05:50:10.080Z","level":"INFO","msg":"GET /api/sessions → 200","duration":"2ms"}
{"ts":"2026-06-03T05:50:10.087Z","level":"INFO","msg":"GET /api/sessions/sess-1 → 200","duration":"1ms"}
{"ts":"2026-06-03T05:50:12.031Z","level":"INFO","msg":"GET / → 304","duration":"1ms"}
{"ts":"2026-06-03T05:50:12.057Z","level":"INFO","msg":"GET /api/auth/me → 304","duration":"1ms"}
{"ts":"2026-06-03T05:50:12.064Z","level":"INFO","msg":"GET /api/roadmaps → 304","duration":"1ms"}
{"ts":"2026-06-03T05:50:12.065Z","level":"INFO","msg":"GET /api/sessions → 304","duration":"2ms"}
{"ts":"2026-06-03T05:50:12.066Z","level":"INFO","msg":"GET /api/activity → 304","duration":"1ms"}
{"ts":"2026-06-03T05:50:12.067Z","level":"INFO","msg":"GET /api/stats → 200","duration":"2ms"}
{"ts":"2026-06-03T05:50:12.880Z","level":"INFO","msg":"GET /api/sessions → 304","duration":"1ms"}
{"ts":"2026-06-03T05:50:12.889Z","level":"INFO","msg":"GET /api/sessions/sess-1 → 304","duration":"1ms"}
{"ts":"2026-06-03T05:50:39.916Z","level":"INFO","msg":"GET /api/flashcards/due → 200","duration":"4ms"}
{"ts":"2026-06-03T05:50:40.647Z","level":"INFO","msg":"GET /api/courses → 304","duration":"1ms"}
{"ts":"2026-06-03T05:50:40.650Z","level":"INFO","msg":"GET /api/users/starred → 304","duration":"2ms"}
{"ts":"2026-06-03T05:50:41.615Z","level":"INFO","msg":"GET /api/assignments → 304","duration":"2ms"}
{"ts":"2026-06-03T05:50:42.460Z","level":"INFO","msg":"GET /api/flashcards/due → 304","duration":"2ms"}
{"ts":"2026-06-03T06:08:12.767Z","level":"INFO","msg":"GET /api/schedule → 304","duration":"2ms"}
{"ts":"2026-06-03T06:08:14.045Z","level":"INFO","msg":"GET /api/users/agents → 304","duration":"3ms"}
{"ts":"2026-06-03T06:08:14.774Z","level":"INFO","msg":"GET /api/certificates → 304","duration":"1ms"}
{"ts":"2026-06-03T06:08:14.776Z","level":"INFO","msg":"GET /api/badges → 304","duration":"1ms"}
{"ts":"2026-06-03T06:25:25.729Z","level":"INFO","msg":"GET /api/health → 200","duration":"3ms"}
{"ts":"2026-06-03T06:26:23.234Z","level":"INFO","msg":"POST /api/auth/login → 200","duration":"120ms"}
{"ts":"2026-06-03T06:27:31.464Z","level":"INFO","msg":"POST /api/auth/login → 200","duration":"71ms"}
{"ts":"2026-06-03T06:27:31.478Z","level":"INFO","msg":"GET /api/community/threads → 200","duration":"3ms"}
{"ts":"2026-06-03T06:27:31.532Z","level":"INFO","msg":"GET /api/community/leaderboard → 200","duration":"2ms"}
{"ts":"2026-06-03T06:27:31.589Z","level":"INFO","msg":"POST /api/community/threads → 200","duration":"3ms"}
{"ts":"2026-06-03T06:27:31.648Z","level":"INFO","msg":"POST /api/community/threads/t-1/vote → 200","duration":"0ms"}
{"ts":"2026-06-03T06:27:31.713Z","level":"INFO","msg":"GET /api/stats → 200","duration":"1ms"}
{"ts":"2026-06-03T06:33:15.157Z","level":"INFO","msg":"GET /api/roadmaps → 304","duration":"5ms"}
{"ts":"2026-06-03T06:33:15.160Z","level":"INFO","msg":"GET /api/sessions → 304","duration":"2ms"}
{"ts":"2026-06-03T06:33:15.161Z","level":"INFO","msg":"GET /api/activity → 200","duration":"1ms"}
{"ts":"2026-06-03T06:33:15.162Z","level":"INFO","msg":"GET /api/stats → 200","duration":"1ms"}
{"ts":"2026-06-03T06:33:17.438Z","level":"INFO","msg":"POST /api/auth/logout → 200","duration":"3ms"}
{"ts":"2026-06-03T06:33:46.476Z","level":"INFO","msg":"POST /api/auth/login → 200","duration":"83ms"}
{"ts":"2026-06-03T06:33:46.502Z","level":"INFO","msg":"GET /api/roadmaps → 304","duration":"1ms"}
{"ts":"2026-06-03T06:33:46.503Z","level":"INFO","msg":"GET /api/activity → 304","duration":"1ms"}
{"ts":"2026-06-03T06:33:46.505Z","level":"INFO","msg":"GET /api/sessions → 304","duration":"1ms"}
{"ts":"2026-06-03T06:33:46.506Z","level":"INFO","msg":"GET /api/stats → 304","duration":"1ms"}
{"ts":"2026-06-03T06:34:23.956Z","level":"INFO","msg":"GET /api/activity → 304","duration":"2ms"}
{"ts":"2026-06-03T06:34:28.189Z","level":"INFO","msg":"GET /api/roadmaps → 304","duration":"2ms"}
{"ts":"2026-06-03T06:34:28.198Z","level":"INFO","msg":"GET /api/roadmaps/rm-ml-engineer → 304","duration":"3ms"}
{"ts":"2026-06-03T06:34:51.827Z","level":"INFO","msg":"GET /api/roadmaps → 304","duration":"3ms"}
{"ts":"2026-06-03T06:34:51.830Z","level":"INFO","msg":"GET /api/activity → 304","duration":"5ms"}
{"ts":"2026-06-03T06:34:51.833Z","level":"INFO","msg":"GET /api/sessions → 304","duration":"2ms"}
{"ts":"2026-06-03T06:34:51.835Z","level":"INFO","msg":"GET /api/stats → 304","duration":"2ms"}
{"ts":"2026-06-03T06:47:01.134Z","level":"INFO","msg":"GET /api/health → 200","duration":"4ms"}
{"ts":"2026-06-03T06:47:01.141Z","level":"INFO","msg":"GET /api/health → 200","duration":"1ms"}
{"ts":"2026-06-03T06:47:14.820Z","level":"INFO","msg":"POST /api/auth/login → 200","duration":"68ms"}
{"ts":"2026-06-03T06:47:14.831Z","level":"INFO","msg":"GET /api/ai/status → 200","duration":"1ms"}
{"ts":"2026-06-03T06:47:14.857Z","level":"WARN","msg":"POST /api/ai/ping → 502","duration":"20ms"}
{"ts":"2026-06-03T06:47:14.864Z","level":"INFO","msg":"GET /api/ai/usage → 200","duration":"0ms"}
{"ts":"2026-06-03T06:47:14.871Z","level":"WARN","msg":"GET /api/jobs/nope → 404","duration":"1ms"}
{"ts":"2026-06-03T06:47:14.878Z","level":"INFO","msg":"POST /api/users/apikeys → 200","duration":"1ms"}
{"ts":"2026-06-03T06:48:01.908Z","level":"INFO","msg":"GET /api/health → 200","duration":"3ms"}
{"ts":"2026-06-03T06:48:01.989Z","level":"INFO","msg":"POST /api/auth/login → 200","duration":"68ms"}
{"ts":"2026-06-03T06:48:02.000Z","level":"WARN","msg":"POST /api/ai/ping → 400","duration":"1ms"}
{"ts":"2026-06-03T06:59:33.001Z","level":"INFO","msg":"GET / → 200","duration":"5ms"}
{"ts":"2026-06-03T06:59:33.027Z","level":"INFO","msg":"GET /assets/index-Cr-x2-iG.css → 200","duration":"2ms"}
{"ts":"2026-06-03T06:59:33.027Z","level":"INFO","msg":"GET /assets/index-CxpUuKRd.js → 200","duration":"3ms"}
{"ts":"2026-06-03T06:59:33.043Z","level":"INFO","msg":"GET /api/auth/me → 200","duration":"4ms"}
{"ts":"2026-06-03T06:59:35.804Z","level":"INFO","msg":"GET /api/auth/me → 304","duration":"1ms"}
{"ts":"2026-06-03T06:59:49.488Z","level":"INFO","msg":"GET / → 200","duration":"9ms"}
{"ts":"2026-06-03T06:59:49.497Z","level":"INFO","msg":"GET /assets/index-hDV_Mbtx.js → 200","duration":"3ms"}
{"ts":"2026-06-03T06:59:49.513Z","level":"INFO","msg":"GET /api/auth/me → 304","duration":"4ms"}
{"ts":"2026-06-03T06:59:50.364Z","level":"INFO","msg":"GET / → 304","duration":"2ms"}
{"ts":"2026-06-03T06:59:50.377Z","level":"INFO","msg":"GET /api/auth/me → 304","duration":"1ms"}
{"ts":"2026-06-03T06:59:51.227Z","level":"INFO","msg":"GET /api/auth/me → 304","duration":"1ms"}
{"ts":"2026-06-03T06:59:52.158Z","level":"WARN","msg":"404 Not Found: GET /.well-known/appspecific/com.chrome.devtools.json"}
{"ts":"2026-06-03T06:59:52.159Z","level":"WARN","msg":"GET /.well-known/appspecific/com.chrome.devtools.json → 404","duration":"1ms"}
{"ts":"2026-06-03T07:01:05.583Z","level":"INFO","msg":"GET /api/health → 200","duration":"3ms"}
{"ts":"2026-06-03T07:01:05.589Z","level":"INFO","msg":"GET /api/health → 200","duration":"1ms"}
{"ts":"2026-06-03T07:20:47.059Z","level":"INFO","msg":"GET /api/health → 200","duration":"3ms"}
{"ts":"2026-06-03T07:22:02.715Z","level":"INFO","msg":"POST /api/auth/login → 200","duration":"84ms"}
{"ts":"2026-06-03T07:22:02.730Z","level":"INFO","msg":"GET /api/ai/status → 200","duration":"3ms"}
{"ts":"2026-06-03T07:22:02.790Z","level":"INFO","msg":"GET /api/users/profile → 200","duration":"3ms"}
{"ts":"2026-06-03T07:22:02.853Z","level":"INFO","msg":"POST /api/roadmaps/generate → 200","duration":"2ms"}
{"ts":"2026-06-03T07:22:02.921Z","level":"INFO","msg":"GET /api/community/threads → 200","duration":"1ms"}
{"ts":"2026-06-03T07:24:49.184Z","level":"INFO","msg":"POST /api/auth/login → 200","duration":"179ms"}
{"ts":"2026-06-03T07:24:49.217Z","level":"INFO","msg":"GET /api/users/profile → 200","duration":"6ms"}
{"ts":"2026-06-03T07:24:51.963Z","level":"INFO","msg":"POST /api/ai/ping → 200","duration":"2621ms"}
{"ts":"2026-06-03T07:24:52.002Z","level":"INFO","msg":"POST /api/roadmaps/generate → 200","duration":"4ms"}
{"ts":"2026-06-03T07:24:54.155Z","level":"INFO","msg":"GET /api/jobs/job-1780471492000-2wj6 → 200","duration":"4ms"}
{"ts":"2026-06-03T07:25:26.940Z","level":"INFO","msg":"POST /api/auth/login → 200","duration":"92ms"}
{"ts":"2026-06-03T07:25:26.954Z","level":"INFO","msg":"GET /api/users/profile → 200","duration":"1ms"}
{"ts":"2026-06-03T07:25:27.029Z","level":"INFO","msg":"GET /api/jobs/job-1780471492000-2wj6 → 200","duration":"1ms"}
{"ts":"2026-06-03T07:26:38.227Z","level":"INFO","msg":"POST /api/auth/login → 200","duration":"147ms"}
{"ts":"2026-06-03T07:26:38.250Z","level":"INFO","msg":"GET /api/roadmaps → 200","duration":"2ms"}
{"ts":"2026-06-03T07:29:58.922Z","level":"INFO","msg":"GET / → 200","duration":"6ms"}
{"ts":"2026-06-03T07:29:59.010Z","level":"INFO","msg":"GET /api/auth/me → 304","duration":"3ms"}
{"ts":"2026-06-03T07:30:08.472Z","level":"INFO","msg":"GET / → 200","duration":"9ms"}
{"ts":"2026-06-03T07:30:08.496Z","level":"INFO","msg":"GET /api/auth/me → 304","duration":"7ms"}
{"ts":"2026-06-03T07:30:09.621Z","level":"INFO","msg":"GET / → 304","duration":"1ms"}
{"ts":"2026-06-03T07:30:09.638Z","level":"INFO","msg":"GET /api/auth/me → 304","duration":"1ms"}
{"ts":"2026-06-03T07:30:10.189Z","level":"INFO","msg":"GET / → 304","duration":"1ms"}
{"ts":"2026-06-03T07:30:10.203Z","level":"INFO","msg":"GET /api/auth/me → 304","duration":"2ms"}
{"ts":"2026-06-03T07:30:11.058Z","level":"INFO","msg":"GET / → 304","duration":"2ms"}
{"ts":"2026-06-03T07:30:11.072Z","level":"INFO","msg":"GET /api/auth/me → 304","duration":"0ms"}
{"ts":"2026-06-03T07:30:12.302Z","level":"WARN","msg":"404 Not Found: GET /.well-known/appspecific/com.chrome.devtools.json"}
{"ts":"2026-06-03T07:30:12.304Z","level":"WARN","msg":"GET /.well-known/appspecific/com.chrome.devtools.json → 404","duration":"2ms"}
{"ts":"2026-06-03T07:34:07.080Z","level":"INFO","msg":"GET / → 304","duration":"3ms"}
{"ts":"2026-06-03T07:34:07.097Z","level":"WARN","msg":"404 Not Found: GET /.well-known/appspecific/com.chrome.devtools.json"}
{"ts":"2026-06-03T07:34:07.098Z","level":"WARN","msg":"GET /.well-known/appspecific/com.chrome.devtools.json → 404","duration":"2ms"}
{"ts":"2026-06-03T07:34:07.118Z","level":"INFO","msg":"GET /api/auth/me → 304","duration":"2ms"}
{"ts":"2026-06-03T07:35:42.813Z","level":"INFO","msg":"GET /api/health → 200","duration":"3ms"}
{"ts":"2026-06-03T07:36:02.038Z","level":"INFO","msg":"GET / → 200","duration":"8ms"}
{"ts":"2026-06-03T07:36:02.050Z","level":"WARN","msg":"404 Not Found: GET /.well-known/appspecific/com.chrome.devtools.json"}
{"ts":"2026-06-03T07:36:02.051Z","level":"WARN","msg":"GET /.well-known/appspecific/com.chrome.devtools.json → 404","duration":"2ms"}
{"ts":"2026-06-03T07:36:02.055Z","level":"INFO","msg":"GET /assets/index-BwGF03qZ.js → 200","duration":"3ms"}
{"ts":"2026-06-03T07:36:02.078Z","level":"INFO","msg":"GET /api/auth/me → 304","duration":"6ms"}
{"ts":"2026-06-03T07:36:02.112Z","level":"INFO","msg":"GET /api/roadmaps → 200","duration":"3ms"}
{"ts":"2026-06-03T07:36:02.114Z","level":"INFO","msg":"GET /api/activity → 304","duration":"5ms"}
{"ts":"2026-06-03T07:36:02.118Z","level":"INFO","msg":"GET /api/sessions → 304","duration":"2ms"}
{"ts":"2026-06-03T07:36:02.125Z","level":"INFO","msg":"GET /api/stats → 200","duration":"6ms"}
{"ts":"2026-06-03T07:36:07.439Z","level":"INFO","msg":"POST /api/auth/logout → 200","duration":"2ms"}
{"ts":"2026-06-03T07:36:22.071Z","level":"INFO","msg":"POST /api/auth/login → 200","duration":"79ms"}
{"ts":"2026-06-03T07:36:22.077Z","level":"INFO","msg":"GET /api/roadmaps → 304","duration":"1ms"}
{"ts":"2026-06-03T07:36:22.078Z","level":"INFO","msg":"GET /api/stats → 304","duration":"1ms"}
{"ts":"2026-06-03T07:36:22.079Z","level":"INFO","msg":"GET /api/activity → 304","duration":"0ms"}
{"ts":"2026-06-03T07:36:22.080Z","level":"INFO","msg":"GET /api/sessions → 304","duration":"0ms"}
{"ts":"2026-06-03T07:36:25.369Z","level":"INFO","msg":"GET /api/roadmaps → 304","duration":"3ms"}
{"ts":"2026-06-03T07:36:25.378Z","level":"INFO","msg":"GET /api/roadmaps/rm-ml-engineer → 200","duration":"3ms"}
{"ts":"2026-06-03T07:36:26.222Z","level":"INFO","msg":"GET /api/sessions → 304","duration":"1ms"}
{"ts":"2026-06-03T07:36:26.231Z","level":"INFO","msg":"GET /api/sessions/sess-1 → 304","duration":"1ms"}
{"ts":"2026-06-03T07:36:28.459Z","level":"INFO","msg":"GET /api/courses → 304","duration":"2ms"}
{"ts":"2026-06-03T07:36:28.461Z","level":"INFO","msg":"GET /api/users/starred → 304","duration":"2ms"}
{"ts":"2026-06-03T07:36:35.924Z","level":"INFO","msg":"GET /api/assignments → 304","duration":"3ms"}
{"ts":"2026-06-03T07:36:38.095Z","level":"INFO","msg":"POST /api/assignments → 200","duration":"2ms"}
{"ts":"2026-06-03T07:36:38.099Z","level":"INFO","msg":"GET /api/assignments → 200","duration":"1ms"}
{"ts":"2026-06-03T07:36:44.815Z","level":"INFO","msg":"PATCH /api/assignments/a-1780472198094 → 200","duration":"2ms"}
{"ts":"2026-06-03T07:36:44.825Z","level":"INFO","msg":"GET /api/assignments → 200","duration":"6ms"}
{"ts":"2026-06-03T07:36:47.346Z","level":"INFO","msg":"PATCH /api/assignments/a-1780472198094 → 200","duration":"2ms"}
{"ts":"2026-06-03T07:36:47.351Z","level":"INFO","msg":"GET /api/assignments → 200","duration":"2ms"}
{"ts":"2026-06-03T07:36:52.283Z","level":"INFO","msg":"GET /api/flashcards/due → 200","duration":"2ms"}
{"ts":"2026-06-03T07:36:53.204Z","level":"INFO","msg":"GET /api/courses → 304","duration":"2ms"}
{"ts":"2026-06-03T07:36:53.206Z","level":"INFO","msg":"GET /api/users/starred → 304","duration":"1ms"}
{"ts":"2026-06-03T07:36:54.487Z","level":"INFO","msg":"GET /api/sessions → 304","duration":"2ms"}
{"ts":"2026-06-03T07:36:54.491Z","level":"INFO","msg":"GET /api/sessions/sess-1 → 304","duration":"0ms"}
{"ts":"2026-06-03T07:37:00.751Z","level":"INFO","msg":"GET /api/assignments → 304","duration":"2ms"}
{"ts":"2026-06-03T07:37:01.682Z","level":"INFO","msg":"GET /api/flashcards/due → 200","duration":"2ms"}
{"ts":"2026-06-03T07:37:03.119Z","level":"INFO","msg":"GET /api/schedule → 304","duration":"2ms"}
{"ts":"2026-06-03T07:37:56.847Z","level":"INFO","msg":"GET /api/users/settings → 304","duration":"7ms"}
{"ts":"2026-06-03T07:37:56.849Z","level":"INFO","msg":"GET /api/users/apikeys → 200","duration":"1ms"}
{"ts":"2026-06-03T07:37:56.851Z","level":"INFO","msg":"GET /api/users/profile → 200","duration":"1ms"}
{"ts":"2026-06-03T07:37:56.855Z","level":"INFO","msg":"GET /api/users/agent-routing → 304","duration":"1ms"}
{"ts":"2026-06-03T07:38:04.650Z","level":"INFO","msg":"GET /api/users/starred → 304","duration":"2ms"}
{"ts":"2026-06-03T07:38:04.651Z","level":"INFO","msg":"GET /api/courses → 304","duration":"3ms"}
{"ts":"2026-06-03T07:38:05.502Z","level":"INFO","msg":"GET /api/activity → 304","duration":"1ms"}
{"ts":"2026-06-03T07:38:09.000Z","level":"INFO","msg":"GET /api/community/threads → 200","duration":"3ms"}
{"ts":"2026-06-03T07:38:09.004Z","level":"INFO","msg":"GET /api/community/leaderboard → 200","duration":"6ms"}
{"ts":"2026-06-03T07:38:10.567Z","level":"INFO","msg":"GET /api/badges → 304","duration":"3ms"}
{"ts":"2026-06-03T07:38:10.570Z","level":"INFO","msg":"GET /api/certificates → 304","duration":"5ms"}
{"ts":"2026-06-03T07:39:09.351Z","level":"INFO","msg":"GET /api/courses → 304","duration":"3ms"}
{"ts":"2026-06-03T07:39:09.356Z","level":"INFO","msg":"GET /api/users/starred → 304","duration":"4ms"}
{"ts":"2026-06-03T07:39:10.145Z","level":"INFO","msg":"GET /api/assignments → 304","duration":"1ms"}
{"ts":"2026-06-03T07:39:15.220Z","level":"INFO","msg":"GET /api/courses → 304","duration":"1ms"}
{"ts":"2026-06-03T07:39:15.222Z","level":"INFO","msg":"GET /api/users/starred → 304","duration":"3ms"}
{"ts":"2026-06-03T07:39:26.155Z","level":"INFO","msg":"GET /api/users/apikeys → 304","duration":"2ms"}
{"ts":"2026-06-03T07:39:26.157Z","level":"INFO","msg":"GET /api/users/settings → 304","duration":"4ms"}
{"ts":"2026-06-03T07:39:26.159Z","level":"INFO","msg":"GET /api/users/profile → 304","duration":"1ms"}
{"ts":"2026-06-03T07:39:26.161Z","level":"INFO","msg":"GET /api/users/agent-routing → 304","duration":"1ms"}
{"ts":"2026-06-03T07:39:26.830Z","level":"INFO","msg":"GET /api/users/starred → 304","duration":"2ms"}
{"ts":"2026-06-03T07:39:26.832Z","level":"INFO","msg":"GET /api/courses → 304","duration":"3ms"}
{"ts":"2026-06-03T07:39:27.567Z","level":"INFO","msg":"GET /api/activity → 304","duration":"2ms"}
{"ts":"2026-06-03T07:39:28.866Z","level":"INFO","msg":"GET /api/certificates → 304","duration":"3ms"}
{"ts":"2026-06-03T07:39:28.867Z","level":"INFO","msg":"GET /api/badges → 304","duration":"3ms"}
{"ts":"2026-06-03T07:39:30.218Z","level":"INFO","msg":"GET /api/users/agents → 304","duration":"2ms"}
{"ts":"2026-06-03T07:39:30.851Z","level":"INFO","msg":"GET /api/assignments → 304","duration":"2ms"}
{"ts":"2026-06-03T07:39:31.632Z","level":"INFO","msg":"GET /api/roadmaps → 304","duration":"1ms"}
{"ts":"2026-06-03T07:39:31.640Z","level":"INFO","msg":"GET /api/roadmaps/rm-ml-engineer → 304","duration":"1ms"}
{"ts":"2026-06-03T07:39:32.919Z","level":"INFO","msg":"GET /api/roadmaps → 304","duration":"2ms"}
{"ts":"2026-06-03T07:39:32.921Z","level":"INFO","msg":"GET /api/activity → 304","duration":"3ms"}
{"ts":"2026-06-03T07:39:32.923Z","level":"INFO","msg":"GET /api/stats → 304","duration":"1ms"}
{"ts":"2026-06-03T07:39:32.924Z","level":"INFO","msg":"GET /api/sessions → 304","duration":"1ms"}
{"ts":"2026-06-03T07:41:53.009Z","level":"INFO","msg":"GET / → 304","duration":"4ms"}
{"ts":"2026-06-03T07:41:53.049Z","level":"INFO","msg":"GET /api/auth/me → 304","duration":"4ms"}
{"ts":"2026-06-03T07:41:53.064Z","level":"INFO","msg":"GET /api/sessions → 304","duration":"1ms"}
{"ts":"2026-06-03T07:41:53.065Z","level":"INFO","msg":"GET /api/roadmaps → 304","duration":"2ms"}
{"ts":"2026-06-03T07:41:53.066Z","level":"INFO","msg":"GET /api/activity → 304","duration":"0ms"}
{"ts":"2026-06-03T07:41:53.067Z","level":"INFO","msg":"GET /api/stats → 304","duration":"0ms"}
{"ts":"2026-06-03T07:41:56.870Z","level":"INFO","msg":"GET /api/roadmaps → 304","duration":"2ms"}
{"ts":"2026-06-03T07:41:56.878Z","level":"INFO","msg":"GET /api/roadmaps/rm-ml-engineer → 304","duration":"2ms"}
{"ts":"2026-06-03T07:42:21.357Z","level":"INFO","msg":"GET /api/sessions → 304","duration":"2ms"}
{"ts":"2026-06-03T07:42:21.365Z","level":"INFO","msg":"GET /api/sessions/sess-1 → 304","duration":"0ms"}
{"ts":"2026-06-03T07:42:27.768Z","level":"INFO","msg":"GET /api/roadmaps → 304","duration":"1ms"}
{"ts":"2026-06-03T07:42:27.775Z","level":"INFO","msg":"GET /api/roadmaps/rm-ml-engineer → 304","duration":"2ms"}
{"ts":"2026-06-03T07:42:28.472Z","level":"INFO","msg":"GET /api/courses → 304","duration":"1ms"}
{"ts":"2026-06-03T07:42:28.473Z","level":"INFO","msg":"GET /api/users/starred → 304","duration":"1ms"}
{"ts":"2026-06-03T07:42:48.003Z","level":"INFO","msg":"GET /api/assignments → 304","duration":"2ms"}
{"ts":"2026-06-03T07:42:51.348Z","level":"INFO","msg":"PATCH /api/assignments/a2 → 200","duration":"5ms"}
{"ts":"2026-06-03T07:42:51.354Z","level":"INFO","msg":"GET /api/assignments → 200","duration":"2ms"}
{"ts":"2026-06-03T07:42:53.412Z","level":"INFO","msg":"PATCH /api/assignments/a3 → 200","duration":"2ms"}
{"ts":"2026-06-03T07:42:53.421Z","level":"INFO","msg":"GET /api/assignments → 200","duration":"3ms"}
{"ts":"2026-06-03T07:42:56.584Z","level":"INFO","msg":"GET /api/schedule → 304","duration":"2ms"}
{"ts":"2026-06-03T07:42:57.701Z","level":"INFO","msg":"GET /api/flashcards/due → 200","duration":"2ms"}
{"ts":"2026-06-03T07:42:58.514Z","level":"INFO","msg":"GET /api/schedule → 304","duration":"1ms"}
{"ts":"2026-06-03T07:42:59.651Z","level":"INFO","msg":"GET /api/certificates → 304","duration":"2ms"}
{"ts":"2026-06-03T07:42:59.653Z","level":"INFO","msg":"GET /api/badges → 304","duration":"1ms"}
{"ts":"2026-06-03T07:43:00.848Z","level":"INFO","msg":"GET /api/schedule → 304","duration":"2ms"}
{"ts":"2026-06-03T07:43:46.625Z","level":"INFO","msg":"GET /api/users/agents → 304","duration":"4ms"}
{"ts":"2026-06-03T07:43:58.816Z","level":"INFO","msg":"GET /api/certificates → 304","duration":"2ms"}
{"ts":"2026-06-03T07:43:58.819Z","level":"INFO","msg":"GET /api/badges → 304","duration":"4ms"}
{"ts":"2026-06-03T07:44:04.568Z","level":"INFO","msg":"GET /api/community/leaderboard → 304","duration":"3ms"}
{"ts":"2026-06-03T07:44:04.571Z","level":"INFO","msg":"GET /api/community/threads → 304","duration":"5ms"}
{"ts":"2026-06-03T07:44:06.549Z","level":"INFO","msg":"GET /api/roadmaps → 304","duration":"2ms"}
{"ts":"2026-06-03T07:44:06.553Z","level":"INFO","msg":"GET /api/stats → 200","duration":"6ms"}
{"ts":"2026-06-03T07:44:12.348Z","level":"INFO","msg":"GET /api/activity → 304","duration":"2ms"}
{"ts":"2026-06-03T07:44:13.031Z","level":"INFO","msg":"GET /api/community/threads → 304","duration":"2ms"}
{"ts":"2026-06-03T07:44:13.033Z","level":"INFO","msg":"GET /api/community/leaderboard → 304","duration":"1ms"}
{"ts":"2026-06-03T07:44:26.230Z","level":"INFO","msg":"GET /api/community/threads/t-2 → 200","duration":"3ms"}
{"ts":"2026-06-03T07:44:29.247Z","level":"INFO","msg":"POST /api/community/threads/t-2/vote → 200","duration":"3ms"}
{"ts":"2026-06-03T07:44:33.103Z","level":"INFO","msg":"GET /api/activity → 304","duration":"33ms"}
{"ts":"2026-06-03T07:44:39.433Z","level":"INFO","msg":"GET /api/users/starred → 304","duration":"2ms"}
{"ts":"2026-06-03T07:44:39.435Z","level":"INFO","msg":"GET /api/courses → 304","duration":"3ms"}
{"ts":"2026-06-03T07:44:41.297Z","level":"INFO","msg":"DELETE /api/users/starred/course/linear-algebra → 200","duration":"3ms"}
{"ts":"2026-06-03T07:44:43.297Z","level":"INFO","msg":"GET /api/flashcards/due → 200","duration":"2ms"}
{"ts":"2026-06-03T07:44:43.934Z","level":"INFO","msg":"GET /api/assignments → 304","duration":"2ms"}
{"ts":"2026-06-03T07:44:44.753Z","level":"INFO","msg":"GET /api/sessions → 304","duration":"1ms"}
{"ts":"2026-06-03T07:44:44.765Z","level":"INFO","msg":"GET /api/sessions/sess-1 → 304","duration":"1ms"}
{"ts":"2026-06-03T07:44:46.468Z","level":"INFO","msg":"GET /api/roadmaps → 304","duration":"3ms"}
{"ts":"2026-06-03T07:44:46.475Z","level":"INFO","msg":"GET /api/roadmaps/rm-ml-engineer → 304","duration":"2ms"}
{"ts":"2026-06-03T07:44:47.520Z","level":"INFO","msg":"GET /api/roadmaps → 304","duration":"2ms"}
{"ts":"2026-06-03T07:44:47.522Z","level":"INFO","msg":"GET /api/sessions → 304","duration":"1ms"}
{"ts":"2026-06-03T07:44:47.523Z","level":"INFO","msg":"GET /api/activity → 304","duration":"0ms"}
{"ts":"2026-06-03T07:44:47.524Z","level":"INFO","msg":"GET /api/stats → 304","duration":"0ms"}
{"ts":"2026-06-03T07:44:48.335Z","level":"INFO","msg":"GET /api/sessions → 304","duration":"2ms"}
{"ts":"2026-06-03T07:44:48.345Z","level":"INFO","msg":"GET /api/sessions/sess-1 → 304","duration":"1ms"}
{"ts":"2026-06-03T07:44:51.029Z","level":"INFO","msg":"POST /api/auth/logout → 200","duration":"2ms"}
{"ts":"2026-06-03T07:45:15.912Z","level":"INFO","msg":"POST /api/auth/register → 201","duration":"80ms"}
{"ts":"2026-06-03T07:45:15.921Z","level":"INFO","msg":"GET /api/sessions → 200","duration":"1ms"}
{"ts":"2026-06-03T07:45:15.922Z","level":"INFO","msg":"GET /api/activity → 200","duration":"1ms"}
{"ts":"2026-06-03T07:45:15.922Z","level":"INFO","msg":"GET /api/stats → 200","duration":"0ms"}
{"ts":"2026-06-03T07:45:15.923Z","level":"INFO","msg":"GET /api/roadmaps → 200","duration":"0ms"}
{"ts":"2026-06-03T07:45:19.767Z","level":"INFO","msg":"GET /api/sessions → 304","duration":"1ms"}
{"ts":"2026-06-03T07:45:19.780Z","level":"INFO","msg":"POST /api/sessions → 200","duration":"1ms"}
{"ts":"2026-06-03T07:45:19.783Z","level":"ERROR","msg":"FOREIGN KEY constraint failed","stack":"SqliteError: FOREIGN KEY constraint failed\n    at file:///Users/abelyagubyan/Downloads/LearnOS_UI/routes/sessions.js:79:6\n    at Layer.handleRequest (/Users/abelyagubyan/Downloads/LearnOS_UI/node_modules/router/lib/layer.js:152:17)\n    at next (/Users/abelyagubyan/Downloads/LearnOS_UI/node_modules/router/lib/route.js:157:13)\n    at Route.dispatch (/Users/abelyagubyan/Downloads/LearnOS_UI/node_modules/router/lib/route.js:117:3)\n    at handle (/Users/abelyagubyan/Downloads/LearnOS_UI/node_modules/router/index.js:435:11)\n    at Layer.handleRequest (/Users/abelyagubyan/Downloads/LearnOS_UI/node_modules/router/lib/layer.js:152:17)\n    at /Users/abelyagubyan/Downloads/LearnOS_UI/node_modules/router/index.js:295:15\n    at param (/Users/abelyagubyan/Downloads/LearnOS_UI/node_modules/router/index.js:600:14)\n    at param (/Users/abelyagubyan/Downloads/LearnOS_UI/node_modules/router/index.js:610:14)\n    at processParams (/Users/abelyagubyan/Downloads/LearnOS_UI/node_modules/router/index.js:664:3)","method":"POST","url":"/api/sessions/undefined/messages"}
{"ts":"2026-06-03T07:45:19.783Z","level":"WARN","msg":"POST /api/sessions/undefined/messages → 500","duration":"1ms"}
{"ts":"2026-06-03T07:45:20.413Z","level":"INFO","msg":"GET /api/roadmaps → 304","duration":"1ms"}
{"ts":"2026-06-03T07:45:25.749Z","level":"INFO","msg":"GET /api/sessions → 200","duration":"1ms"}
{"ts":"2026-06-03T07:45:25.757Z","level":"INFO","msg":"GET /api/sessions/sess-1780472719779 → 200","duration":"1ms"}
{"ts":"2026-06-03T07:45:27.000Z","level":"INFO","msg":"GET /api/courses → 304","duration":"1ms"}
{"ts":"2026-06-03T07:45:27.002Z","level":"INFO","msg":"GET /api/users/starred → 200","duration":"1ms"}
{"ts":"2026-06-03T07:45:40.318Z","level":"INFO","msg":"GET /api/assignments → 200","duration":"2ms"}
{"ts":"2026-06-03T07:45:41.878Z","level":"INFO","msg":"GET /api/flashcards/due → 200","duration":"1ms"}
{"ts":"2026-06-03T07:45:43.950Z","level":"INFO","msg":"GET /api/schedule → 200","duration":"1ms"}
{"ts":"2026-06-03T07:45:49.729Z","level":"INFO","msg":"GET /api/activity → 304","duration":"2ms"}
{"ts":"2026-06-03T07:45:53.349Z","level":"INFO","msg":"GET /api/users/agents → 304","duration":"2ms"}
{"ts":"2026-06-03T07:45:54.901Z","level":"INFO","msg":"GET /api/certificates → 200","duration":"2ms"}
{"ts":"2026-06-03T07:45:54.904Z","level":"INFO","msg":"GET /api/badges → 200","duration":"1ms"}
{"ts":"2026-06-03T07:45:57.964Z","level":"INFO","msg":"GET /api/community/threads → 200","duration":"2ms"}
{"ts":"2026-06-03T07:45:57.966Z","level":"INFO","msg":"GET /api/community/leaderboard → 200","duration":"4ms"}
{"ts":"2026-06-03T07:45:59.927Z","level":"INFO","msg":"GET /api/community/threads/t-1 → 200","duration":"2ms"}
{"ts":"2026-06-03T07:46:08.380Z","level":"INFO","msg":"GET /api/community/threads/t-2 → 200","duration":"2ms"}
{"ts":"2026-06-03T07:46:12.332Z","level":"INFO","msg":"GET /api/activity → 304","duration":"2ms"}
{"ts":"2026-06-03T07:46:13.314Z","level":"INFO","msg":"GET /api/users/starred → 304","duration":"1ms"}
{"ts":"2026-06-03T07:46:13.316Z","level":"INFO","msg":"GET /api/courses → 304","duration":"1ms"}
{"ts":"2026-06-03T07:46:14.281Z","level":"INFO","msg":"GET /api/activity → 304","duration":"2ms"}
{"ts":"2026-06-03T07:46:17.352Z","level":"INFO","msg":"GET /api/users/settings → 200","duration":"2ms"}
{"ts":"2026-06-03T07:46:17.354Z","level":"INFO","msg":"GET /api/users/agent-routing → 200","duration":"3ms"}
{"ts":"2026-06-03T07:46:17.358Z","level":"INFO","msg":"GET /api/users/apikeys → 200","duration":"1ms"}
{"ts":"2026-06-03T07:46:17.360Z","level":"INFO","msg":"GET /api/users/profile → 200","duration":"3ms"}
{"ts":"2026-06-03T07:46:18.699Z","level":"INFO","msg":"GET /api/stats → 200","duration":"2ms"}
{"ts":"2026-06-03T07:46:18.701Z","level":"INFO","msg":"GET /api/roadmaps → 304","duration":"3ms"}
{"ts":"2026-06-03T07:46:32.746Z","level":"INFO","msg":"PATCH /api/users/profile → 200","duration":"2ms"}
{"ts":"2026-06-03T07:46:49.615Z","level":"INFO","msg":"PATCH /api/users/settings → 200","duration":"2ms"}
{"ts":"2026-06-03T07:46:50.376Z","level":"INFO","msg":"PATCH /api/users/settings → 200","duration":"1ms"}
{"ts":"2026-06-03T07:46:52.275Z","level":"INFO","msg":"PATCH /api/users/settings → 200","duration":"1ms"}
{"ts":"2026-06-03T07:46:53.161Z","level":"INFO","msg":"PATCH /api/users/settings → 200","duration":"2ms"}
{"ts":"2026-06-03T07:47:05.852Z","level":"INFO","msg":"GET /api/roadmaps → 304","duration":"1ms"}
{"ts":"2026-06-03T07:47:05.855Z","level":"INFO","msg":"GET /api/activity → 304","duration":"1ms"}
{"ts":"2026-06-03T07:47:05.856Z","level":"INFO","msg":"GET /api/stats → 304","duration":"0ms"}
{"ts":"2026-06-03T07:47:05.857Z","level":"INFO","msg":"GET /api/sessions → 304","duration":"0ms"}
{"ts":"2026-06-03T07:47:11.799Z","level":"INFO","msg":"GET /api/flashcards/due → 304","duration":"2ms"}
{"ts":"2026-06-03T07:47:14.630Z","level":"INFO","msg":"GET / → 304","duration":"1ms"}
{"ts":"2026-06-03T07:47:14.654Z","level":"INFO","msg":"GET /api/auth/me → 200","duration":"0ms"}
{"ts":"2026-06-03T07:47:14.661Z","level":"INFO","msg":"GET /api/roadmaps → 304","duration":"2ms"}
{"ts":"2026-06-03T07:47:14.661Z","level":"INFO","msg":"GET /api/sessions → 304","duration":"2ms"}
{"ts":"2026-06-03T07:47:14.662Z","level":"INFO","msg":"GET /api/activity → 304","duration":"0ms"}
{"ts":"2026-06-03T07:47:14.663Z","level":"INFO","msg":"GET /api/stats → 304","duration":"1ms"}
{"ts":"2026-06-03T07:47:32.951Z","level":"INFO","msg":"GET /api/roadmaps → 304","duration":"2ms"}
{"ts":"2026-06-03T07:50:16.856Z","level":"INFO","msg":"GET /api/sessions → 304","duration":"2ms"}
{"ts":"2026-06-03T07:50:16.864Z","level":"INFO","msg":"GET /api/sessions/sess-1780472719779 → 304","duration":"1ms"}
{"ts":"2026-06-03T07:50:24.544Z","level":"INFO","msg":"GET /api/roadmaps → 304","duration":"1ms"}
{"ts":"2026-06-03T07:50:26.821Z","level":"INFO","msg":"GET /api/sessions → 304","duration":"1ms"}
{"ts":"2026-06-03T07:50:26.830Z","level":"INFO","msg":"GET /api/sessions/sess-1780472719779 → 304","duration":"1ms"}
{"ts":"2026-06-03T07:50:28.186Z","level":"INFO","msg":"GET /api/roadmaps → 304","duration":"2ms"}
{"ts":"2026-06-03T07:50:30.487Z","level":"INFO","msg":"GET /api/sessions → 304","duration":"2ms"}
{"ts":"2026-06-03T07:50:30.497Z","level":"INFO","msg":"GET /api/sessions/sess-1780472719779 → 304","duration":"2ms"}
{"ts":"2026-06-03T07:51:06.073Z","level":"INFO","msg":"PATCH /api/sessions/sess-1780472719779 → 200","duration":"5ms"}
{"ts":"2026-06-03T07:51:21.745Z","level":"INFO","msg":"POST /api/sessions → 200","duration":"1ms"}
{"ts":"2026-06-03T07:51:21.753Z","level":"ERROR","msg":"FOREIGN KEY constraint failed","stack":"SqliteError: FOREIGN KEY constraint failed\n    at file:///Users/abelyagubyan/Downloads/LearnOS_UI/routes/sessions.js:79:6\n    at Layer.handleRequest (/Users/abelyagubyan/Downloads/LearnOS_UI/node_modules/router/lib/layer.js:152:17)\n    at next (/Users/abelyagubyan/Downloads/LearnOS_UI/node_modules/router/lib/route.js:157:13)\n    at Route.dispatch (/Users/abelyagubyan/Downloads/LearnOS_UI/node_modules/router/lib/route.js:117:3)\n    at handle (/Users/abelyagubyan/Downloads/LearnOS_UI/node_modules/router/index.js:435:11)\n    at Layer.handleRequest (/Users/abelyagubyan/Downloads/LearnOS_UI/node_modules/router/lib/layer.js:152:17)\n    at /Users/abelyagubyan/Downloads/LearnOS_UI/node_modules/router/index.js:295:15\n    at param (/Users/abelyagubyan/Downloads/LearnOS_UI/node_modules/router/index.js:600:14)\n    at param (/Users/abelyagubyan/Downloads/LearnOS_UI/node_modules/router/index.js:610:14)\n    at processParams (/Users/abelyagubyan/Downloads/LearnOS_UI/node_modules/router/index.js:664:3)","method":"POST","url":"/api/sessions/undefined/messages"}
{"ts":"2026-06-03T07:51:21.754Z","level":"WARN","msg":"POST /api/sessions/undefined/messages → 500","duration":"3ms"}
{"ts":"2026-06-03T07:52:46.416Z","level":"INFO","msg":"POST /api/assignments → 200","duration":"2ms"}
{"ts":"2026-06-03T07:52:47.007Z","level":"INFO","msg":"POST /api/assignments → 200","duration":"1ms"}
{"ts":"2026-06-03T07:53:56.835Z","level":"INFO","msg":"GET /api/users/starred → 304","duration":"1ms"}
{"ts":"2026-06-03T07:53:56.836Z","level":"INFO","msg":"GET /api/courses → 304","duration":"2ms"}
{"ts":"2026-06-03T07:54:59.599Z","level":"INFO","msg":"GET /api/assignments → 200","duration":"2ms"}
{"ts":"2026-06-03T07:55:03.848Z","level":"INFO","msg":"PATCH /api/assignments/a-1780473166415 → 200","duration":"2ms"}
{"ts":"2026-06-03T07:55:03.853Z","level":"INFO","msg":"GET /api/assignments → 200","duration":"1ms"}
{"ts":"2026-06-03T07:55:15.727Z","level":"INFO","msg":"PATCH /api/assignments/a-1780473166415 → 200","duration":"1ms"}
{"ts":"2026-06-03T07:55:15.732Z","level":"INFO","msg":"GET /api/assignments → 200","duration":"1ms"}
{"ts":"2026-06-03T07:55:34.626Z","level":"INFO","msg":"PATCH /api/assignments/a-1780473167007 → 200","duration":"2ms"}
{"ts":"2026-06-03T07:55:34.630Z","level":"INFO","msg":"GET /api/assignments → 200","duration":"1ms"}
{"ts":"2026-06-03T07:55:45.662Z","level":"INFO","msg":"POST /api/assignments → 200","duration":"2ms"}
{"ts":"2026-06-03T07:55:45.666Z","level":"INFO","msg":"GET /api/assignments → 200","duration":"1ms"}
{"ts":"2026-06-03T07:56:08.348Z","level":"INFO","msg":"GET /api/flashcards/due → 304","duration":"1ms"}
{"ts":"2026-06-03T07:56:35.714Z","level":"INFO","msg":"GET /api/schedule → 304","duration":"2ms"}
{"ts":"2026-06-03T07:56:52.851Z","level":"INFO","msg":"GET /api/users/agents → 304","duration":"2ms"}
{"ts":"2026-06-03T07:57:30.361Z","level":"INFO","msg":"GET /api/certificates → 304","duration":"2ms"}
{"ts":"2026-06-03T07:57:30.362Z","level":"INFO","msg":"GET /api/badges → 304","duration":"2ms"}
{"ts":"2026-06-03T07:58:35.203Z","level":"INFO","msg":"GET /api/community/leaderboard → 200","duration":"3ms"}
{"ts":"2026-06-03T07:58:35.206Z","level":"INFO","msg":"GET /api/community/threads → 304","duration":"2ms"}
{"ts":"2026-06-03T07:58:36.913Z","level":"INFO","msg":"GET /api/community/threads/t-1 → 304","duration":"1ms"}
{"ts":"2026-06-03T07:59:18.431Z","level":"INFO","msg":"GET /api/activity → 200","duration":"1ms"}
{"ts":"2026-06-03T07:59:33.564Z","level":"INFO","msg":"GET /api/courses → 304","duration":"1ms"}
{"ts":"2026-06-03T07:59:33.566Z","level":"INFO","msg":"GET /api/users/starred → 304","duration":"3ms"}
{"ts":"2026-06-03T07:59:36.283Z","level":"INFO","msg":"GET /api/courses → 304","duration":"2ms"}
{"ts":"2026-06-03T07:59:36.285Z","level":"INFO","msg":"GET /api/users/starred → 304","duration":"3ms"}
{"ts":"2026-06-03T07:59:39.783Z","level":"INFO","msg":"POST /api/courses/ml-foundations/enroll → 200","duration":"3ms"}
{"ts":"2026-06-03T08:00:12.017Z","level":"INFO","msg":"GET /api/users/starred → 304","duration":"2ms"}
{"ts":"2026-06-03T08:00:12.019Z","level":"INFO","msg":"GET /api/courses → 304","duration":"3ms"}
{"ts":"2026-06-03T08:00:12.730Z","level":"INFO","msg":"GET /api/activity → 304","duration":"2ms"}
{"ts":"2026-06-03T08:00:13.597Z","level":"INFO","msg":"GET /api/community/threads → 304","duration":"2ms"}
{"ts":"2026-06-03T08:00:13.599Z","level":"INFO","msg":"GET /api/community/leaderboard → 304","duration":"4ms"}
{"ts":"2026-06-03T08:00:14.296Z","level":"INFO","msg":"GET /api/certificates → 304","duration":"2ms"}
{"ts":"2026-06-03T08:00:14.298Z","level":"INFO","msg":"GET /api/badges → 304","duration":"3ms"}
{"ts":"2026-06-03T08:00:14.864Z","level":"INFO","msg":"GET /api/users/agents → 304","duration":"1ms"}
{"ts":"2026-06-03T08:00:15.495Z","level":"INFO","msg":"GET /api/schedule → 304","duration":"1ms"}
{"ts":"2026-06-03T08:00:16.030Z","level":"INFO","msg":"GET /api/flashcards/due → 304","duration":"2ms"}
{"ts":"2026-06-03T08:00:16.564Z","level":"INFO","msg":"GET /api/assignments → 304","duration":"2ms"}
{"ts":"2026-06-03T08:00:17.166Z","level":"INFO","msg":"GET /api/courses → 304","duration":"2ms"}
{"ts":"2026-06-03T08:00:17.168Z","level":"INFO","msg":"GET /api/users/starred → 304","duration":"3ms"}
{"ts":"2026-06-03T08:00:41.484Z","level":"INFO","msg":"GET /api/users/profile → 200","duration":"2ms"}
{"ts":"2026-06-03T08:00:41.486Z","level":"INFO","msg":"GET /api/users/settings → 200","duration":"1ms"}
{"ts":"2026-06-03T08:00:41.488Z","level":"INFO","msg":"GET /api/users/apikeys → 304","duration":"1ms"}
{"ts":"2026-06-03T08:00:41.489Z","level":"INFO","msg":"GET /api/users/agent-routing → 304","duration":"1ms"}
{"ts":"2026-06-03T08:12:06.681Z","level":"INFO","msg":"GET / → 304","duration":"1ms"}
{"ts":"2026-06-03T08:12:06.694Z","level":"INFO","msg":"GET /assets/index-Cr-x2-iG.css → 200","duration":"2ms"}
{"ts":"2026-06-03T08:12:06.704Z","level":"INFO","msg":"GET /api/auth/me → 200","duration":"2ms"}
{"ts":"2026-06-03T08:12:06.711Z","level":"INFO","msg":"GET /api/sessions → 200","duration":"1ms"}
{"ts":"2026-06-03T08:12:06.713Z","level":"INFO","msg":"GET /api/activity → 304","duration":"1ms"}
{"ts":"2026-06-03T08:12:06.715Z","level":"INFO","msg":"GET /api/roadmaps → 304","duration":"1ms"}
{"ts":"2026-06-03T08:12:06.716Z","level":"INFO","msg":"GET /api/stats → 200","duration":"1ms"}
{"ts":"2026-06-03T08:21:54.703Z","level":"INFO","msg":"GET /api/sessions → 304","duration":"7ms"}
{"ts":"2026-06-03T08:21:54.708Z","level":"INFO","msg":"GET /api/sessions/sess-1780473081744 → 200","duration":"2ms"}
{"ts":"2026-06-03T08:21:59.095Z","level":"INFO","msg":"POST /api/sessions/sess-1780473081744/messages → 200","duration":"3ms"}
{"ts":"2026-06-03T08:22:00.107Z","level":"INFO","msg":"POST /api/sessions/sess-1780473081744/messages → 200","duration":"3ms"}
{"ts":"2026-06-03T08:22:14.235Z","level":"INFO","msg":"POST /api/sessions/sess-1780473081744/messages → 200","duration":"6ms"}
{"ts":"2026-06-03T08:22:14.516Z","level":"INFO","msg":"POST /api/sessions/sess-1780473081744/messages → 200","duration":"2ms"}
{"ts":"2026-06-03T08:22:15.234Z","level":"WARN","msg":"POST /api/sessions/sess-1780473081744/messages → 400","duration":"1ms"}
{"ts":"2026-06-03T08:22:15.849Z","level":"WARN","msg":"POST /api/sessions/sess-1780473081744/messages → 400","duration":"1ms"}
{"ts":"2026-06-03T08:24:06.313Z","level":"INFO","msg":"GET /api/health → 200","duration":"3ms"}
{"ts":"2026-06-03T08:25:57.592Z","level":"INFO","msg":"GET / → 200","duration":"10ms"}
{"ts":"2026-06-03T08:25:57.607Z","level":"INFO","msg":"GET /assets/index-CEs4DrEY.js → 200","duration":"3ms"}
{"ts":"2026-06-03T08:25:57.627Z","level":"INFO","msg":"GET /api/auth/me → 304","duration":"5ms"}
{"ts":"2026-06-03T08:25:57.670Z","level":"INFO","msg":"GET /api/sessions → 304","duration":"2ms"}
{"ts":"2026-06-03T08:25:57.674Z","level":"INFO","msg":"GET /api/activity → 304","duration":"3ms"}
{"ts":"2026-06-03T08:25:57.676Z","level":"INFO","msg":"GET /api/roadmaps → 304","duration":"4ms"}
{"ts":"2026-06-03T08:25:57.680Z","level":"INFO","msg":"GET /api/stats → 304","duration":"2ms"}
{"ts":"2026-06-03T08:25:57.681Z","level":"INFO","msg":"GET /api/activity → 304","duration":"4ms"}
{"ts":"2026-06-03T08:25:58.527Z","level":"INFO","msg":"GET / → 304","duration":"0ms"}
{"ts":"2026-06-03T08:25:58.550Z","level":"INFO","msg":"GET /api/auth/me → 304","duration":"1ms"}
{"ts":"2026-06-03T08:25:58.560Z","level":"INFO","msg":"GET /api/activity → 304","duration":"2ms"}
{"ts":"2026-06-03T08:25:58.561Z","level":"INFO","msg":"GET /api/sessions → 304","duration":"3ms"}
{"ts":"2026-06-03T08:25:58.563Z","level":"INFO","msg":"GET /api/stats → 304","duration":"5ms"}
{"ts":"2026-06-03T08:25:58.564Z","level":"INFO","msg":"GET /api/roadmaps → 304","duration":"6ms"}
{"ts":"2026-06-03T08:25:58.565Z","level":"INFO","msg":"GET /api/activity → 304","duration":"1ms"}
{"ts":"2026-06-03T08:25:59.761Z","level":"INFO","msg":"GET /api/activity → 304","duration":"1ms"}
{"ts":"2026-06-03T08:25:59.763Z","level":"INFO","msg":"GET /api/activity → 304","duration":"1ms"}
{"ts":"2026-06-03T08:26:03.977Z","level":"INFO","msg":"GET /api/activity → 304","duration":"2ms"}
{"ts":"2026-06-03T08:30:18.756Z","level":"INFO","msg":"GET /api/roadmaps → 304","duration":"3ms"}
{"ts":"2026-06-03T08:30:24.051Z","level":"INFO","msg":"GET /api/sessions → 304","duration":"2ms"}
{"ts":"2026-06-03T08:30:24.063Z","level":"INFO","msg":"GET /api/sessions/sess-1780473081744 → 200","duration":"2ms"}
{"ts":"2026-06-03T08:30:28.352Z","level":"INFO","msg":"GET /api/roadmaps → 304","duration":"8ms"}
{"ts":"2026-06-03T08:30:29.580Z","level":"INFO","msg":"GET /api/sessions → 304","duration":"2ms"}
{"ts":"2026-06-03T08:30:29.589Z","level":"INFO","msg":"GET /api/sessions/sess-1780473081744 → 304","duration":"2ms"}
{"ts":"2026-06-03T08:30:30.102Z","level":"INFO","msg":"GET /api/users/starred → 304","duration":"2ms"}
{"ts":"2026-06-03T08:30:30.104Z","level":"INFO","msg":"GET /api/courses → 304","duration":"1ms"}
{"ts":"2026-06-03T08:31:59.774Z","level":"INFO","msg":"GET /api/roadmaps → 304","duration":"4ms"}
{"ts":"2026-06-03T08:32:01.681Z","level":"INFO","msg":"GET /api/sessions → 304","duration":"2ms"}
{"ts":"2026-06-03T08:32:01.690Z","level":"INFO","msg":"GET /api/sessions/sess-1780473081744 → 304","duration":"1ms"}
{"ts":"2026-06-03T09:51:26.492Z","level":"INFO","msg":"GET /api/health → 200","duration":"3ms"}
{"ts":"2026-06-03T09:54:05.300Z","level":"INFO","msg":"GET /api/roadmaps → 304","duration":"5ms"}
{"ts":"2026-06-03T09:54:05.304Z","level":"INFO","msg":"GET /api/sessions → 304","duration":"1ms"}
{"ts":"2026-06-03T09:54:05.306Z","level":"INFO","msg":"GET /api/stats → 304","duration":"4ms"}
{"ts":"2026-06-03T09:54:05.310Z","level":"INFO","msg":"GET /api/activity → 304","duration":"3ms"}
{"ts":"2026-06-03T09:54:06.004Z","level":"INFO","msg":"GET /api/sessions → 304","duration":"1ms"}
{"ts":"2026-06-03T09:54:06.013Z","level":"INFO","msg":"GET /api/sessions/sess-1780473081744 → 304","duration":"2ms"}
{"ts":"2026-06-03T09:54:06.877Z","level":"INFO","msg":"GET /api/courses → 304","duration":"3ms"}
{"ts":"2026-06-03T09:54:06.879Z","level":"INFO","msg":"GET /api/users/starred → 304","duration":"4ms"}
{"ts":"2026-06-03T09:54:07.731Z","level":"INFO","msg":"GET /api/assignments → 304","duration":"1ms"}
{"ts":"2026-06-03T09:54:08.671Z","level":"INFO","msg":"GET /api/courses → 304","duration":"2ms"}
{"ts":"2026-06-03T09:54:08.674Z","level":"INFO","msg":"GET /api/users/starred → 304","duration":"4ms"}
{"ts":"2026-06-03T10:00:44.762Z","level":"INFO","msg":"GET /api/health → 200","duration":"2ms"}
{"ts":"2026-06-03T10:22:29.965Z","level":"INFO","msg":"GET /api/health → 200","duration":"3ms"}
{"ts":"2026-06-03T11:09:17.112Z","level":"INFO","msg":"POST /api/auth/login → 200","duration":"100ms"}
{"ts":"2026-06-03T11:09:37.152Z","level":"INFO","msg":"GET /api/auth/me → 200","duration":"10ms"}
{"ts":"2026-06-03T11:09:37.156Z","level":"INFO","msg":"GET /api/auth/me → 304","duration":"1ms"}
{"ts":"2026-06-03T11:09:37.189Z","level":"INFO","msg":"GET /api/activity → 200","duration":"1ms"}
{"ts":"2026-06-03T11:09:37.191Z","level":"INFO","msg":"GET /api/roadmaps → 200","duration":"1ms"}
{"ts":"2026-06-03T11:09:37.192Z","level":"INFO","msg":"GET /api/sessions → 200","duration":"2ms"}
{"ts":"2026-06-03T11:09:37.194Z","level":"INFO","msg":"GET /api/stats → 200","duration":"2ms"}
{"ts":"2026-06-03T11:09:37.196Z","level":"INFO","msg":"GET /api/activity → 304","duration":"1ms"}
{"ts":"2026-06-03T11:09:37.199Z","level":"INFO","msg":"GET /api/roadmaps → 304","duration":"4ms"}
{"ts":"2026-06-03T11:09:37.200Z","level":"INFO","msg":"GET /api/sessions → 304","duration":"1ms"}
{"ts":"2026-06-03T11:09:37.201Z","level":"INFO","msg":"GET /api/stats → 304","duration":"1ms"}
{"ts":"2026-06-03T11:09:37.203Z","level":"INFO","msg":"GET /api/activity → 304","duration":"1ms"}
{"ts":"2026-06-03T11:09:37.203Z","level":"INFO","msg":"GET /api/roadmaps → 304","duration":"0ms"}
{"ts":"2026-06-03T11:09:37.204Z","level":"INFO","msg":"GET /api/sessions → 304","duration":"0ms"}
{"ts":"2026-06-03T11:09:37.205Z","level":"INFO","msg":"GET /api/stats → 304","duration":"0ms"}
{"ts":"2026-06-03T11:09:37.206Z","level":"INFO","msg":"GET /api/activity → 304","duration":"1ms"}
{"ts":"2026-06-03T11:09:37.207Z","level":"INFO","msg":"GET /api/roadmaps → 304","duration":"1ms"}
{"ts":"2026-06-03T11:09:37.208Z","level":"INFO","msg":"GET /api/sessions → 304","duration":"1ms"}
{"ts":"2026-06-03T11:09:37.209Z","level":"INFO","msg":"GET /api/stats → 304","duration":"1ms"}
{"ts":"2026-06-03T11:09:37.209Z","level":"INFO","msg":"GET /api/activity → 304","duration":"1ms"}
{"ts":"2026-06-03T11:09:37.210Z","level":"INFO","msg":"GET /api/activity → 304","duration":"0ms"}
{"ts":"2026-06-03T11:09:37.212Z","level":"INFO","msg":"GET /api/activity → 304","duration":"0ms"}
{"ts":"2026-06-03T11:09:37.213Z","level":"INFO","msg":"GET /api/activity → 304","duration":"0ms"}
{"ts":"2026-06-03T11:09:53.117Z","level":"INFO","msg":"GET /api/sessions → 304","duration":"2ms"}
{"ts":"2026-06-03T11:09:53.121Z","level":"INFO","msg":"GET /api/sessions → 304","duration":"1ms"}
{"ts":"2026-06-03T11:09:53.124Z","level":"INFO","msg":"GET /api/sessions/sess-1 → 200","duration":"1ms"}
{"ts":"2026-06-03T11:09:53.133Z","level":"INFO","msg":"GET /api/sessions/sess-1 → 304","duration":"1ms"}
{"ts":"2026-06-03T11:10:49.665Z","level":"INFO","msg":"GET / → 200","duration":"3ms"}
{"ts":"2026-06-03T11:10:49.681Z","level":"INFO","msg":"GET /assets/index-Cr-x2-iG.css → 200","duration":"2ms"}
{"ts":"2026-06-03T11:10:49.684Z","level":"INFO","msg":"GET /assets/index-GsneKUq5.js → 200","duration":"7ms"}
{"ts":"2026-06-03T11:10:49.704Z","level":"INFO","msg":"GET /api/auth/me → 304","duration":"3ms"}
{"ts":"2026-06-03T11:10:49.765Z","level":"INFO","msg":"GET /api/stats → 304","duration":"1ms"}
{"ts":"2026-06-03T11:10:49.766Z","level":"INFO","msg":"GET /api/roadmaps → 304","duration":"2ms"}
{"ts":"2026-06-03T11:10:49.768Z","level":"INFO","msg":"GET /api/sessions → 304","duration":"1ms"}
{"ts":"2026-06-03T11:10:49.769Z","level":"INFO","msg":"GET /api/activity → 304","duration":"1ms"}
{"ts":"2026-06-03T11:10:49.771Z","level":"INFO","msg":"GET /api/activity → 304","duration":"1ms"}
{"ts":"2026-06-03T11:10:51.062Z","level":"INFO","msg":"GET /api/activity → 304","duration":"1ms"}
{"ts":"2026-06-03T11:10:51.063Z","level":"INFO","msg":"GET /api/auth/me → 304","duration":"1ms"}
{"ts":"2026-06-03T11:10:51.064Z","level":"INFO","msg":"GET /api/sessions → 304","duration":"2ms"}
{"ts":"2026-06-03T11:10:51.066Z","level":"INFO","msg":"GET /api/activity → 304","duration":"1ms"}
{"ts":"2026-06-03T11:10:51.068Z","level":"INFO","msg":"GET /api/sessions → 304","duration":"1ms"}
{"ts":"2026-06-03T11:10:51.082Z","level":"INFO","msg":"GET /api/activity → 304","duration":"1ms"}
{"ts":"2026-06-03T11:10:51.083Z","level":"INFO","msg":"GET /api/roadmaps → 304","duration":"2ms"}
{"ts":"2026-06-03T11:10:51.084Z","level":"INFO","msg":"GET /api/sessions → 304","duration":"1ms"}
{"ts":"2026-06-03T11:10:51.086Z","level":"INFO","msg":"GET /api/stats → 304","duration":"1ms"}
{"ts":"2026-06-03T11:10:51.087Z","level":"INFO","msg":"GET /api/sessions/sess-1 → 304","duration":"1ms"}
{"ts":"2026-06-03T11:10:51.088Z","level":"INFO","msg":"GET /api/activity → 304","duration":"1ms"}
{"ts":"2026-06-03T11:10:51.089Z","level":"INFO","msg":"GET /api/roadmaps → 304","duration":"1ms"}
{"ts":"2026-06-03T11:10:51.090Z","level":"INFO","msg":"GET /api/sessions → 304","duration":"0ms"}
{"ts":"2026-06-03T11:10:51.091Z","level":"INFO","msg":"GET /api/stats → 304","duration":"0ms"}
{"ts":"2026-06-03T11:10:51.092Z","level":"INFO","msg":"GET /api/sessions/sess-1 → 304","duration":"0ms"}
{"ts":"2026-06-03T11:10:51.093Z","level":"INFO","msg":"GET /api/activity → 304","duration":"1ms"}
{"ts":"2026-06-03T11:10:51.096Z","level":"INFO","msg":"GET /api/activity → 304","duration":"1ms"}
{"ts":"2026-06-03T11:10:52.488Z","level":"INFO","msg":"POST /api/auth/logout → 200","duration":"1ms"}
{"ts":"2026-06-03T11:11:23.960Z","level":"INFO","msg":"GET /api/auth/me → 304","duration":"2ms"}
{"ts":"2026-06-03T11:11:23.962Z","level":"INFO","msg":"GET /api/auth/me → 304","duration":"1ms"}
{"ts":"2026-06-03T11:11:23.976Z","level":"INFO","msg":"GET /api/activity → 304","duration":"1ms"}
{"ts":"2026-06-03T11:11:23.977Z","level":"INFO","msg":"GET /api/roadmaps → 304","duration":"0ms"}
{"ts":"2026-06-03T11:11:23.978Z","level":"INFO","msg":"GET /api/sessions → 304","duration":"1ms"}
{"ts":"2026-06-03T11:11:23.979Z","level":"INFO","msg":"GET /api/stats → 304","duration":"0ms"}
{"ts":"2026-06-03T11:11:23.981Z","level":"INFO","msg":"GET /api/activity → 304","duration":"1ms"}
{"ts":"2026-06-03T11:11:23.983Z","level":"INFO","msg":"GET /api/roadmaps → 304","duration":"2ms"}
{"ts":"2026-06-03T11:11:23.984Z","level":"INFO","msg":"GET /api/sessions → 304","duration":"2ms"}
{"ts":"2026-06-03T11:11:23.985Z","level":"INFO","msg":"GET /api/stats → 304","duration":"2ms"}
{"ts":"2026-06-03T11:11:23.986Z","level":"INFO","msg":"GET /api/activity → 304","duration":"1ms"}
{"ts":"2026-06-03T11:11:23.987Z","level":"INFO","msg":"GET /api/roadmaps → 304","duration":"0ms"}
{"ts":"2026-06-03T11:11:23.988Z","level":"INFO","msg":"GET /api/sessions → 304","duration":"1ms"}
{"ts":"2026-06-03T11:11:23.991Z","level":"INFO","msg":"GET /api/stats → 304","duration":"1ms"}
{"ts":"2026-06-03T11:11:23.992Z","level":"INFO","msg":"GET /api/activity → 304","duration":"1ms"}
{"ts":"2026-06-03T11:11:23.993Z","level":"INFO","msg":"GET /api/roadmaps → 304","duration":"1ms"}
{"ts":"2026-06-03T11:11:23.994Z","level":"INFO","msg":"GET /api/sessions → 304","duration":"2ms"}
{"ts":"2026-06-03T11:11:23.996Z","level":"INFO","msg":"GET /api/stats → 304","duration":"1ms"}
{"ts":"2026-06-03T11:11:23.998Z","level":"INFO","msg":"GET /api/activity → 304","duration":"1ms"}
{"ts":"2026-06-03T11:11:24.001Z","level":"INFO","msg":"GET /api/activity → 304","duration":"1ms"}
{"ts":"2026-06-03T11:11:24.004Z","level":"INFO","msg":"GET /api/activity → 304","duration":"1ms"}
{"ts":"2026-06-03T11:11:24.007Z","level":"INFO","msg":"GET /api/activity → 304","duration":"1ms"}
{"ts":"2026-06-03T11:11:28.360Z","level":"INFO","msg":"GET /api/sessions → 304","duration":"1ms"}
{"ts":"2026-06-03T11:11:28.365Z","level":"INFO","msg":"GET /api/sessions → 304","duration":"1ms"}
{"ts":"2026-06-03T11:11:28.367Z","level":"INFO","msg":"GET /api/sessions/sess-1 → 200","duration":"1ms"}
{"ts":"2026-06-03T11:11:28.374Z","level":"INFO","msg":"GET /api/sessions/sess-1 → 304","duration":"1ms"}
{"ts":"2026-06-03T11:19:28.262Z","level":"INFO","msg":"POST /api/community/threads → 200","duration":"6ms"}
{"ts":"2026-06-03T11:19:28.313Z","level":"INFO","msg":"POST /api/community/threads → 200","duration":"1ms"}
{"ts":"2026-06-03T11:19:40.724Z","level":"INFO","msg":"GET /api/assignments → 200","duration":"9ms"}
{"ts":"2026-06-03T11:19:40.765Z","level":"INFO","msg":"PATCH /api/assignments/a5 → 200","duration":"1ms"}
{"ts":"2026-06-03T11:19:40.774Z","level":"INFO","msg":"GET /api/activity?limit=3 → 200","duration":"2ms"}
{"ts":"2026-06-03T11:20:06.131Z","level":"INFO","msg":"GET /api/auth/me → 200","duration":"2ms"}
{"ts":"2026-06-03T11:20:06.133Z","level":"INFO","msg":"GET /api/auth/me → 304","duration":"0ms"}
{"ts":"2026-06-03T11:20:06.154Z","level":"INFO","msg":"GET /api/activity → 200","duration":"2ms"}
{"ts":"2026-06-03T11:20:06.156Z","level":"INFO","msg":"GET /api/roadmaps → 304","duration":"3ms"}
{"ts":"2026-06-03T11:20:06.159Z","level":"INFO","msg":"GET /api/sessions → 304","duration":"2ms"}
{"ts":"2026-06-03T11:20:06.161Z","level":"INFO","msg":"GET /api/stats → 200","duration":"2ms"}
{"ts":"2026-06-03T11:20:06.162Z","level":"INFO","msg":"GET /api/activity → 304","duration":"1ms"}
{"ts":"2026-06-03T11:20:06.163Z","level":"INFO","msg":"GET /api/roadmaps → 304","duration":"1ms"}
{"ts":"2026-06-03T11:20:06.165Z","level":"INFO","msg":"GET /api/sessions → 304","duration":"0ms"}
{"ts":"2026-06-03T11:20:06.166Z","level":"INFO","msg":"GET /api/stats → 304","duration":"0ms"}
{"ts":"2026-06-03T11:20:06.168Z","level":"INFO","msg":"GET /api/roadmaps → 304","duration":"1ms"}
{"ts":"2026-06-03T11:20:06.169Z","level":"INFO","msg":"GET /api/activity → 304","duration":"1ms"}
{"ts":"2026-06-03T11:20:06.169Z","level":"INFO","msg":"GET /api/sessions → 304","duration":"0ms"}
{"ts":"2026-06-03T11:20:06.170Z","level":"INFO","msg":"GET /api/stats → 304","duration":"1ms"}
{"ts":"2026-06-03T11:20:06.171Z","level":"INFO","msg":"GET /api/roadmaps → 304","duration":"0ms"}
{"ts":"2026-06-03T11:20:06.172Z","level":"INFO","msg":"GET /api/activity → 304","duration":"1ms"}
{"ts":"2026-06-03T11:20:06.173Z","level":"INFO","msg":"GET /api/sessions → 304","duration":"1ms"}
{"ts":"2026-06-03T11:20:06.174Z","level":"INFO","msg":"GET /api/stats → 304","duration":"1ms"}
{"ts":"2026-06-03T11:20:06.174Z","level":"INFO","msg":"GET /api/activity → 304","duration":"0ms"}
{"ts":"2026-06-03T11:20:06.176Z","level":"INFO","msg":"GET /api/activity → 304","duration":"0ms"}
{"ts":"2026-06-03T11:20:06.178Z","level":"INFO","msg":"GET /api/activity → 304","duration":"1ms"}
{"ts":"2026-06-03T11:20:06.179Z","level":"INFO","msg":"GET /api/activity → 304","duration":"0ms"}
{"ts":"2026-06-03T11:20:10.978Z","level":"INFO","msg":"GET /api/activity → 304","duration":"1ms"}
{"ts":"2026-06-03T11:20:10.980Z","level":"INFO","msg":"GET /api/roadmaps → 304","duration":"3ms"}
{"ts":"2026-06-03T11:20:10.981Z","level":"INFO","msg":"GET /api/sessions → 304","duration":"4ms"}
{"ts":"2026-06-03T11:20:10.982Z","level":"INFO","msg":"GET /api/stats → 304","duration":"1ms"}
{"ts":"2026-06-03T11:20:10.983Z","level":"INFO","msg":"GET /api/auth/me → 304","duration":"1ms"}
{"ts":"2026-06-03T11:20:10.983Z","level":"INFO","msg":"GET /api/activity → 304","duration":"0ms"}
{"ts":"2026-06-03T11:20:10.984Z","level":"INFO","msg":"GET /api/roadmaps → 304","duration":"0ms"}
{"ts":"2026-06-03T11:20:10.985Z","level":"INFO","msg":"GET /api/sessions → 304","duration":"1ms"}
{"ts":"2026-06-03T11:20:10.986Z","level":"INFO","msg":"GET /api/stats → 304","duration":"1ms"}
{"ts":"2026-06-03T11:20:10.987Z","level":"INFO","msg":"GET /api/activity → 304","duration":"1ms"}
{"ts":"2026-06-03T11:20:10.988Z","level":"INFO","msg":"GET /api/activity → 304","duration":"0ms"}
{"ts":"2026-06-03T11:20:10.992Z","level":"INFO","msg":"GET /api/activity → 304","duration":"1ms"}
{"ts":"2026-06-03T11:20:10.992Z","level":"INFO","msg":"GET /api/roadmaps → 304","duration":"1ms"}
{"ts":"2026-06-03T11:20:10.993Z","level":"INFO","msg":"GET /api/sessions → 304","duration":"1ms"}
{"ts":"2026-06-03T11:20:10.994Z","level":"INFO","msg":"GET /api/stats → 304","duration":"1ms"}
{"ts":"2026-06-03T11:20:10.995Z","level":"INFO","msg":"GET /api/activity → 304","duration":"1ms"}
{"ts":"2026-06-03T11:20:10.995Z","level":"INFO","msg":"GET /api/roadmaps → 304","duration":"0ms"}
{"ts":"2026-06-03T11:20:10.996Z","level":"INFO","msg":"GET /api/sessions → 304","duration":"1ms"}
{"ts":"2026-06-03T11:20:10.997Z","level":"INFO","msg":"GET /api/stats → 304","duration":"2ms"}
{"ts":"2026-06-03T11:20:10.998Z","level":"INFO","msg":"GET /api/activity → 304","duration":"1ms"}
{"ts":"2026-06-03T11:20:11.000Z","level":"INFO","msg":"GET /api/activity → 304","duration":"0ms"}
{"ts":"2026-06-03T11:20:16.968Z","level":"INFO","msg":"GET /api/activity → 304","duration":"2ms"}
{"ts":"2026-06-03T11:20:16.972Z","level":"INFO","msg":"GET /api/roadmaps → 304","duration":"6ms"}
{"ts":"2026-06-03T11:20:16.976Z","level":"INFO","msg":"GET /api/sessions → 304","duration":"9ms"}
{"ts":"2026-06-03T11:20:16.978Z","level":"INFO","msg":"GET /api/stats → 304","duration":"1ms"}
{"ts":"2026-06-03T11:20:16.979Z","level":"INFO","msg":"GET /api/auth/me → 304","duration":"1ms"}
{"ts":"2026-06-03T11:20:16.980Z","level":"INFO","msg":"GET /api/activity → 304","duration":"0ms"}
{"ts":"2026-06-03T11:20:16.981Z","level":"INFO","msg":"GET /api/roadmaps → 304","duration":"1ms"}
{"ts":"2026-06-03T11:20:16.982Z","level":"INFO","msg":"GET /api/sessions → 304","duration":"0ms"}
{"ts":"2026-06-03T11:20:16.983Z","level":"INFO","msg":"GET /api/stats → 304","duration":"0ms"}
{"ts":"2026-06-03T11:20:16.984Z","level":"INFO","msg":"GET /api/activity → 304","duration":"1ms"}
{"ts":"2026-06-03T11:20:16.985Z","level":"INFO","msg":"GET /api/activity → 304","duration":"0ms"}
{"ts":"2026-06-03T11:20:16.991Z","level":"INFO","msg":"GET /api/activity → 304","duration":"0ms"}
{"ts":"2026-06-03T11:20:16.992Z","level":"INFO","msg":"GET /api/roadmaps → 304","duration":"1ms"}
{"ts":"2026-06-03T11:20:16.992Z","level":"INFO","msg":"GET /api/sessions → 304","duration":"0ms"}
{"ts":"2026-06-03T11:20:16.993Z","level":"INFO","msg":"GET /api/stats → 304","duration":"0ms"}
{"ts":"2026-06-03T11:20:16.995Z","level":"INFO","msg":"GET /api/activity → 304","duration":"1ms"}
{"ts":"2026-06-03T11:20:16.995Z","level":"INFO","msg":"GET /api/roadmaps → 304","duration":"1ms"}
{"ts":"2026-06-03T11:20:16.996Z","level":"INFO","msg":"GET /api/sessions → 304","duration":"1ms"}
{"ts":"2026-06-03T11:20:16.997Z","level":"INFO","msg":"GET /api/stats → 304","duration":"1ms"}
{"ts":"2026-06-03T11:20:16.997Z","level":"INFO","msg":"GET /api/activity → 304","duration":"0ms"}
{"ts":"2026-06-03T11:20:16.999Z","level":"INFO","msg":"GET /api/activity → 304","duration":"1ms"}
{"ts":"2026-06-03T11:20:43.950Z","level":"INFO","msg":"GET /api/activity → 304","duration":"2ms"}
{"ts":"2026-06-03T11:20:43.951Z","level":"INFO","msg":"GET /api/roadmaps → 304","duration":"3ms"}
{"ts":"2026-06-03T11:20:43.952Z","level":"INFO","msg":"GET /api/sessions → 304","duration":"1ms"}
{"ts":"2026-06-03T11:20:43.953Z","level":"INFO","msg":"GET /api/stats → 304","duration":"0ms"}
{"ts":"2026-06-03T11:20:43.954Z","level":"INFO","msg":"GET /api/auth/me → 304","duration":"0ms"}
{"ts":"2026-06-03T11:20:43.955Z","level":"INFO","msg":"GET /api/activity → 304","duration":"0ms"}
{"ts":"2026-06-03T11:20:43.956Z","level":"INFO","msg":"GET /api/roadmaps → 304","duration":"1ms"}
{"ts":"2026-06-03T11:20:43.957Z","level":"INFO","msg":"GET /api/sessions → 304","duration":"1ms"}
{"ts":"2026-06-03T11:20:43.958Z","level":"INFO","msg":"GET /api/stats → 304","duration":"1ms"}
{"ts":"2026-06-03T11:20:43.959Z","level":"INFO","msg":"GET /api/activity → 304","duration":"1ms"}
{"ts":"2026-06-03T11:20:43.960Z","level":"INFO","msg":"GET /api/activity → 304","duration":"0ms"}
{"ts":"2026-06-03T11:20:43.965Z","level":"INFO","msg":"GET /api/activity → 304","duration":"1ms"}
{"ts":"2026-06-03T11:20:43.966Z","level":"INFO","msg":"GET /api/roadmaps → 304","duration":"2ms"}
{"ts":"2026-06-03T11:20:43.967Z","level":"INFO","msg":"GET /api/sessions → 304","duration":"1ms"}
{"ts":"2026-06-03T11:20:43.968Z","level":"INFO","msg":"GET /api/stats → 304","duration":"1ms"}
{"ts":"2026-06-03T11:20:43.968Z","level":"INFO","msg":"GET /api/activity → 304","duration":"0ms"}
{"ts":"2026-06-03T11:20:43.969Z","level":"INFO","msg":"GET /api/roadmaps → 304","duration":"0ms"}
{"ts":"2026-06-03T11:20:43.970Z","level":"INFO","msg":"GET /api/sessions → 304","duration":"0ms"}
{"ts":"2026-06-03T11:20:43.971Z","level":"INFO","msg":"GET /api/stats → 304","duration":"1ms"}
{"ts":"2026-06-03T11:20:43.972Z","level":"INFO","msg":"GET /api/activity → 304","duration":"1ms"}
{"ts":"2026-06-03T11:20:43.973Z","level":"INFO","msg":"GET /api/activity → 304","duration":"0ms"}
{"ts":"2026-06-03T11:21:02.956Z","level":"INFO","msg":"GET /api/activity → 304","duration":"0ms"}
{"ts":"2026-06-03T11:21:02.958Z","level":"INFO","msg":"GET /api/roadmaps → 304","duration":"1ms"}
{"ts":"2026-06-03T11:21:02.959Z","level":"INFO","msg":"GET /api/sessions → 304","duration":"1ms"}
{"ts":"2026-06-03T11:21:02.959Z","level":"INFO","msg":"GET /api/stats → 304","duration":"0ms"}
{"ts":"2026-06-03T11:21:02.960Z","level":"INFO","msg":"GET /api/auth/me → 304","duration":"0ms"}
{"ts":"2026-06-03T11:21:02.961Z","level":"INFO","msg":"GET /api/activity → 304","duration":"0ms"}
{"ts":"2026-06-03T11:21:02.962Z","level":"INFO","msg":"GET /api/roadmaps → 304","duration":"1ms"}
{"ts":"2026-06-03T11:21:02.962Z","level":"INFO","msg":"GET /api/sessions → 304","duration":"0ms"}
{"ts":"2026-06-03T11:21:02.963Z","level":"INFO","msg":"GET /api/stats → 304","duration":"1ms"}
{"ts":"2026-06-03T11:21:02.964Z","level":"INFO","msg":"GET /api/activity → 304","duration":"1ms"}
{"ts":"2026-06-03T11:21:02.965Z","level":"INFO","msg":"GET /api/activity → 304","duration":"0ms"}
{"ts":"2026-06-03T11:21:02.969Z","level":"INFO","msg":"GET /api/activity → 304","duration":"1ms"}
{"ts":"2026-06-03T11:21:02.969Z","level":"INFO","msg":"GET /api/roadmaps → 304","duration":"1ms"}
{"ts":"2026-06-03T11:21:02.970Z","level":"INFO","msg":"GET /api/sessions → 304","duration":"1ms"}
{"ts":"2026-06-03T11:21:02.971Z","level":"INFO","msg":"GET /api/stats → 304","duration":"0ms"}
{"ts":"2026-06-03T11:21:02.973Z","level":"INFO","msg":"GET /api/activity → 304","duration":"1ms"}
{"ts":"2026-06-03T11:21:02.974Z","level":"INFO","msg":"GET /api/roadmaps → 304","duration":"1ms"}
{"ts":"2026-06-03T11:21:02.975Z","level":"INFO","msg":"GET /api/sessions → 304","duration":"1ms"}
{"ts":"2026-06-03T11:21:02.975Z","level":"INFO","msg":"GET /api/stats → 304","duration":"1ms"}
{"ts":"2026-06-03T11:21:02.976Z","level":"INFO","msg":"GET /api/activity → 304","duration":"0ms"}
{"ts":"2026-06-03T11:21:02.978Z","level":"INFO","msg":"GET /api/activity → 304","duration":"1ms"}
{"ts":"2026-06-03T11:21:16.942Z","level":"INFO","msg":"GET /api/activity → 304","duration":"0ms"}
{"ts":"2026-06-03T11:21:16.943Z","level":"INFO","msg":"GET /api/roadmaps → 304","duration":"1ms"}
{"ts":"2026-06-03T11:21:16.946Z","level":"INFO","msg":"GET /api/sessions → 304","duration":"2ms"}
{"ts":"2026-06-03T11:21:16.947Z","level":"INFO","msg":"GET /api/stats → 304","duration":"1ms"}
{"ts":"2026-06-03T11:21:16.947Z","level":"INFO","msg":"GET /api/auth/me → 304","duration":"0ms"}
{"ts":"2026-06-03T11:21:16.948Z","level":"INFO","msg":"GET /api/activity → 304","duration":"1ms"}
{"ts":"2026-06-03T11:21:16.949Z","level":"INFO","msg":"GET /api/roadmaps → 304","duration":"1ms"}
{"ts":"2026-06-03T11:21:16.950Z","level":"INFO","msg":"GET /api/sessions → 304","duration":"1ms"}
{"ts":"2026-06-03T11:21:16.951Z","level":"INFO","msg":"GET /api/stats → 304","duration":"1ms"}
{"ts":"2026-06-03T11:21:16.952Z","level":"INFO","msg":"GET /api/activity → 304","duration":"1ms"}
{"ts":"2026-06-03T11:21:16.953Z","level":"INFO","msg":"GET /api/activity → 304","duration":"0ms"}
{"ts":"2026-06-03T11:21:16.958Z","level":"INFO","msg":"GET /api/activity → 304","duration":"1ms"}
{"ts":"2026-06-03T11:21:16.958Z","level":"INFO","msg":"GET /api/roadmaps → 304","duration":"1ms"}
{"ts":"2026-06-03T11:21:16.959Z","level":"INFO","msg":"GET /api/sessions → 304","duration":"0ms"}
{"ts":"2026-06-03T11:21:16.960Z","level":"INFO","msg":"GET /api/stats → 304","duration":"1ms"}
{"ts":"2026-06-03T11:21:16.961Z","level":"INFO","msg":"GET /api/activity → 304","duration":"0ms"}
{"ts":"2026-06-03T11:21:16.962Z","level":"INFO","msg":"GET /api/roadmaps → 304","duration":"1ms"}
{"ts":"2026-06-03T11:21:16.963Z","level":"INFO","msg":"GET /api/sessions → 304","duration":"0ms"}
{"ts":"2026-06-03T11:21:16.964Z","level":"INFO","msg":"GET /api/stats → 304","duration":"1ms"}
{"ts":"2026-06-03T11:21:16.965Z","level":"INFO","msg":"GET /api/activity → 304","duration":"1ms"}
{"ts":"2026-06-03T11:21:16.967Z","level":"INFO","msg":"GET /api/activity → 304","duration":"1ms"}
{"ts":"2026-06-03T11:21:27.955Z","level":"INFO","msg":"GET /api/activity → 304","duration":"1ms"}
{"ts":"2026-06-03T11:21:27.956Z","level":"INFO","msg":"GET /api/roadmaps → 304","duration":"2ms"}
{"ts":"2026-06-03T11:21:27.956Z","level":"INFO","msg":"GET /api/stats → 304","duration":"0ms"}
{"ts":"2026-06-03T11:21:27.957Z","level":"INFO","msg":"GET /api/sessions → 304","duration":"0ms"}
{"ts":"2026-06-03T11:21:27.958Z","level":"INFO","msg":"GET /api/auth/me → 304","duration":"1ms"}
{"ts":"2026-06-03T11:21:27.959Z","level":"INFO","msg":"GET /api/activity → 304","duration":"1ms"}
{"ts":"2026-06-03T11:21:27.960Z","level":"INFO","msg":"GET /api/roadmaps → 304","duration":"1ms"}
{"ts":"2026-06-03T11:21:27.960Z","level":"INFO","msg":"GET /api/stats → 304","duration":"0ms"}
{"ts":"2026-06-03T11:21:27.961Z","level":"INFO","msg":"GET /api/sessions → 304","duration":"1ms"}
{"ts":"2026-06-03T11:21:27.961Z","level":"INFO","msg":"GET /api/activity → 304","duration":"0ms"}
{"ts":"2026-06-03T11:21:27.963Z","level":"INFO","msg":"GET /api/activity → 304","duration":"1ms"}
{"ts":"2026-06-03T11:21:27.970Z","level":"INFO","msg":"GET /api/activity → 304","duration":"1ms"}
{"ts":"2026-06-03T11:21:27.970Z","level":"INFO","msg":"GET /api/roadmaps → 304","duration":"0ms"}
{"ts":"2026-06-03T11:21:27.971Z","level":"INFO","msg":"GET /api/sessions → 304","duration":"0ms"}
{"ts":"2026-06-03T11:21:27.972Z","level":"INFO","msg":"GET /api/stats → 304","duration":"0ms"}
{"ts":"2026-06-03T11:21:27.973Z","level":"INFO","msg":"GET /api/activity → 304","duration":"1ms"}
{"ts":"2026-06-03T11:21:27.973Z","level":"INFO","msg":"GET /api/roadmaps → 304","duration":"0ms"}
{"ts":"2026-06-03T11:21:27.974Z","level":"INFO","msg":"GET /api/sessions → 304","duration":"1ms"}
{"ts":"2026-06-03T11:21:27.975Z","level":"INFO","msg":"GET /api/stats → 304","duration":"1ms"}
{"ts":"2026-06-03T11:21:27.975Z","level":"INFO","msg":"GET /api/activity → 304","duration":"0ms"}
{"ts":"2026-06-03T11:21:27.977Z","level":"INFO","msg":"GET /api/activity → 304","duration":"1ms"}
{"ts":"2026-06-03T11:21:45.958Z","level":"INFO","msg":"GET /api/activity → 304","duration":"1ms"}
{"ts":"2026-06-03T11:21:45.959Z","level":"INFO","msg":"GET /api/roadmaps → 304","duration":"2ms"}
{"ts":"2026-06-03T11:21:45.961Z","level":"INFO","msg":"GET /api/stats → 304","duration":"1ms"}
{"ts":"2026-06-03T11:21:45.962Z","level":"INFO","msg":"GET /api/sessions → 304","duration":"1ms"}
{"ts":"2026-06-03T11:21:45.963Z","level":"INFO","msg":"GET /api/auth/me → 304","duration":"1ms"}
{"ts":"2026-06-03T11:21:45.963Z","level":"INFO","msg":"GET /api/activity → 304","duration":"0ms"}
{"ts":"2026-06-03T11:21:45.964Z","level":"INFO","msg":"GET /api/roadmaps → 304","duration":"1ms"}
{"ts":"2026-06-03T11:21:45.965Z","level":"INFO","msg":"GET /api/stats → 304","duration":"1ms"}
{"ts":"2026-06-03T11:21:45.965Z","level":"INFO","msg":"GET /api/sessions → 304","duration":"0ms"}
{"ts":"2026-06-03T11:21:45.966Z","level":"INFO","msg":"GET /api/activity → 304","duration":"0ms"}
{"ts":"2026-06-03T11:21:45.967Z","level":"INFO","msg":"GET /api/activity → 304","duration":"0ms"}
{"ts":"2026-06-03T11:21:45.971Z","level":"INFO","msg":"GET /api/activity → 304","duration":"0ms"}
{"ts":"2026-06-03T11:21:45.972Z","level":"INFO","msg":"GET /api/roadmaps → 304","duration":"1ms"}
{"ts":"2026-06-03T11:21:45.973Z","level":"INFO","msg":"GET /api/sessions → 304","duration":"1ms"}
{"ts":"2026-06-03T11:21:45.974Z","level":"INFO","msg":"GET /api/stats → 304","duration":"1ms"}
{"ts":"2026-06-03T11:21:45.974Z","level":"INFO","msg":"GET /api/activity → 304","duration":"0ms"}
{"ts":"2026-06-03T11:21:45.975Z","level":"INFO","msg":"GET /api/roadmaps → 304","duration":"1ms"}
{"ts":"2026-06-03T11:21:45.976Z","level":"INFO","msg":"GET /api/sessions → 304","duration":"1ms"}
{"ts":"2026-06-03T11:21:45.977Z","level":"INFO","msg":"GET /api/stats → 304","duration":"1ms"}
{"ts":"2026-06-03T11:21:45.978Z","level":"INFO","msg":"GET /api/activity → 304","duration":"1ms"}
{"ts":"2026-06-03T11:21:45.980Z","level":"INFO","msg":"GET /api/activity → 304","duration":"1ms"}
{"ts":"2026-06-03T11:21:56.951Z","level":"INFO","msg":"GET /api/activity → 304","duration":"1ms"}
{"ts":"2026-06-03T11:21:56.952Z","level":"INFO","msg":"GET /api/roadmaps → 304","duration":"2ms"}
{"ts":"2026-06-03T11:21:56.953Z","level":"INFO","msg":"GET /api/sessions → 304","duration":"3ms"}
{"ts":"2026-06-03T11:21:56.955Z","level":"INFO","msg":"GET /api/stats → 304","duration":"2ms"}
{"ts":"2026-06-03T11:21:56.956Z","level":"INFO","msg":"GET /api/auth/me → 304","duration":"1ms"}
{"ts":"2026-06-03T11:21:56.957Z","level":"INFO","msg":"GET /api/activity → 304","duration":"1ms"}
{"ts":"2026-06-03T11:21:56.958Z","level":"INFO","msg":"GET /api/roadmaps → 304","duration":"1ms"}
{"ts":"2026-06-03T11:21:56.959Z","level":"INFO","msg":"GET /api/sessions → 304","duration":"1ms"}
{"ts":"2026-06-03T11:21:56.960Z","level":"INFO","msg":"GET /api/stats → 304","duration":"2ms"}
{"ts":"2026-06-03T11:21:56.961Z","level":"INFO","msg":"GET /api/activity → 304","duration":"1ms"}
{"ts":"2026-06-03T11:21:56.963Z","level":"INFO","msg":"GET /api/activity → 304","duration":"1ms"}
{"ts":"2026-06-03T11:21:56.967Z","level":"INFO","msg":"GET /api/activity → 304","duration":"0ms"}
{"ts":"2026-06-03T11:21:56.968Z","level":"INFO","msg":"GET /api/roadmaps → 304","duration":"1ms"}
{"ts":"2026-06-03T11:21:56.969Z","level":"INFO","msg":"GET /api/sessions → 304","duration":"1ms"}
{"ts":"2026-06-03T11:21:56.970Z","level":"INFO","msg":"GET /api/stats → 304","duration":"1ms"}
{"ts":"2026-06-03T11:21:56.972Z","level":"INFO","msg":"GET /api/activity → 304","duration":"1ms"}
{"ts":"2026-06-03T11:21:56.973Z","level":"INFO","msg":"GET /api/roadmaps → 304","duration":"1ms"}
{"ts":"2026-06-03T11:21:56.974Z","level":"INFO","msg":"GET /api/sessions → 304","duration":"0ms"}
{"ts":"2026-06-03T11:21:56.975Z","level":"INFO","msg":"GET /api/stats → 304","duration":"0ms"}
{"ts":"2026-06-03T11:21:56.977Z","level":"INFO","msg":"GET /api/activity → 304","duration":"1ms"}
{"ts":"2026-06-03T11:21:56.979Z","level":"INFO","msg":"GET /api/activity → 304","duration":"1ms"}
{"ts":"2026-06-03T11:22:04.956Z","level":"INFO","msg":"GET /api/activity → 304","duration":"1ms"}
{"ts":"2026-06-03T11:22:04.957Z","level":"INFO","msg":"GET /api/roadmaps → 304","duration":"2ms"}
{"ts":"2026-06-03T11:22:04.959Z","level":"INFO","msg":"GET /api/stats → 304","duration":"1ms"}
{"ts":"2026-06-03T11:22:04.959Z","level":"INFO","msg":"GET /api/sessions → 304","duration":"0ms"}
{"ts":"2026-06-03T11:22:04.960Z","level":"INFO","msg":"GET /api/auth/me → 304","duration":"0ms"}
{"ts":"2026-06-03T11:22:04.961Z","level":"INFO","msg":"GET /api/activity → 304","duration":"1ms"}
{"ts":"2026-06-03T11:22:04.963Z","level":"INFO","msg":"GET /api/roadmaps → 304","duration":"3ms"}
{"ts":"2026-06-03T11:22:04.964Z","level":"INFO","msg":"GET /api/stats → 304","duration":"0ms"}
{"ts":"2026-06-03T11:22:04.965Z","level":"INFO","msg":"GET /api/sessions → 304","duration":"1ms"}
{"ts":"2026-06-03T11:22:04.965Z","level":"INFO","msg":"GET /api/activity → 304","duration":"1ms"}
{"ts":"2026-06-03T11:22:04.968Z","level":"INFO","msg":"GET /api/activity → 304","duration":"1ms"}
{"ts":"2026-06-03T11:22:04.970Z","level":"INFO","msg":"GET /api/roadmaps → 304","duration":"1ms"}
{"ts":"2026-06-03T11:22:04.970Z","level":"INFO","msg":"GET /api/sessions → 304","duration":"1ms"}
{"ts":"2026-06-03T11:22:04.971Z","level":"INFO","msg":"GET /api/stats → 304","duration":"1ms"}
{"ts":"2026-06-03T11:22:04.972Z","level":"INFO","msg":"GET /api/activity → 304","duration":"1ms"}
{"ts":"2026-06-03T11:22:04.973Z","level":"INFO","msg":"GET /api/roadmaps → 304","duration":"1ms"}
{"ts":"2026-06-03T11:22:04.974Z","level":"INFO","msg":"GET /api/sessions → 304","duration":"1ms"}
{"ts":"2026-06-03T11:22:04.974Z","level":"INFO","msg":"GET /api/stats → 304","duration":"1ms"}
{"ts":"2026-06-03T11:22:04.975Z","level":"INFO","msg":"GET /api/activity → 304","duration":"1ms"}
{"ts":"2026-06-03T11:22:04.977Z","level":"INFO","msg":"GET /api/activity → 304","duration":"0ms"}
{"ts":"2026-06-03T11:22:04.980Z","level":"INFO","msg":"GET /api/activity → 304","duration":"0ms"}
{"ts":"2026-06-03T11:22:12.945Z","level":"INFO","msg":"GET /api/activity → 304","duration":"2ms"}
{"ts":"2026-06-03T11:22:12.946Z","level":"INFO","msg":"GET /api/roadmaps → 304","duration":"2ms"}
{"ts":"2026-06-03T11:22:12.947Z","level":"INFO","msg":"GET /api/stats → 304","duration":"1ms"}
{"ts":"2026-06-03T11:22:12.948Z","level":"INFO","msg":"GET /api/auth/me → 304","duration":"1ms"}
{"ts":"2026-06-03T11:22:12.949Z","level":"INFO","msg":"GET /api/sessions → 304","duration":"0ms"}
{"ts":"2026-06-03T11:22:12.950Z","level":"INFO","msg":"GET /api/activity → 304","duration":"1ms"}
{"ts":"2026-06-03T11:22:12.951Z","level":"INFO","msg":"GET /api/roadmaps → 304","duration":"1ms"}
{"ts":"2026-06-03T11:22:12.951Z","level":"INFO","msg":"GET /api/stats → 304","duration":"0ms"}
{"ts":"2026-06-03T11:22:12.952Z","level":"INFO","msg":"GET /api/sessions → 304","duration":"0ms"}
{"ts":"2026-06-03T11:22:12.953Z","level":"INFO","msg":"GET /api/activity → 304","duration":"1ms"}
{"ts":"2026-06-03T11:22:12.955Z","level":"INFO","msg":"GET /api/activity → 304","duration":"1ms"}
{"ts":"2026-06-03T11:22:12.957Z","level":"INFO","msg":"GET /api/roadmaps → 304","duration":"0ms"}
{"ts":"2026-06-03T11:22:12.958Z","level":"INFO","msg":"GET /api/sessions → 304","duration":"1ms"}
{"ts":"2026-06-03T11:22:12.960Z","level":"INFO","msg":"GET /api/stats → 304","duration":"3ms"}
{"ts":"2026-06-03T11:22:12.961Z","level":"INFO","msg":"GET /api/activity → 304","duration":"1ms"}
{"ts":"2026-06-03T11:22:12.962Z","level":"INFO","msg":"GET /api/roadmaps → 304","duration":"1ms"}
{"ts":"2026-06-03T11:22:12.963Z","level":"INFO","msg":"GET /api/sessions → 304","duration":"1ms"}
{"ts":"2026-06-03T11:22:12.964Z","level":"INFO","msg":"GET /api/stats → 304","duration":"2ms"}
{"ts":"2026-06-03T11:22:12.965Z","level":"INFO","msg":"GET /api/activity → 304","duration":"1ms"}
{"ts":"2026-06-03T11:22:12.966Z","level":"INFO","msg":"GET /api/activity → 304","duration":"0ms"}
{"ts":"2026-06-03T11:22:12.967Z","level":"INFO","msg":"GET /api/activity → 304","duration":"0ms"}
{"ts":"2026-06-03T11:22:26.966Z","level":"INFO","msg":"GET /api/activity → 304","duration":"1ms"}
{"ts":"2026-06-03T11:22:26.968Z","level":"INFO","msg":"GET /api/roadmaps → 304","duration":"1ms"}
{"ts":"2026-06-03T11:22:26.969Z","level":"INFO","msg":"GET /api/stats → 304","duration":"0ms"}
{"ts":"2026-06-03T11:22:26.970Z","level":"INFO","msg":"GET /api/sessions → 304","duration":"1ms"}
{"ts":"2026-06-03T11:22:26.971Z","level":"INFO","msg":"GET /api/auth/me → 304","duration":"1ms"}
{"ts":"2026-06-03T11:22:26.972Z","level":"INFO","msg":"GET /api/activity → 304","duration":"1ms"}
{"ts":"2026-06-03T11:22:26.972Z","level":"INFO","msg":"GET /api/roadmaps → 304","duration":"0ms"}
{"ts":"2026-06-03T11:22:26.973Z","level":"INFO","msg":"GET /api/stats → 304","duration":"0ms"}
{"ts":"2026-06-03T11:22:26.974Z","level":"INFO","msg":"GET /api/sessions → 304","duration":"1ms"}
{"ts":"2026-06-03T11:22:26.975Z","level":"INFO","msg":"GET /api/activity → 304","duration":"1ms"}
{"ts":"2026-06-03T11:22:26.976Z","level":"INFO","msg":"GET /api/activity → 304","duration":"0ms"}
{"ts":"2026-06-03T11:22:26.980Z","level":"INFO","msg":"GET /api/activity → 304","duration":"2ms"}
{"ts":"2026-06-03T11:22:26.982Z","level":"INFO","msg":"GET /api/roadmaps → 304","duration":"1ms"}
{"ts":"2026-06-03T11:22:26.982Z","level":"INFO","msg":"GET /api/sessions → 304","duration":"1ms"}
{"ts":"2026-06-03T11:22:26.983Z","level":"INFO","msg":"GET /api/stats → 304","duration":"0ms"}
{"ts":"2026-06-03T11:22:26.985Z","level":"INFO","msg":"GET /api/activity → 304","duration":"1ms"}
{"ts":"2026-06-03T11:22:26.986Z","level":"INFO","msg":"GET /api/roadmaps → 304","duration":"1ms"}
{"ts":"2026-06-03T11:22:26.986Z","level":"INFO","msg":"GET /api/sessions → 304","duration":"0ms"}
{"ts":"2026-06-03T11:22:26.987Z","level":"INFO","msg":"GET /api/stats → 304","duration":"1ms"}
{"ts":"2026-06-03T11:22:26.988Z","level":"INFO","msg":"GET /api/activity → 304","duration":"1ms"}
{"ts":"2026-06-03T11:22:26.990Z","level":"INFO","msg":"GET /api/activity → 304","duration":"1ms"}
{"ts":"2026-06-03T11:23:42.607Z","level":"INFO","msg":"GET /api/community/leaderboard → 200","duration":"4ms"}
{"ts":"2026-06-03T11:23:53.172Z","level":"INFO","msg":"GET /api/auth/me → 304","duration":"1ms"}
{"ts":"2026-06-03T11:23:53.174Z","level":"INFO","msg":"GET /api/auth/me → 304","duration":"0ms"}
{"ts":"2026-06-03T11:23:53.199Z","level":"INFO","msg":"GET /api/activity → 304","duration":"1ms"}
{"ts":"2026-06-03T11:23:53.200Z","level":"INFO","msg":"GET /api/sessions → 304","duration":"1ms"}
{"ts":"2026-06-03T11:23:53.201Z","level":"INFO","msg":"GET /api/stats → 304","duration":"1ms"}
{"ts":"2026-06-03T11:23:53.202Z","level":"INFO","msg":"GET /api/roadmaps → 304","duration":"1ms"}
{"ts":"2026-06-03T11:23:53.203Z","level":"INFO","msg":"GET /api/activity → 304","duration":"1ms"}
{"ts":"2026-06-03T11:23:53.205Z","level":"INFO","msg":"GET /api/sessions → 304","duration":"1ms"}
{"ts":"2026-06-03T11:23:53.206Z","level":"INFO","msg":"GET /api/stats → 304","duration":"0ms"}
{"ts":"2026-06-03T11:23:53.207Z","level":"INFO","msg":"GET /api/roadmaps → 304","duration":"0ms"}
{"ts":"2026-06-03T11:23:53.208Z","level":"INFO","msg":"GET /api/activity → 304","duration":"0ms"}
{"ts":"2026-06-03T11:23:53.209Z","level":"INFO","msg":"GET /api/sessions → 304","duration":"1ms"}
{"ts":"2026-06-03T11:23:53.210Z","level":"INFO","msg":"GET /api/stats → 304","duration":"1ms"}
{"ts":"2026-06-03T11:23:53.210Z","level":"INFO","msg":"GET /api/roadmaps → 304","duration":"1ms"}
{"ts":"2026-06-03T11:23:53.211Z","level":"INFO","msg":"GET /api/activity → 304","duration":"1ms"}
{"ts":"2026-06-03T11:23:53.213Z","level":"INFO","msg":"GET /api/sessions → 304","duration":"1ms"}
{"ts":"2026-06-03T11:23:53.217Z","level":"INFO","msg":"GET /api/stats → 304","duration":"1ms"}
{"ts":"2026-06-03T11:23:53.217Z","level":"INFO","msg":"GET /api/roadmaps → 304","duration":"1ms"}
{"ts":"2026-06-03T11:23:53.218Z","level":"INFO","msg":"GET /api/activity → 304","duration":"2ms"}
{"ts":"2026-06-03T11:23:53.220Z","level":"INFO","msg":"GET /api/activity → 304","duration":"0ms"}
{"ts":"2026-06-03T11:23:53.221Z","level":"INFO","msg":"GET /api/activity → 304","duration":"0ms"}
{"ts":"2026-06-03T11:23:53.224Z","level":"INFO","msg":"GET /api/activity → 304","duration":"0ms"}
{"ts":"2026-06-03T11:23:56.996Z","level":"INFO","msg":"GET /api/courses → 200","duration":"1ms"}
{"ts":"2026-06-03T11:23:56.997Z","level":"INFO","msg":"GET /api/community/threads → 200","duration":"1ms"}
{"ts":"2026-06-03T11:23:56.999Z","level":"INFO","msg":"GET /api/community/leaderboard → 200","duration":"1ms"}
{"ts":"2026-06-03T11:23:57.000Z","level":"INFO","msg":"GET /api/roadmaps → 304","duration":"0ms"}
{"ts":"2026-06-03T11:23:57.001Z","level":"INFO","msg":"GET /api/courses → 304","duration":"0ms"}
{"ts":"2026-06-03T11:23:57.002Z","level":"INFO","msg":"GET /api/community/threads → 304","duration":"0ms"}
{"ts":"2026-06-03T11:23:57.003Z","level":"INFO","msg":"GET /api/community/leaderboard → 304","duration":"1ms"}
{"ts":"2026-06-03T11:23:57.004Z","level":"INFO","msg":"GET /api/roadmaps → 304","duration":"1ms"}
{"ts":"2026-06-03T11:25:18.551Z","level":"INFO","msg":"POST /api/community/threads → 200","duration":"1ms"}
{"ts":"2026-06-03T11:25:26.782Z","level":"INFO","msg":"GET /api/roadmaps → 304","duration":"1ms"}
{"ts":"2026-06-03T11:25:26.783Z","level":"INFO","msg":"GET /api/sessions → 304","duration":"2ms"}
{"ts":"2026-06-03T11:25:26.785Z","level":"INFO","msg":"GET /api/stats → 304","duration":"2ms"}
{"ts":"2026-06-03T11:25:26.787Z","level":"INFO","msg":"GET /api/activity → 200","duration":"1ms"}
{"ts":"2026-06-03T11:25:26.789Z","level":"INFO","msg":"GET /api/roadmaps → 304","duration":"2ms"}
{"ts":"2026-06-03T11:25:26.797Z","level":"INFO","msg":"GET /api/sessions → 304","duration":"2ms"}
{"ts":"2026-06-03T11:25:26.821Z","level":"INFO","msg":"GET /api/stats → 304","duration":"2ms"}
{"ts":"2026-06-03T11:25:26.822Z","level":"INFO","msg":"GET /api/activity → 304","duration":"2ms"}
{"ts":"2026-06-03T11:25:26.938Z","level":"INFO","msg":"GET /api/roadmaps → 304","duration":"0ms"}
{"ts":"2026-06-03T11:25:26.939Z","level":"INFO","msg":"GET /api/courses → 304","duration":"1ms"}
{"ts":"2026-06-03T11:25:26.940Z","level":"INFO","msg":"GET /api/community/threads → 200","duration":"1ms"}
{"ts":"2026-06-03T11:25:26.941Z","level":"INFO","msg":"GET /api/community/leaderboard → 200","duration":"1ms"}
{"ts":"2026-06-03T11:25:26.942Z","level":"INFO","msg":"GET /api/roadmaps → 304","duration":"1ms"}
{"ts":"2026-06-03T11:25:26.944Z","level":"INFO","msg":"GET /api/courses → 304","duration":"1ms"}
{"ts":"2026-06-03T11:25:26.945Z","level":"INFO","msg":"GET /api/community/threads → 304","duration":"1ms"}
{"ts":"2026-06-03T11:25:26.946Z","level":"INFO","msg":"GET /api/community/leaderboard → 304","duration":"1ms"}
{"ts":"2026-06-03T11:25:35.795Z","level":"INFO","msg":"GET /api/community/threads/t-1780485918550-lz2y → 200","duration":"1ms"}
{"ts":"2026-06-03T11:25:49.536Z","level":"INFO","msg":"GET /api/activity → 304","duration":"0ms"}
{"ts":"2026-06-03T11:25:49.540Z","level":"INFO","msg":"GET /api/activity → 304","duration":"2ms"}
{"ts":"2026-06-03T11:26:12.495Z","level":"INFO","msg":"GET /api/users/agents → 200","duration":"3ms"}
{"ts":"2026-06-03T11:26:12.498Z","level":"INFO","msg":"GET /api/users/agents → 304","duration":"1ms"}
{"ts":"2026-06-03T11:26:12.951Z","level":"INFO","msg":"GET /api/users/apikeys → 200","duration":"1ms"}
{"ts":"2026-06-03T11:26:12.952Z","level":"INFO","msg":"GET /api/users/profile → 200","duration":"3ms"}
{"ts":"2026-06-03T11:26:12.953Z","level":"INFO","msg":"GET /api/users/settings → 200","duration":"1ms"}
{"ts":"2026-06-03T11:26:12.954Z","level":"INFO","msg":"GET /api/users/agent-routing → 200","duration":"0ms"}
{"ts":"2026-06-03T11:26:12.955Z","level":"INFO","msg":"GET /api/users/apikeys → 304","duration":"0ms"}
{"ts":"2026-06-03T11:26:12.956Z","level":"INFO","msg":"GET /api/users/profile → 304","duration":"0ms"}
{"ts":"2026-06-03T11:26:12.957Z","level":"INFO","msg":"GET /api/users/settings → 304","duration":"1ms"}
{"ts":"2026-06-03T11:26:12.957Z","level":"INFO","msg":"GET /api/users/agent-routing → 304","duration":"0ms"}
{"ts":"2026-06-03T11:26:33.585Z","level":"INFO","msg":"GET /api/certificates → 200","duration":"1ms"}
{"ts":"2026-06-03T11:26:33.586Z","level":"INFO","msg":"GET /api/badges → 200","duration":"1ms"}
{"ts":"2026-06-03T11:26:33.587Z","level":"INFO","msg":"GET /api/certificates → 304","duration":"1ms"}
{"ts":"2026-06-03T11:26:33.587Z","level":"INFO","msg":"GET /api/badges → 304","duration":"0ms"}
{"ts":"2026-06-03T11:27:54.964Z","level":"INFO","msg":"GET /api/certificates → 304","duration":"2ms"}
{"ts":"2026-06-03T11:27:54.966Z","level":"INFO","msg":"GET /api/activity → 200","duration":"1ms"}
{"ts":"2026-06-03T11:27:54.967Z","level":"INFO","msg":"GET /api/badges → 304","duration":"1ms"}
{"ts":"2026-06-03T11:27:54.968Z","level":"INFO","msg":"GET /api/auth/me → 304","duration":"1ms"}
{"ts":"2026-06-03T11:27:54.969Z","level":"INFO","msg":"GET /api/certificates → 304","duration":"1ms"}
{"ts":"2026-06-03T11:27:54.970Z","level":"INFO","msg":"GET /api/activity → 304","duration":"1ms"}
{"ts":"2026-06-03T11:27:54.970Z","level":"INFO","msg":"GET /api/badges → 304","duration":"0ms"}
{"ts":"2026-06-03T11:27:54.984Z","level":"INFO","msg":"GET /api/activity → 304","duration":"1ms"}
{"ts":"2026-06-03T11:27:54.985Z","level":"INFO","msg":"GET /api/roadmaps → 304","duration":"2ms"}
{"ts":"2026-06-03T11:27:54.986Z","level":"INFO","msg":"GET /api/sessions → 304","duration":"1ms"}
{"ts":"2026-06-03T11:27:54.987Z","level":"INFO","msg":"GET /api/stats → 304","duration":"1ms"}
{"ts":"2026-06-03T11:27:54.988Z","level":"INFO","msg":"GET /api/activity → 304","duration":"1ms"}
{"ts":"2026-06-03T11:27:54.989Z","level":"INFO","msg":"GET /api/roadmaps → 304","duration":"1ms"}
{"ts":"2026-06-03T11:27:54.990Z","level":"INFO","msg":"GET /api/sessions → 304","duration":"1ms"}
{"ts":"2026-06-03T11:27:54.991Z","level":"INFO","msg":"GET /api/stats → 304","duration":"1ms"}
{"ts":"2026-06-03T11:27:54.992Z","level":"INFO","msg":"GET /api/activity → 304","duration":"1ms"}
{"ts":"2026-06-03T11:27:54.993Z","level":"INFO","msg":"GET /api/activity → 304","duration":"0ms"}
{"ts":"2026-06-03T11:27:58.959Z","level":"INFO","msg":"GET /api/activity → 304","duration":"1ms"}
{"ts":"2026-06-03T11:27:58.960Z","level":"INFO","msg":"GET /api/sessions → 304","duration":"2ms"}
{"ts":"2026-06-03T11:27:58.962Z","level":"INFO","msg":"GET /api/roadmaps → 304","duration":"1ms"}
{"ts":"2026-06-03T11:27:58.963Z","level":"INFO","msg":"GET /api/stats → 304","duration":"1ms"}
{"ts":"2026-06-03T11:27:58.964Z","level":"INFO","msg":"GET /api/auth/me → 304","duration":"1ms"}
{"ts":"2026-06-03T11:27:58.965Z","level":"INFO","msg":"GET /api/activity → 304","duration":"1ms"}
{"ts":"2026-06-03T11:27:58.965Z","level":"INFO","msg":"GET /api/sessions → 304","duration":"0ms"}
{"ts":"2026-06-03T11:27:58.966Z","level":"INFO","msg":"GET /api/roadmaps → 304","duration":"1ms"}
{"ts":"2026-06-03T11:27:58.967Z","level":"INFO","msg":"GET /api/stats → 304","duration":"1ms"}
{"ts":"2026-06-03T11:27:58.967Z","level":"INFO","msg":"GET /api/activity → 304","duration":"0ms"}
{"ts":"2026-06-03T11:27:58.969Z","level":"INFO","msg":"GET /api/activity → 304","duration":"1ms"}
{"ts":"2026-06-03T11:27:58.973Z","level":"INFO","msg":"GET /api/activity → 304","duration":"0ms"}
{"ts":"2026-06-03T11:27:58.974Z","level":"INFO","msg":"GET /api/roadmaps → 304","duration":"0ms"}
{"ts":"2026-06-03T11:27:58.975Z","level":"INFO","msg":"GET /api/stats → 304","duration":"1ms"}
{"ts":"2026-06-03T11:27:58.976Z","level":"INFO","msg":"GET /api/sessions → 304","duration":"1ms"}
{"ts":"2026-06-03T11:27:58.976Z","level":"INFO","msg":"GET /api/activity → 304","duration":"0ms"}
{"ts":"2026-06-03T11:27:58.977Z","level":"INFO","msg":"GET /api/roadmaps → 304","duration":"0ms"}
{"ts":"2026-06-03T11:27:58.978Z","level":"INFO","msg":"GET /api/stats → 304","duration":"1ms"}
{"ts":"2026-06-03T11:27:58.979Z","level":"INFO","msg":"GET /api/sessions → 304","duration":"1ms"}
{"ts":"2026-06-03T11:27:58.980Z","level":"INFO","msg":"GET /api/activity → 304","duration":"1ms"}
{"ts":"2026-06-03T11:27:58.981Z","level":"INFO","msg":"GET /api/activity → 304","duration":"0ms"}
{"ts":"2026-06-03T11:28:07.320Z","level":"INFO","msg":"GET /api/sessions → 304","duration":"0ms"}
{"ts":"2026-06-03T11:28:07.327Z","level":"INFO","msg":"GET /api/sessions → 304","duration":"0ms"}
{"ts":"2026-06-03T11:28:07.329Z","level":"INFO","msg":"GET /api/sessions/sess-1 → 304","duration":"1ms"}
{"ts":"2026-06-03T11:28:07.331Z","level":"INFO","msg":"GET /api/sessions/sess-1 → 304","duration":"1ms"}
{"ts":"2026-06-03T11:29:11.615Z","level":"INFO","msg":"GET /api/auth/me → 304","duration":"6ms"}
{"ts":"2026-06-03T11:29:11.618Z","level":"INFO","msg":"GET /api/auth/me → 304","duration":"1ms"}
{"ts":"2026-06-03T11:29:11.646Z","level":"INFO","msg":"GET /api/activity → 304","duration":"3ms"}
{"ts":"2026-06-03T11:29:11.647Z","level":"INFO","msg":"GET /api/roadmaps → 304","duration":"3ms"}
{"ts":"2026-06-03T11:29:11.648Z","level":"INFO","msg":"GET /api/sessions → 304","duration":"2ms"}
{"ts":"2026-06-03T11:29:11.650Z","level":"INFO","msg":"GET /api/stats → 304","duration":"1ms"}
{"ts":"2026-06-03T11:29:11.652Z","level":"INFO","msg":"GET /api/activity → 304","duration":"3ms"}
{"ts":"2026-06-03T11:29:11.654Z","level":"INFO","msg":"GET /api/roadmaps → 304","duration":"1ms"}
{"ts":"2026-06-03T11:29:11.654Z","level":"INFO","msg":"GET /api/sessions → 304","duration":"1ms"}
{"ts":"2026-06-03T11:29:11.656Z","level":"INFO","msg":"GET /api/stats → 304","duration":"1ms"}
{"ts":"2026-06-03T11:29:11.657Z","level":"INFO","msg":"GET /api/activity → 304","duration":"1ms"}
{"ts":"2026-06-03T11:29:11.658Z","level":"INFO","msg":"GET /api/roadmaps → 304","duration":"1ms"}
{"ts":"2026-06-03T11:29:11.658Z","level":"INFO","msg":"GET /api/sessions → 304","duration":"1ms"}
{"ts":"2026-06-03T11:29:11.660Z","level":"INFO","msg":"GET /api/stats → 304","duration":"2ms"}
{"ts":"2026-06-03T11:29:11.663Z","level":"INFO","msg":"GET /api/activity → 304","duration":"2ms"}
{"ts":"2026-06-03T11:29:11.665Z","level":"INFO","msg":"GET /api/roadmaps → 304","duration":"1ms"}
{"ts":"2026-06-03T11:29:11.667Z","level":"INFO","msg":"GET /api/stats → 304","duration":"1ms"}
{"ts":"2026-06-03T11:29:11.668Z","level":"INFO","msg":"GET /api/sessions → 304","duration":"2ms"}
{"ts":"2026-06-03T11:29:11.669Z","level":"INFO","msg":"GET /api/activity → 304","duration":"1ms"}
{"ts":"2026-06-03T11:29:11.671Z","level":"INFO","msg":"GET /api/activity → 304","duration":"1ms"}
{"ts":"2026-06-03T11:29:11.673Z","level":"INFO","msg":"GET /api/activity → 304","duration":"1ms"}
{"ts":"2026-06-03T11:29:11.674Z","level":"INFO","msg":"GET /api/activity → 304","duration":"0ms"}
{"ts":"2026-06-03T11:29:18.957Z","level":"INFO","msg":"GET /api/sessions → 304","duration":"1ms"}
{"ts":"2026-06-03T11:29:18.967Z","level":"INFO","msg":"GET /api/sessions → 304","duration":"0ms"}
{"ts":"2026-06-03T11:29:18.968Z","level":"INFO","msg":"GET /api/sessions/sess-1 → 304","duration":"0ms"}
{"ts":"2026-06-03T11:29:18.973Z","level":"INFO","msg":"GET /api/sessions/sess-1 → 304","duration":"1ms"}
{"ts":"2026-06-03T11:29:50.950Z","level":"INFO","msg":"GET /api/auth/me → 304","duration":"1ms"}
{"ts":"2026-06-03T11:29:50.952Z","level":"INFO","msg":"GET /api/auth/me → 304","duration":"1ms"}
{"ts":"2026-06-03T11:29:50.966Z","level":"INFO","msg":"GET /api/roadmaps → 304","duration":"1ms"}
{"ts":"2026-06-03T11:29:50.967Z","level":"INFO","msg":"GET /api/sessions → 304","duration":"2ms"}
{"ts":"2026-06-03T11:29:50.968Z","level":"INFO","msg":"GET /api/activity → 304","duration":"1ms"}
{"ts":"2026-06-03T11:29:50.969Z","level":"INFO","msg":"GET /api/stats → 304","duration":"1ms"}
{"ts":"2026-06-03T11:29:50.970Z","level":"INFO","msg":"GET /api/roadmaps → 304","duration":"0ms"}
{"ts":"2026-06-03T11:29:50.971Z","level":"INFO","msg":"GET /api/sessions → 304","duration":"0ms"}
{"ts":"2026-06-03T11:29:50.972Z","level":"INFO","msg":"GET /api/activity → 304","duration":"1ms"}
{"ts":"2026-06-03T11:29:50.973Z","level":"INFO","msg":"GET /api/stats → 304","duration":"1ms"}
{"ts":"2026-06-03T11:29:50.975Z","level":"INFO","msg":"GET /api/activity → 304","duration":"0ms"}
{"ts":"2026-06-03T11:29:50.976Z","level":"INFO","msg":"GET /api/roadmaps → 304","duration":"1ms"}
{"ts":"2026-06-03T11:29:50.976Z","level":"INFO","msg":"GET /api/sessions → 304","duration":"0ms"}
{"ts":"2026-06-03T11:29:50.977Z","level":"INFO","msg":"GET /api/stats → 304","duration":"1ms"}
{"ts":"2026-06-03T11:29:50.978Z","level":"INFO","msg":"GET /api/activity → 304","duration":"1ms"}
{"ts":"2026-06-03T11:29:50.980Z","level":"INFO","msg":"GET /api/roadmaps → 304","duration":"0ms"}
{"ts":"2026-06-03T11:29:50.981Z","level":"INFO","msg":"GET /api/sessions → 304","duration":"0ms"}
{"ts":"2026-06-03T11:29:50.982Z","level":"INFO","msg":"GET /api/stats → 304","duration":"0ms"}
{"ts":"2026-06-03T11:29:50.983Z","level":"INFO","msg":"GET /api/activity → 304","duration":"1ms"}
{"ts":"2026-06-03T11:29:50.985Z","level":"INFO","msg":"GET /api/activity → 304","duration":"1ms"}
{"ts":"2026-06-03T11:29:50.987Z","level":"INFO","msg":"GET /api/activity → 304","duration":"1ms"}
{"ts":"2026-06-03T11:29:50.989Z","level":"INFO","msg":"GET /api/activity → 304","duration":"1ms"}
{"ts":"2026-06-03T11:30:01.961Z","level":"INFO","msg":"GET /api/activity → 304","duration":"1ms"}
{"ts":"2026-06-03T11:30:01.962Z","level":"INFO","msg":"GET /api/roadmaps → 304","duration":"2ms"}
{"ts":"2026-06-03T11:30:01.963Z","level":"INFO","msg":"GET /api/sessions → 304","duration":"1ms"}
{"ts":"2026-06-03T11:30:01.964Z","level":"INFO","msg":"GET /api/stats → 304","duration":"1ms"}
{"ts":"2026-06-03T11:30:01.964Z","level":"INFO","msg":"GET /api/auth/me → 304","duration":"0ms"}
{"ts":"2026-06-03T11:30:01.965Z","level":"INFO","msg":"GET /api/activity → 304","duration":"0ms"}
{"ts":"2026-06-03T11:30:01.966Z","level":"INFO","msg":"GET /api/roadmaps → 304","duration":"0ms"}
{"ts":"2026-06-03T11:30:01.967Z","level":"INFO","msg":"GET /api/sessions → 304","duration":"1ms"}
{"ts":"2026-06-03T11:30:01.967Z","level":"INFO","msg":"GET /api/stats → 304","duration":"0ms"}
{"ts":"2026-06-03T11:30:01.968Z","level":"INFO","msg":"GET /api/activity → 304","duration":"1ms"}
{"ts":"2026-06-03T11:30:01.969Z","level":"INFO","msg":"GET /api/activity → 304","duration":"0ms"}
{"ts":"2026-06-03T11:30:01.973Z","level":"INFO","msg":"GET /api/activity → 304","duration":"0ms"}
{"ts":"2026-06-03T11:30:01.974Z","level":"INFO","msg":"GET /api/roadmaps → 304","duration":"0ms"}
{"ts":"2026-06-03T11:30:01.975Z","level":"INFO","msg":"GET /api/sessions → 304","duration":"0ms"}
{"ts":"2026-06-03T11:30:01.976Z","level":"INFO","msg":"GET /api/stats → 304","duration":"1ms"}
{"ts":"2026-06-03T11:30:01.978Z","level":"INFO","msg":"GET /api/activity → 304","duration":"1ms"}
{"ts":"2026-06-03T11:30:01.978Z","level":"INFO","msg":"GET /api/roadmaps → 304","duration":"0ms"}
{"ts":"2026-06-03T11:30:01.979Z","level":"INFO","msg":"GET /api/sessions → 304","duration":"1ms"}
{"ts":"2026-06-03T11:30:01.980Z","level":"INFO","msg":"GET /api/stats → 304","duration":"0ms"}
{"ts":"2026-06-03T11:30:01.981Z","level":"INFO","msg":"GET /api/activity → 304","duration":"1ms"}
{"ts":"2026-06-03T11:30:01.982Z","level":"INFO","msg":"GET /api/activity → 304","duration":"0ms"}
{"ts":"2026-06-03T11:30:07.842Z","level":"INFO","msg":"GET /api/auth/me → 304","duration":"1ms"}
{"ts":"2026-06-03T11:30:07.845Z","level":"INFO","msg":"GET /api/auth/me → 304","duration":"1ms"}
{"ts":"2026-06-03T11:30:07.857Z","level":"INFO","msg":"GET /api/activity → 304","duration":"0ms"}
{"ts":"2026-06-03T11:30:07.858Z","level":"INFO","msg":"GET /api/roadmaps → 304","duration":"1ms"}
{"ts":"2026-06-03T11:30:07.859Z","level":"INFO","msg":"GET /api/sessions → 304","duration":"1ms"}
{"ts":"2026-06-03T11:30:07.860Z","level":"INFO","msg":"GET /api/stats → 304","duration":"2ms"}
{"ts":"2026-06-03T11:30:07.861Z","level":"INFO","msg":"GET /api/activity → 304","duration":"1ms"}
{"ts":"2026-06-03T11:30:07.862Z","level":"INFO","msg":"GET /api/roadmaps → 304","duration":"2ms"}
{"ts":"2026-06-03T11:30:07.863Z","level":"INFO","msg":"GET /api/sessions → 304","duration":"0ms"}
{"ts":"2026-06-03T11:30:07.865Z","level":"INFO","msg":"GET /api/stats → 304","duration":"1ms"}
{"ts":"2026-06-03T11:30:07.865Z","level":"INFO","msg":"GET /api/activity → 304","duration":"1ms"}
{"ts":"2026-06-03T11:30:07.866Z","level":"INFO","msg":"GET /api/roadmaps → 304","duration":"1ms"}
{"ts":"2026-06-03T11:30:07.867Z","level":"INFO","msg":"GET /api/sessions → 304","duration":"0ms"}
{"ts":"2026-06-03T11:30:07.868Z","level":"INFO","msg":"GET /api/stats → 304","duration":"0ms"}
{"ts":"2026-06-03T11:30:07.870Z","level":"INFO","msg":"GET /api/activity → 304","duration":"1ms"}
{"ts":"2026-06-03T11:30:07.871Z","level":"INFO","msg":"GET /api/roadmaps → 304","duration":"1ms"}
{"ts":"2026-06-03T11:30:07.872Z","level":"INFO","msg":"GET /api/sessions → 304","duration":"1ms"}
{"ts":"2026-06-03T11:30:07.872Z","level":"INFO","msg":"GET /api/stats → 304","duration":"0ms"}
{"ts":"2026-06-03T11:30:07.873Z","level":"INFO","msg":"GET /api/activity → 304","duration":"0ms"}
{"ts":"2026-06-03T11:30:07.875Z","level":"INFO","msg":"GET /api/activity → 304","duration":"1ms"}
{"ts":"2026-06-03T11:30:07.877Z","level":"INFO","msg":"GET /api/activity → 304","duration":"1ms"}
{"ts":"2026-06-03T11:30:07.879Z","level":"INFO","msg":"GET /api/activity → 304","duration":"1ms"}
{"ts":"2026-06-03T11:30:15.956Z","level":"INFO","msg":"GET /api/sessions → 304","duration":"0ms"}
{"ts":"2026-06-03T11:30:15.966Z","level":"INFO","msg":"GET /api/sessions → 304","duration":"0ms"}
{"ts":"2026-06-03T11:30:15.967Z","level":"INFO","msg":"GET /api/sessions/sess-1 → 304","duration":"1ms"}
{"ts":"2026-06-03T11:30:15.971Z","level":"INFO","msg":"GET /api/sessions/sess-1 → 304","duration":"0ms"}
{"ts":"2026-06-03T11:30:17.943Z","level":"INFO","msg":"PATCH /api/sessions/sess-1/messages/msg-3 → 200","duration":"2ms"}
{"ts":"2026-06-03T11:40:10.007Z","level":"INFO","msg":"POST /api/auth/login → 200","duration":"75ms"}
{"ts":"2026-06-03T11:40:13.012Z","level":"INFO","msg":"GET /dashboard → 200","duration":"5ms"}
{"ts":"2026-06-03T11:40:13.032Z","level":"INFO","msg":"GET /api/auth/me → 200","duration":"1ms"}
{"ts":"2026-06-03T11:40:13.042Z","level":"INFO","msg":"GET /api/stats → 200","duration":"2ms"}
{"ts":"2026-06-03T11:40:13.043Z","level":"INFO","msg":"GET /api/roadmaps → 200","duration":"2ms"}
{"ts":"2026-06-03T11:40:13.044Z","level":"INFO","msg":"GET /api/activity → 200","duration":"1ms"}
{"ts":"2026-06-03T11:40:13.045Z","level":"INFO","msg":"GET /api/sessions → 200","duration":"1ms"}
{"ts":"2026-06-03T11:40:13.046Z","level":"INFO","msg":"GET /api/activity → 304","duration":"1ms"}
{"ts":"2026-06-03T11:40:15.332Z","level":"INFO","msg":"GET /api/roadmaps → 304","duration":"2ms"}
{"ts":"2026-06-03T11:40:15.340Z","level":"INFO","msg":"GET /api/roadmaps/rm-ml-engineer → 304","duration":"2ms"}
{"ts":"2026-06-03T11:40:16.504Z","level":"INFO","msg":"GET /api/sessions → 304","duration":"2ms"}
{"ts":"2026-06-03T11:40:16.513Z","level":"INFO","msg":"GET /api/sessions/sess-1 → 200","duration":"1ms"}
{"ts":"2026-06-03T11:40:26.615Z","level":"WARN","msg":"404 Not Found: GET /.well-known/appspecific/com.chrome.devtools.json"}
{"ts":"2026-06-03T11:40:26.616Z","level":"WARN","msg":"GET /.well-known/appspecific/com.chrome.devtools.json → 404","duration":"1ms"}
{"ts":"2026-06-03T11:44:48.967Z","level":"INFO","msg":"GET /api/activity → 304","duration":"1ms"}
{"ts":"2026-06-03T11:44:48.968Z","level":"INFO","msg":"GET /api/sessions → 304","duration":"2ms"}
{"ts":"2026-06-03T11:44:48.972Z","level":"INFO","msg":"GET /api/auth/me → 304","duration":"1ms"}
{"ts":"2026-06-03T11:44:48.975Z","level":"INFO","msg":"GET /api/activity → 304","duration":"1ms"}
{"ts":"2026-06-03T11:44:48.976Z","level":"INFO","msg":"GET /api/sessions → 304","duration":"2ms"}
{"ts":"2026-06-03T11:44:48.984Z","level":"INFO","msg":"GET /api/sessions/sess-1 → 200","duration":"2ms"}
{"ts":"2026-06-03T11:44:49.274Z","level":"INFO","msg":"GET /api/auth/me → 304","duration":"1ms"}
{"ts":"2026-06-03T11:44:49.277Z","level":"INFO","msg":"GET /api/auth/me → 304","duration":"0ms"}
{"ts":"2026-06-03T11:44:49.297Z","level":"INFO","msg":"GET /api/activity → 304","duration":"2ms"}
{"ts":"2026-06-03T11:44:49.298Z","level":"INFO","msg":"GET /api/roadmaps → 304","duration":"2ms"}
{"ts":"2026-06-03T11:44:49.300Z","level":"INFO","msg":"GET /api/sessions → 304","duration":"1ms"}
{"ts":"2026-06-03T11:44:49.301Z","level":"INFO","msg":"GET /api/stats → 304","duration":"1ms"}
{"ts":"2026-06-03T11:44:49.302Z","level":"INFO","msg":"GET /api/activity → 304","duration":"1ms"}
{"ts":"2026-06-03T11:44:49.303Z","level":"INFO","msg":"GET /api/roadmaps → 304","duration":"1ms"}
{"ts":"2026-06-03T11:44:49.305Z","level":"INFO","msg":"GET /api/sessions → 304","duration":"1ms"}
{"ts":"2026-06-03T11:44:49.306Z","level":"INFO","msg":"GET /api/stats → 304","duration":"2ms"}
{"ts":"2026-06-03T11:44:49.307Z","level":"INFO","msg":"GET /api/activity → 304","duration":"1ms"}
{"ts":"2026-06-03T11:44:49.310Z","level":"INFO","msg":"GET /api/roadmaps → 304","duration":"2ms"}
{"ts":"2026-06-03T11:44:49.311Z","level":"INFO","msg":"GET /api/sessions → 304","duration":"2ms"}
{"ts":"2026-06-03T11:44:49.312Z","level":"INFO","msg":"GET /api/stats → 304","duration":"2ms"}
{"ts":"2026-06-03T11:44:49.314Z","level":"INFO","msg":"GET /api/activity → 304","duration":"1ms"}
{"ts":"2026-06-03T11:44:49.315Z","level":"INFO","msg":"GET /api/roadmaps → 304","duration":"1ms"}
{"ts":"2026-06-03T11:44:49.316Z","level":"INFO","msg":"GET /api/sessions → 304","duration":"1ms"}
{"ts":"2026-06-03T11:44:49.318Z","level":"INFO","msg":"GET /api/stats → 304","duration":"2ms"}
{"ts":"2026-06-03T11:44:49.319Z","level":"INFO","msg":"GET /api/activity → 304","duration":"1ms"}
{"ts":"2026-06-03T11:44:49.322Z","level":"INFO","msg":"GET /api/activity → 304","duration":"1ms"}
{"ts":"2026-06-03T11:44:49.326Z","level":"INFO","msg":"GET /api/activity → 304","duration":"1ms"}
{"ts":"2026-06-03T11:44:49.329Z","level":"INFO","msg":"GET /api/activity → 304","duration":"1ms"}
{"ts":"2026-06-03T11:45:24.968Z","level":"INFO","msg":"GET /api/activity → 304","duration":"1ms"}
{"ts":"2026-06-03T11:45:24.969Z","level":"INFO","msg":"GET /api/roadmaps → 304","duration":"0ms"}
{"ts":"2026-06-03T11:45:24.970Z","level":"INFO","msg":"GET /api/stats → 304","duration":"1ms"}
{"ts":"2026-06-03T11:45:24.970Z","level":"INFO","msg":"GET /api/sessions → 304","duration":"0ms"}
{"ts":"2026-06-03T11:45:24.972Z","level":"INFO","msg":"GET /api/auth/me → 304","duration":"1ms"}
{"ts":"2026-06-03T11:45:24.972Z","level":"INFO","msg":"GET /api/activity → 304","duration":"0ms"}
{"ts":"2026-06-03T11:45:24.974Z","level":"INFO","msg":"GET /api/roadmaps → 304","duration":"2ms"}
{"ts":"2026-06-03T11:45:24.974Z","level":"INFO","msg":"GET /api/stats → 304","duration":"0ms"}
{"ts":"2026-06-03T11:45:24.975Z","level":"INFO","msg":"GET /api/sessions → 304","duration":"0ms"}
{"ts":"2026-06-03T11:45:24.976Z","level":"INFO","msg":"GET /api/activity → 304","duration":"1ms"}
{"ts":"2026-06-03T11:45:24.977Z","level":"INFO","msg":"GET /api/activity → 304","duration":"1ms"}
{"ts":"2026-06-03T11:45:24.982Z","level":"INFO","msg":"GET /api/activity → 304","duration":"1ms"}
{"ts":"2026-06-03T11:45:24.983Z","level":"INFO","msg":"GET /api/roadmaps → 304","duration":"1ms"}
{"ts":"2026-06-03T11:45:24.983Z","level":"INFO","msg":"GET /api/sessions → 304","duration":"0ms"}
{"ts":"2026-06-03T11:45:24.984Z","level":"INFO","msg":"GET /api/stats → 304","duration":"0ms"}
{"ts":"2026-06-03T11:45:24.985Z","level":"INFO","msg":"GET /api/activity → 304","duration":"0ms"}
{"ts":"2026-06-03T11:45:24.986Z","level":"INFO","msg":"GET /api/roadmaps → 304","duration":"1ms"}
{"ts":"2026-06-03T11:45:24.987Z","level":"INFO","msg":"GET /api/sessions → 304","duration":"1ms"}
{"ts":"2026-06-03T11:45:24.988Z","level":"INFO","msg":"GET /api/stats → 304","duration":"1ms"}
{"ts":"2026-06-03T11:45:24.988Z","level":"INFO","msg":"GET /api/activity → 304","duration":"1ms"}
{"ts":"2026-06-03T11:45:24.990Z","level":"INFO","msg":"GET /api/activity → 304","duration":"1ms"}
{"ts":"2026-06-03T11:45:35.965Z","level":"INFO","msg":"GET /api/activity → 304","duration":"1ms"}
{"ts":"2026-06-03T11:45:35.965Z","level":"INFO","msg":"GET /api/roadmaps → 304","duration":"1ms"}
{"ts":"2026-06-03T11:45:35.966Z","level":"INFO","msg":"GET /api/sessions → 304","duration":"0ms"}
{"ts":"2026-06-03T11:45:35.967Z","level":"INFO","msg":"GET /api/stats → 304","duration":"0ms"}
{"ts":"2026-06-03T11:45:35.968Z","level":"INFO","msg":"GET /api/auth/me → 304","duration":"1ms"}
{"ts":"2026-06-03T11:45:35.968Z","level":"INFO","msg":"GET /api/activity → 304","duration":"0ms"}
{"ts":"2026-06-03T11:45:35.969Z","level":"INFO","msg":"GET /api/roadmaps → 304","duration":"1ms"}
{"ts":"2026-06-03T11:45:35.969Z","level":"INFO","msg":"GET /api/sessions → 304","duration":"0ms"}
{"ts":"2026-06-03T11:45:35.970Z","level":"INFO","msg":"GET /api/stats → 304","duration":"0ms"}
{"ts":"2026-06-03T11:45:35.971Z","level":"INFO","msg":"GET /api/activity → 304","duration":"1ms"}
{"ts":"2026-06-03T11:45:35.972Z","level":"INFO","msg":"GET /api/activity → 304","duration":"1ms"}
{"ts":"2026-06-03T11:45:35.978Z","level":"INFO","msg":"GET /api/activity → 304","duration":"0ms"}
{"ts":"2026-06-03T11:45:35.979Z","level":"INFO","msg":"GET /api/roadmaps → 304","duration":"1ms"}
{"ts":"2026-06-03T11:45:35.980Z","level":"INFO","msg":"GET /api/sessions → 304","duration":"0ms"}
{"ts":"2026-06-03T11:45:35.981Z","level":"INFO","msg":"GET /api/stats → 304","duration":"1ms"}
{"ts":"2026-06-03T11:45:35.981Z","level":"INFO","msg":"GET /api/activity → 304","duration":"0ms"}
{"ts":"2026-06-03T11:45:35.982Z","level":"INFO","msg":"GET /api/roadmaps → 304","duration":"1ms"}
{"ts":"2026-06-03T11:45:35.983Z","level":"INFO","msg":"GET /api/sessions → 304","duration":"1ms"}
{"ts":"2026-06-03T11:45:35.983Z","level":"INFO","msg":"GET /api/stats → 304","duration":"1ms"}
{"ts":"2026-06-03T11:45:35.985Z","level":"INFO","msg":"GET /api/activity → 304","duration":"1ms"}
{"ts":"2026-06-03T11:45:35.986Z","level":"INFO","msg":"GET /api/activity → 304","duration":"0ms"}
{"ts":"2026-06-03T11:45:43.977Z","level":"INFO","msg":"GET /api/roadmaps → 304","duration":"8ms"}
{"ts":"2026-06-03T11:45:43.982Z","level":"INFO","msg":"GET /api/activity → 304","duration":"2ms"}
{"ts":"2026-06-03T11:45:43.984Z","level":"INFO","msg":"GET /api/stats → 304","duration":"2ms"}
{"ts":"2026-06-03T11:45:43.986Z","level":"INFO","msg":"GET /api/sessions → 304","duration":"3ms"}
{"ts":"2026-06-03T11:45:43.988Z","level":"INFO","msg":"GET /api/auth/me → 304","duration":"3ms"}
{"ts":"2026-06-03T11:45:43.990Z","level":"INFO","msg":"GET /api/roadmaps → 304","duration":"1ms"}
{"ts":"2026-06-03T11:45:43.994Z","level":"INFO","msg":"GET /api/activity → 304","duration":"2ms"}
{"ts":"2026-06-03T11:45:43.997Z","level":"INFO","msg":"GET /api/stats → 304","duration":"5ms"}
{"ts":"2026-06-03T11:45:43.998Z","level":"INFO","msg":"GET /api/sessions → 304","duration":"4ms"}
{"ts":"2026-06-03T11:45:44.011Z","level":"INFO","msg":"GET /api/activity → 304","duration":"2ms"}
{"ts":"2026-06-03T11:45:44.016Z","level":"INFO","msg":"GET /api/roadmaps → 304","duration":"2ms"}
{"ts":"2026-06-03T11:45:44.018Z","level":"INFO","msg":"GET /api/stats → 304","duration":"3ms"}
{"ts":"2026-06-03T11:45:44.020Z","level":"INFO","msg":"GET /api/sessions → 304","duration":"1ms"}
{"ts":"2026-06-03T11:45:44.021Z","level":"INFO","msg":"GET /api/activity → 304","duration":"1ms"}
{"ts":"2026-06-03T11:45:44.023Z","level":"INFO","msg":"GET /api/roadmaps → 304","duration":"1ms"}
{"ts":"2026-06-03T11:45:44.025Z","level":"INFO","msg":"GET /api/stats → 304","duration":"1ms"}
{"ts":"2026-06-03T11:45:44.028Z","level":"INFO","msg":"GET /api/sessions → 304","duration":"2ms"}
{"ts":"2026-06-03T11:45:44.029Z","level":"INFO","msg":"GET /api/activity → 304","duration":"1ms"}
{"ts":"2026-06-03T11:45:44.031Z","level":"INFO","msg":"GET /api/activity → 304","duration":"0ms"}
{"ts":"2026-06-03T11:45:44.034Z","level":"INFO","msg":"GET /api/activity → 304","duration":"1ms"}
{"ts":"2026-06-03T11:45:44.039Z","level":"INFO","msg":"GET /api/activity → 304","duration":"1ms"}
{"ts":"2026-06-03T11:45:53.954Z","level":"INFO","msg":"GET /api/roadmaps → 304","duration":"1ms"}
{"ts":"2026-06-03T11:45:53.955Z","level":"INFO","msg":"GET /api/activity → 304","duration":"2ms"}
{"ts":"2026-06-03T11:45:53.956Z","level":"INFO","msg":"GET /api/sessions → 304","duration":"1ms"}
{"ts":"2026-06-03T11:45:53.957Z","level":"INFO","msg":"GET /api/stats → 304","duration":"1ms"}
{"ts":"2026-06-03T11:45:53.957Z","level":"INFO","msg":"GET /api/auth/me → 304","duration":"0ms"}
{"ts":"2026-06-03T11:45:53.958Z","level":"INFO","msg":"GET /api/roadmaps → 304","duration":"0ms"}
{"ts":"2026-06-03T11:45:53.959Z","level":"INFO","msg":"GET /api/activity → 304","duration":"1ms"}
{"ts":"2026-06-03T11:45:53.960Z","level":"INFO","msg":"GET /api/sessions → 304","duration":"1ms"}
{"ts":"2026-06-03T11:45:53.960Z","level":"INFO","msg":"GET /api/stats → 304","duration":"0ms"}
{"ts":"2026-06-03T11:45:53.961Z","level":"INFO","msg":"GET /api/activity → 304","duration":"0ms"}
{"ts":"2026-06-03T11:45:53.962Z","level":"INFO","msg":"GET /api/activity → 304","duration":"0ms"}
{"ts":"2026-06-03T11:45:53.966Z","level":"INFO","msg":"GET /api/activity → 304","duration":"1ms"}
{"ts":"2026-06-03T11:45:53.967Z","level":"INFO","msg":"GET /api/roadmaps → 304","duration":"2ms"}
{"ts":"2026-06-03T11:45:53.968Z","level":"INFO","msg":"GET /api/sessions → 304","duration":"1ms"}
{"ts":"2026-06-03T11:45:53.969Z","level":"INFO","msg":"GET /api/stats → 304","duration":"1ms"}
{"ts":"2026-06-03T11:45:53.969Z","level":"INFO","msg":"GET /api/activity → 304","duration":"0ms"}
{"ts":"2026-06-03T11:45:53.970Z","level":"INFO","msg":"GET /api/roadmaps → 304","duration":"0ms"}
{"ts":"2026-06-03T11:45:53.971Z","level":"INFO","msg":"GET /api/sessions → 304","duration":"1ms"}
{"ts":"2026-06-03T11:45:53.972Z","level":"INFO","msg":"GET /api/stats → 304","duration":"1ms"}
{"ts":"2026-06-03T11:45:53.973Z","level":"INFO","msg":"GET /api/activity → 304","duration":"1ms"}
{"ts":"2026-06-03T11:45:53.974Z","level":"INFO","msg":"GET /api/activity → 304","duration":"0ms"}
{"ts":"2026-06-03T11:46:10.963Z","level":"INFO","msg":"GET /api/activity → 304","duration":"1ms"}
{"ts":"2026-06-03T11:46:10.964Z","level":"INFO","msg":"GET /api/roadmaps → 304","duration":"2ms"}
{"ts":"2026-06-03T11:46:10.966Z","level":"INFO","msg":"GET /api/sessions → 304","duration":"4ms"}
{"ts":"2026-06-03T11:46:10.967Z","level":"INFO","msg":"GET /api/stats → 304","duration":"1ms"}
{"ts":"2026-06-03T11:46:10.967Z","level":"INFO","msg":"GET /api/auth/me → 304","duration":"0ms"}
{"ts":"2026-06-03T11:46:10.968Z","level":"INFO","msg":"GET /api/activity → 304","duration":"0ms"}
{"ts":"2026-06-03T11:46:10.969Z","level":"INFO","msg":"GET /api/roadmaps → 304","duration":"1ms"}
{"ts":"2026-06-03T11:46:10.970Z","level":"INFO","msg":"GET /api/sessions → 304","duration":"1ms"}
{"ts":"2026-06-03T11:46:10.971Z","level":"INFO","msg":"GET /api/stats → 304","duration":"0ms"}
{"ts":"2026-06-03T11:46:10.972Z","level":"INFO","msg":"GET /api/activity → 304","duration":"1ms"}
{"ts":"2026-06-03T11:46:10.973Z","level":"INFO","msg":"GET /api/activity → 304","duration":"0ms"}
{"ts":"2026-06-03T11:46:10.976Z","level":"INFO","msg":"GET /api/activity → 304","duration":"0ms"}
{"ts":"2026-06-03T11:46:10.978Z","level":"INFO","msg":"GET /api/roadmaps → 304","duration":"1ms"}
{"ts":"2026-06-03T11:46:10.979Z","level":"INFO","msg":"GET /api/sessions → 304","duration":"2ms"}
{"ts":"2026-06-03T11:46:10.980Z","level":"INFO","msg":"GET /api/stats → 304","duration":"1ms"}
{"ts":"2026-06-03T11:46:10.981Z","level":"INFO","msg":"GET /api/activity → 304","duration":"0ms"}
{"ts":"2026-06-03T11:46:10.982Z","level":"INFO","msg":"GET /api/roadmaps → 304","duration":"0ms"}
{"ts":"2026-06-03T11:46:10.983Z","level":"INFO","msg":"GET /api/sessions → 304","duration":"0ms"}
{"ts":"2026-06-03T11:46:10.984Z","level":"INFO","msg":"GET /api/stats → 304","duration":"1ms"}
{"ts":"2026-06-03T11:46:10.985Z","level":"INFO","msg":"GET /api/activity → 304","duration":"1ms"}
{"ts":"2026-06-03T11:46:10.987Z","level":"INFO","msg":"GET /api/activity → 304","duration":"1ms"}
{"ts":"2026-06-03T11:46:30.951Z","level":"INFO","msg":"GET /api/activity → 304","duration":"1ms"}
{"ts":"2026-06-03T11:46:30.952Z","level":"INFO","msg":"GET /api/roadmaps → 304","duration":"2ms"}
{"ts":"2026-06-03T11:46:30.952Z","level":"INFO","msg":"GET /api/stats → 304","duration":"2ms"}
{"ts":"2026-06-03T11:46:30.953Z","level":"INFO","msg":"GET /api/sessions → 304","duration":"1ms"}
{"ts":"2026-06-03T11:46:30.954Z","level":"INFO","msg":"GET /api/auth/me → 304","duration":"1ms"}
{"ts":"2026-06-03T11:46:30.955Z","level":"INFO","msg":"GET /api/activity → 304","duration":"1ms"}
{"ts":"2026-06-03T11:46:30.956Z","level":"INFO","msg":"GET /api/roadmaps → 304","duration":"1ms"}
{"ts":"2026-06-03T11:46:30.957Z","level":"INFO","msg":"GET /api/stats → 304","duration":"1ms"}
{"ts":"2026-06-03T11:46:30.957Z","level":"INFO","msg":"GET /api/sessions → 304","duration":"0ms"}
{"ts":"2026-06-03T11:46:30.959Z","level":"INFO","msg":"GET /api/activity → 304","duration":"1ms"}
{"ts":"2026-06-03T11:46:30.961Z","level":"INFO","msg":"GET /api/activity → 304","duration":"0ms"}
{"ts":"2026-06-03T11:46:30.966Z","level":"INFO","msg":"GET /api/activity → 304","duration":"1ms"}
{"ts":"2026-06-03T11:46:30.966Z","level":"INFO","msg":"GET /api/roadmaps → 304","duration":"1ms"}
{"ts":"2026-06-03T11:46:30.968Z","level":"INFO","msg":"GET /api/sessions → 304","duration":"1ms"}
{"ts":"2026-06-03T11:46:30.968Z","level":"INFO","msg":"GET /api/stats → 304","duration":"0ms"}
{"ts":"2026-06-03T11:46:30.969Z","level":"INFO","msg":"GET /api/activity → 304","duration":"0ms"}
{"ts":"2026-06-03T11:46:30.970Z","level":"INFO","msg":"GET /api/roadmaps → 304","duration":"0ms"}
{"ts":"2026-06-03T11:46:30.971Z","level":"INFO","msg":"GET /api/sessions → 304","duration":"1ms"}
{"ts":"2026-06-03T11:46:30.972Z","level":"INFO","msg":"GET /api/stats → 304","duration":"1ms"}
{"ts":"2026-06-03T11:46:30.973Z","level":"INFO","msg":"GET /api/activity → 304","duration":"0ms"}
{"ts":"2026-06-03T11:46:30.975Z","level":"INFO","msg":"GET /api/activity → 304","duration":"1ms"}
{"ts":"2026-06-03T11:46:40.963Z","level":"INFO","msg":"GET /api/activity → 304","duration":"1ms"}
{"ts":"2026-06-03T11:46:40.964Z","level":"INFO","msg":"GET /api/roadmaps → 304","duration":"2ms"}
{"ts":"2026-06-03T11:46:40.965Z","level":"INFO","msg":"GET /api/sessions → 304","duration":"1ms"}
{"ts":"2026-06-03T11:46:40.965Z","level":"INFO","msg":"GET /api/stats → 304","duration":"0ms"}
{"ts":"2026-06-03T11:46:40.966Z","level":"INFO","msg":"GET /api/auth/me → 304","duration":"0ms"}
{"ts":"2026-06-03T11:46:40.967Z","level":"INFO","msg":"GET /api/activity → 304","duration":"1ms"}
{"ts":"2026-06-03T11:46:40.967Z","level":"INFO","msg":"GET /api/roadmaps → 304","duration":"0ms"}
{"ts":"2026-06-03T11:46:40.968Z","level":"INFO","msg":"GET /api/sessions → 304","duration":"0ms"}
{"ts":"2026-06-03T11:46:40.969Z","level":"INFO","msg":"GET /api/stats → 304","duration":"0ms"}
{"ts":"2026-06-03T11:46:40.970Z","level":"INFO","msg":"GET /api/activity → 304","duration":"0ms"}
{"ts":"2026-06-03T11:46:40.972Z","level":"INFO","msg":"GET /api/activity → 304","duration":"1ms"}
{"ts":"2026-06-03T11:46:40.977Z","level":"INFO","msg":"GET /api/activity → 304","duration":"0ms"}
{"ts":"2026-06-03T11:46:40.978Z","level":"INFO","msg":"GET /api/roadmaps → 304","duration":"1ms"}
{"ts":"2026-06-03T11:46:40.979Z","level":"INFO","msg":"GET /api/sessions → 304","duration":"1ms"}
{"ts":"2026-06-03T11:46:40.980Z","level":"INFO","msg":"GET /api/stats → 304","duration":"1ms"}
{"ts":"2026-06-03T11:46:40.981Z","level":"INFO","msg":"GET /api/activity → 304","duration":"1ms"}
{"ts":"2026-06-03T11:46:40.982Z","level":"INFO","msg":"GET /api/roadmaps → 304","duration":"1ms"}
{"ts":"2026-06-03T11:46:40.983Z","level":"INFO","msg":"GET /api/sessions → 304","duration":"1ms"}
{"ts":"2026-06-03T11:46:40.984Z","level":"INFO","msg":"GET /api/stats → 304","duration":"0ms"}
{"ts":"2026-06-03T11:46:40.985Z","level":"INFO","msg":"GET /api/activity → 304","duration":"1ms"}
{"ts":"2026-06-03T11:46:40.987Z","level":"INFO","msg":"GET /api/activity → 304","duration":"1ms"}
{"ts":"2026-06-03T11:47:05.959Z","level":"INFO","msg":"GET /api/activity → 304","duration":"1ms"}
{"ts":"2026-06-03T11:47:05.960Z","level":"INFO","msg":"GET /api/roadmaps → 304","duration":"2ms"}
{"ts":"2026-06-03T11:47:05.962Z","level":"INFO","msg":"GET /api/stats → 304","duration":"4ms"}
{"ts":"2026-06-03T11:47:05.963Z","level":"INFO","msg":"GET /api/sessions → 304","duration":"1ms"}
{"ts":"2026-06-03T11:47:05.964Z","level":"INFO","msg":"GET /api/auth/me → 304","duration":"1ms"}
{"ts":"2026-06-03T11:47:05.964Z","level":"INFO","msg":"GET /api/activity → 304","duration":"0ms"}
{"ts":"2026-06-03T11:47:05.965Z","level":"INFO","msg":"GET /api/roadmaps → 304","duration":"0ms"}
{"ts":"2026-06-03T11:47:05.966Z","level":"INFO","msg":"GET /api/stats → 304","duration":"0ms"}
{"ts":"2026-06-03T11:47:05.967Z","level":"INFO","msg":"GET /api/sessions → 304","duration":"1ms"}
{"ts":"2026-06-03T11:47:05.967Z","level":"INFO","msg":"GET /api/activity → 304","duration":"0ms"}
{"ts":"2026-06-03T11:47:05.969Z","level":"INFO","msg":"GET /api/activity → 304","duration":"1ms"}
{"ts":"2026-06-03T11:47:05.973Z","level":"INFO","msg":"GET /api/activity → 304","duration":"1ms"}
{"ts":"2026-06-03T11:47:05.973Z","level":"INFO","msg":"GET /api/roadmaps → 304","duration":"1ms"}
{"ts":"2026-06-03T11:47:05.974Z","level":"INFO","msg":"GET /api/sessions → 304","duration":"0ms"}
{"ts":"2026-06-03T11:47:05.975Z","level":"INFO","msg":"GET /api/stats → 304","duration":"0ms"}
{"ts":"2026-06-03T11:47:05.976Z","level":"INFO","msg":"GET /api/activity → 304","duration":"0ms"}
{"ts":"2026-06-03T11:47:05.977Z","level":"INFO","msg":"GET /api/roadmaps → 304","duration":"0ms"}
{"ts":"2026-06-03T11:47:05.978Z","level":"INFO","msg":"GET /api/sessions → 304","duration":"0ms"}
{"ts":"2026-06-03T11:47:05.980Z","level":"INFO","msg":"GET /api/stats → 304","duration":"1ms"}
{"ts":"2026-06-03T11:47:05.981Z","level":"INFO","msg":"GET /api/activity → 304","duration":"1ms"}
{"ts":"2026-06-03T11:47:05.983Z","level":"INFO","msg":"GET /api/activity → 304","duration":"1ms"}
{"ts":"2026-06-03T11:47:17.964Z","level":"INFO","msg":"GET /api/roadmaps → 304","duration":"1ms"}
{"ts":"2026-06-03T11:47:17.965Z","level":"INFO","msg":"GET /api/sessions → 304","duration":"2ms"}
{"ts":"2026-06-03T11:47:17.967Z","level":"INFO","msg":"GET /api/stats → 304","duration":"1ms"}
{"ts":"2026-06-03T11:47:17.967Z","level":"INFO","msg":"GET /api/auth/me → 304","duration":"0ms"}
{"ts":"2026-06-03T11:47:17.968Z","level":"INFO","msg":"GET /api/activity → 304","duration":"0ms"}
{"ts":"2026-06-03T11:47:17.969Z","level":"INFO","msg":"GET /api/roadmaps → 304","duration":"1ms"}
{"ts":"2026-06-03T11:47:17.969Z","level":"INFO","msg":"GET /api/sessions → 304","duration":"0ms"}
{"ts":"2026-06-03T11:47:17.970Z","level":"INFO","msg":"GET /api/stats → 304","duration":"1ms"}
{"ts":"2026-06-03T11:47:17.970Z","level":"INFO","msg":"GET /api/activity → 304","duration":"0ms"}
{"ts":"2026-06-03T11:47:17.971Z","level":"INFO","msg":"GET /api/activity → 304","duration":"0ms"}
{"ts":"2026-06-03T11:47:17.973Z","level":"INFO","msg":"GET /api/activity → 304","duration":"1ms"}
{"ts":"2026-06-03T11:47:17.975Z","level":"INFO","msg":"GET /api/roadmaps → 304","duration":"1ms"}
{"ts":"2026-06-03T11:47:17.975Z","level":"INFO","msg":"GET /api/sessions → 304","duration":"1ms"}
{"ts":"2026-06-03T11:47:17.976Z","level":"INFO","msg":"GET /api/stats → 304","duration":"1ms"}
{"ts":"2026-06-03T11:47:17.976Z","level":"INFO","msg":"GET /api/activity → 304","duration":"0ms"}
{"ts":"2026-06-03T11:47:17.977Z","level":"INFO","msg":"GET /api/roadmaps → 304","duration":"1ms"}
{"ts":"2026-06-03T11:47:17.978Z","level":"INFO","msg":"GET /api/sessions → 304","duration":"0ms"}
{"ts":"2026-06-03T11:47:17.979Z","level":"INFO","msg":"GET /api/stats → 304","duration":"1ms"}
{"ts":"2026-06-03T11:47:17.979Z","level":"INFO","msg":"GET /api/activity → 304","duration":"0ms"}
{"ts":"2026-06-03T11:47:17.981Z","level":"INFO","msg":"GET /api/activity → 304","duration":"1ms"}
{"ts":"2026-06-03T11:47:17.982Z","level":"INFO","msg":"GET /api/activity → 304","duration":"1ms"}
{"ts":"2026-06-03T11:47:25.965Z","level":"INFO","msg":"GET /api/activity → 304","duration":"1ms"}
{"ts":"2026-06-03T11:47:25.965Z","level":"INFO","msg":"GET /api/roadmaps → 304","duration":"1ms"}
{"ts":"2026-06-03T11:47:25.966Z","level":"INFO","msg":"GET /api/sessions → 304","duration":"0ms"}
{"ts":"2026-06-03T11:47:25.967Z","level":"INFO","msg":"GET /api/stats → 304","duration":"0ms"}
{"ts":"2026-06-03T11:47:25.968Z","level":"INFO","msg":"GET /api/auth/me → 304","duration":"1ms"}
{"ts":"2026-06-03T11:47:25.968Z","level":"INFO","msg":"GET /api/activity → 304","duration":"0ms"}
{"ts":"2026-06-03T11:47:25.969Z","level":"INFO","msg":"GET /api/roadmaps → 304","duration":"0ms"}
{"ts":"2026-06-03T11:47:25.970Z","level":"INFO","msg":"GET /api/sessions → 304","duration":"0ms"}
{"ts":"2026-06-03T11:47:25.971Z","level":"INFO","msg":"GET /api/stats → 304","duration":"1ms"}
{"ts":"2026-06-03T11:47:25.971Z","level":"INFO","msg":"GET /api/activity → 304","duration":"0ms"}
{"ts":"2026-06-03T11:47:25.973Z","level":"INFO","msg":"GET /api/activity → 304","duration":"1ms"}
{"ts":"2026-06-03T11:47:25.978Z","level":"INFO","msg":"GET /api/activity → 304","duration":"1ms"}
{"ts":"2026-06-03T11:47:25.979Z","level":"INFO","msg":"GET /api/sessions → 304","duration":"1ms"}
{"ts":"2026-06-03T11:47:25.979Z","level":"INFO","msg":"GET /api/roadmaps → 304","duration":"0ms"}
{"ts":"2026-06-03T11:47:25.980Z","level":"INFO","msg":"GET /api/stats → 304","duration":"0ms"}
{"ts":"2026-06-03T11:47:25.981Z","level":"INFO","msg":"GET /api/activity → 304","duration":"0ms"}
{"ts":"2026-06-03T11:47:25.982Z","level":"INFO","msg":"GET /api/sessions → 304","duration":"0ms"}
{"ts":"2026-06-03T11:47:25.983Z","level":"INFO","msg":"GET /api/roadmaps → 304","duration":"0ms"}
{"ts":"2026-06-03T11:47:25.984Z","level":"INFO","msg":"GET /api/stats → 304","duration":"0ms"}
{"ts":"2026-06-03T11:47:25.984Z","level":"INFO","msg":"GET /api/activity → 304","duration":"0ms"}
{"ts":"2026-06-03T11:47:25.986Z","level":"INFO","msg":"GET /api/activity → 304","duration":"1ms"}
{"ts":"2026-06-03T11:47:40.951Z","level":"INFO","msg":"GET /api/activity → 304","duration":"1ms"}
{"ts":"2026-06-03T11:47:40.952Z","level":"INFO","msg":"GET /api/roadmaps → 304","duration":"2ms"}
{"ts":"2026-06-03T11:47:40.953Z","level":"INFO","msg":"GET /api/stats → 304","duration":"1ms"}
{"ts":"2026-06-03T11:47:40.954Z","level":"INFO","msg":"GET /api/sessions → 304","duration":"1ms"}
{"ts":"2026-06-03T11:47:40.955Z","level":"INFO","msg":"GET /api/auth/me → 304","duration":"1ms"}
{"ts":"2026-06-03T11:47:40.956Z","level":"INFO","msg":"GET /api/activity → 304","duration":"1ms"}
{"ts":"2026-06-03T11:47:40.956Z","level":"INFO","msg":"GET /api/roadmaps → 304","duration":"1ms"}
{"ts":"2026-06-03T11:47:40.957Z","level":"INFO","msg":"GET /api/stats → 304","duration":"0ms"}
{"ts":"2026-06-03T11:47:40.958Z","level":"INFO","msg":"GET /api/sessions → 304","duration":"1ms"}
{"ts":"2026-06-03T11:47:40.958Z","level":"INFO","msg":"GET /api/activity → 304","duration":"0ms"}
{"ts":"2026-06-03T11:47:40.959Z","level":"INFO","msg":"GET /api/activity → 304","duration":"0ms"}
{"ts":"2026-06-03T11:47:40.962Z","level":"INFO","msg":"GET /api/activity → 304","duration":"0ms"}
{"ts":"2026-06-03T11:47:40.963Z","level":"INFO","msg":"GET /api/roadmaps → 304","duration":"1ms"}
{"ts":"2026-06-03T11:47:40.964Z","level":"INFO","msg":"GET /api/stats → 304","duration":"1ms"}
{"ts":"2026-06-03T11:47:40.964Z","level":"INFO","msg":"GET /api/sessions → 304","duration":"0ms"}
{"ts":"2026-06-03T11:47:40.965Z","level":"INFO","msg":"GET /api/activity → 304","duration":"1ms"}
{"ts":"2026-06-03T11:47:40.965Z","level":"INFO","msg":"GET /api/roadmaps → 304","duration":"0ms"}
{"ts":"2026-06-03T11:47:40.966Z","level":"INFO","msg":"GET /api/stats → 304","duration":"1ms"}
{"ts":"2026-06-03T11:47:40.966Z","level":"INFO","msg":"GET /api/sessions → 304","duration":"0ms"}
{"ts":"2026-06-03T11:47:40.967Z","level":"INFO","msg":"GET /api/activity → 304","duration":"0ms"}
{"ts":"2026-06-03T11:47:40.969Z","level":"INFO","msg":"GET /api/activity → 304","duration":"1ms"}
{"ts":"2026-06-03T11:48:29.161Z","level":"INFO","msg":"GET /api/auth/me → 304","duration":"10ms"}
{"ts":"2026-06-03T11:48:29.163Z","level":"INFO","msg":"GET /api/auth/me → 304","duration":"1ms"}
{"ts":"2026-06-03T11:48:29.182Z","level":"INFO","msg":"GET /api/activity → 304","duration":"1ms"}
{"ts":"2026-06-03T11:48:29.184Z","level":"INFO","msg":"GET /api/roadmaps → 304","duration":"1ms"}
{"ts":"2026-06-03T11:48:29.186Z","level":"INFO","msg":"GET /api/stats → 304","duration":"1ms"}
{"ts":"2026-06-03T11:48:29.187Z","level":"INFO","msg":"GET /api/sessions → 304","duration":"1ms"}
{"ts":"2026-06-03T11:48:29.189Z","level":"INFO","msg":"GET /api/activity → 304","duration":"1ms"}
{"ts":"2026-06-03T11:48:29.190Z","level":"INFO","msg":"GET /api/roadmaps → 304","duration":"2ms"}
{"ts":"2026-06-03T11:48:29.193Z","level":"INFO","msg":"GET /api/stats → 304","duration":"1ms"}
{"ts":"2026-06-03T11:48:29.194Z","level":"INFO","msg":"GET /api/sessions → 304","duration":"0ms"}
{"ts":"2026-06-03T11:48:29.195Z","level":"INFO","msg":"GET /api/activity → 304","duration":"0ms"}
{"ts":"2026-06-03T11:48:29.196Z","level":"INFO","msg":"GET /api/roadmaps → 304","duration":"1ms"}
{"ts":"2026-06-03T11:48:29.197Z","level":"INFO","msg":"GET /api/stats → 304","duration":"1ms"}
{"ts":"2026-06-03T11:48:29.198Z","level":"INFO","msg":"GET /api/sessions → 304","duration":"1ms"}
{"ts":"2026-06-03T11:48:29.198Z","level":"INFO","msg":"GET /api/activity → 304","duration":"1ms"}
{"ts":"2026-06-03T11:48:29.199Z","level":"INFO","msg":"GET /api/roadmaps → 304","duration":"1ms"}
{"ts":"2026-06-03T11:48:29.200Z","level":"INFO","msg":"GET /api/stats → 304","duration":"0ms"}
{"ts":"2026-06-03T11:48:29.200Z","level":"INFO","msg":"GET /api/sessions → 304","duration":"0ms"}
{"ts":"2026-06-03T11:48:29.202Z","level":"INFO","msg":"GET /api/activity → 304","duration":"1ms"}
{"ts":"2026-06-03T11:48:29.204Z","level":"INFO","msg":"GET /api/activity → 304","duration":"0ms"}
{"ts":"2026-06-03T11:48:29.206Z","level":"INFO","msg":"GET /api/activity → 304","duration":"1ms"}
{"ts":"2026-06-03T11:48:29.207Z","level":"INFO","msg":"GET /api/activity → 304","duration":"0ms"}
{"ts":"2026-06-03T11:48:32.968Z","level":"INFO","msg":"GET /api/activity → 304","duration":"1ms"}
{"ts":"2026-06-03T11:48:32.968Z","level":"INFO","msg":"GET /api/roadmaps → 304","duration":"1ms"}
{"ts":"2026-06-03T11:48:32.969Z","level":"INFO","msg":"GET /api/sessions → 304","duration":"0ms"}
{"ts":"2026-06-03T11:48:32.970Z","level":"INFO","msg":"GET /api/stats → 304","duration":"0ms"}
{"ts":"2026-06-03T11:48:32.971Z","level":"INFO","msg":"GET /api/auth/me → 304","duration":"1ms"}
{"ts":"2026-06-03T11:48:32.971Z","level":"INFO","msg":"GET /api/activity → 304","duration":"0ms"}
{"ts":"2026-06-03T11:48:32.972Z","level":"INFO","msg":"GET /api/roadmaps → 304","duration":"0ms"}
{"ts":"2026-06-03T11:48:32.973Z","level":"INFO","msg":"GET /api/sessions → 304","duration":"1ms"}
{"ts":"2026-06-03T11:48:32.973Z","level":"INFO","msg":"GET /api/stats → 304","duration":"0ms"}
{"ts":"2026-06-03T11:48:32.974Z","level":"INFO","msg":"GET /api/activity → 304","duration":"0ms"}
{"ts":"2026-06-03T11:48:32.975Z","level":"INFO","msg":"GET /api/activity → 304","duration":"0ms"}
{"ts":"2026-06-03T11:48:32.980Z","level":"INFO","msg":"GET /api/activity → 304","duration":"0ms"}
{"ts":"2026-06-03T11:48:32.981Z","level":"INFO","msg":"GET /api/roadmaps → 304","duration":"1ms"}
{"ts":"2026-06-03T11:48:32.982Z","level":"INFO","msg":"GET /api/sessions → 304","duration":"1ms"}
{"ts":"2026-06-03T11:48:32.983Z","level":"INFO","msg":"GET /api/stats → 304","duration":"1ms"}
{"ts":"2026-06-03T11:48:32.984Z","level":"INFO","msg":"GET /api/activity → 304","duration":"1ms"}
{"ts":"2026-06-03T11:48:32.985Z","level":"INFO","msg":"GET /api/roadmaps → 304","duration":"2ms"}
{"ts":"2026-06-03T11:48:32.986Z","level":"INFO","msg":"GET /api/sessions → 304","duration":"1ms"}
{"ts":"2026-06-03T11:48:32.987Z","level":"INFO","msg":"GET /api/stats → 304","duration":"1ms"}
{"ts":"2026-06-03T11:48:32.988Z","level":"INFO","msg":"GET /api/activity → 304","duration":"1ms"}
{"ts":"2026-06-03T11:48:32.989Z","level":"INFO","msg":"GET /api/activity → 304","duration":"0ms"}
{"ts":"2026-06-03T11:48:40.970Z","level":"INFO","msg":"GET /api/activity → 304","duration":"1ms"}
{"ts":"2026-06-03T11:48:40.970Z","level":"INFO","msg":"GET /api/roadmaps → 304","duration":"1ms"}
{"ts":"2026-06-03T11:48:40.971Z","level":"INFO","msg":"GET /api/sessions → 304","duration":"0ms"}
{"ts":"2026-06-03T11:48:40.973Z","level":"INFO","msg":"GET /api/stats → 304","duration":"1ms"}
{"ts":"2026-06-03T11:48:40.974Z","level":"INFO","msg":"GET /api/auth/me → 304","duration":"2ms"}
{"ts":"2026-06-03T11:48:40.975Z","level":"INFO","msg":"GET /api/activity → 304","duration":"1ms"}
{"ts":"2026-06-03T11:48:40.975Z","level":"INFO","msg":"GET /api/roadmaps → 304","duration":"0ms"}
{"ts":"2026-06-03T11:48:40.976Z","level":"INFO","msg":"GET /api/sessions → 304","duration":"1ms"}
{"ts":"2026-06-03T11:48:40.977Z","level":"INFO","msg":"GET /api/stats → 304","duration":"1ms"}
{"ts":"2026-06-03T11:48:40.977Z","level":"INFO","msg":"GET /api/activity → 304","duration":"0ms"}
{"ts":"2026-06-03T11:48:40.978Z","level":"INFO","msg":"GET /api/activity → 304","duration":"0ms"}
{"ts":"2026-06-03T11:48:40.983Z","level":"INFO","msg":"GET /api/activity → 304","duration":"1ms"}
{"ts":"2026-06-03T11:48:40.983Z","level":"INFO","msg":"GET /api/roadmaps → 304","duration":"1ms"}
{"ts":"2026-06-03T11:48:40.984Z","level":"INFO","msg":"GET /api/sessions → 304","duration":"0ms"}
{"ts":"2026-06-03T11:48:40.985Z","level":"INFO","msg":"GET /api/stats → 304","duration":"1ms"}
{"ts":"2026-06-03T11:48:40.985Z","level":"INFO","msg":"GET /api/activity → 304","duration":"0ms"}
{"ts":"2026-06-03T11:48:40.986Z","level":"INFO","msg":"GET /api/roadmaps → 304","duration":"0ms"}
{"ts":"2026-06-03T11:48:40.987Z","level":"INFO","msg":"GET /api/sessions → 304","duration":"1ms"}
{"ts":"2026-06-03T11:48:40.987Z","level":"INFO","msg":"GET /api/stats → 304","duration":"0ms"}
{"ts":"2026-06-03T11:48:40.988Z","level":"INFO","msg":"GET /api/activity → 304","duration":"1ms"}
{"ts":"2026-06-03T11:48:40.989Z","level":"INFO","msg":"GET /api/activity → 304","duration":"0ms"}
{"ts":"2026-06-03T11:48:45.003Z","level":"INFO","msg":"GET /api/activity → 304","duration":"2ms"}
{"ts":"2026-06-03T11:48:45.004Z","level":"INFO","msg":"GET /api/roadmaps → 304","duration":"3ms"}
{"ts":"2026-06-03T11:48:45.007Z","level":"INFO","msg":"GET /api/sessions → 304","duration":"6ms"}
{"ts":"2026-06-03T11:48:45.010Z","level":"INFO","msg":"GET /api/stats → 304","duration":"3ms"}
{"ts":"2026-06-03T11:48:45.011Z","level":"INFO","msg":"GET /api/auth/me → 304","duration":"1ms"}
{"ts":"2026-06-03T11:48:45.012Z","level":"INFO","msg":"GET /api/activity → 304","duration":"0ms"}
{"ts":"2026-06-03T11:48:45.013Z","level":"INFO","msg":"GET /api/roadmaps → 304","duration":"1ms"}
{"ts":"2026-06-03T11:48:45.014Z","level":"INFO","msg":"GET /api/sessions → 304","duration":"1ms"}
{"ts":"2026-06-03T11:48:45.015Z","level":"INFO","msg":"GET /api/stats → 304","duration":"1ms"}
{"ts":"2026-06-03T11:48:45.016Z","level":"INFO","msg":"GET /api/activity → 304","duration":"1ms"}
{"ts":"2026-06-03T11:48:45.017Z","level":"INFO","msg":"GET /api/activity → 304","duration":"0ms"}
{"ts":"2026-06-03T11:48:45.020Z","level":"INFO","msg":"GET /api/activity → 304","duration":"0ms"}
{"ts":"2026-06-03T11:48:45.021Z","level":"INFO","msg":"GET /api/roadmaps → 304","duration":"0ms"}
{"ts":"2026-06-03T11:48:45.022Z","level":"INFO","msg":"GET /api/sessions → 304","duration":"1ms"}
{"ts":"2026-06-03T11:48:45.022Z","level":"INFO","msg":"GET /api/stats → 304","duration":"0ms"}
{"ts":"2026-06-03T11:48:45.023Z","level":"INFO","msg":"GET /api/activity → 304","duration":"1ms"}
{"ts":"2026-06-03T11:48:45.024Z","level":"INFO","msg":"GET /api/roadmaps → 304","duration":"1ms"}
{"ts":"2026-06-03T11:48:45.024Z","level":"INFO","msg":"GET /api/sessions → 304","duration":"0ms"}
{"ts":"2026-06-03T11:48:45.025Z","level":"INFO","msg":"GET /api/stats → 304","duration":"1ms"}
{"ts":"2026-06-03T11:48:45.025Z","level":"INFO","msg":"GET /api/activity → 304","duration":"0ms"}
{"ts":"2026-06-03T11:48:45.027Z","level":"INFO","msg":"GET /api/activity → 304","duration":"0ms"}
{"ts":"2026-06-03T11:48:52.968Z","level":"INFO","msg":"GET /api/activity → 304","duration":"0ms"}
{"ts":"2026-06-03T11:48:52.969Z","level":"INFO","msg":"GET /api/roadmaps → 304","duration":"1ms"}
{"ts":"2026-06-03T11:48:52.970Z","level":"INFO","msg":"GET /api/sessions → 304","duration":"2ms"}
{"ts":"2026-06-03T11:48:52.971Z","level":"INFO","msg":"GET /api/stats → 304","duration":"1ms"}
{"ts":"2026-06-03T11:48:52.971Z","level":"INFO","msg":"GET /api/auth/me → 304","duration":"0ms"}
{"ts":"2026-06-03T11:48:52.972Z","level":"INFO","msg":"GET /api/activity → 304","duration":"0ms"}
{"ts":"2026-06-03T11:48:52.973Z","level":"INFO","msg":"GET /api/roadmaps → 304","duration":"1ms"}
{"ts":"2026-06-03T11:48:52.973Z","level":"INFO","msg":"GET /api/sessions → 304","duration":"0ms"}
{"ts":"2026-06-03T11:48:52.974Z","level":"INFO","msg":"GET /api/stats → 304","duration":"0ms"}
{"ts":"2026-06-03T11:48:52.975Z","level":"INFO","msg":"GET /api/activity → 304","duration":"1ms"}
{"ts":"2026-06-03T11:48:52.976Z","level":"INFO","msg":"GET /api/activity → 304","duration":"0ms"}
{"ts":"2026-06-03T11:48:52.983Z","level":"INFO","msg":"GET /api/activity → 304","duration":"1ms"}
{"ts":"2026-06-03T11:48:52.983Z","level":"INFO","msg":"GET /api/roadmaps → 304","duration":"1ms"}
{"ts":"2026-06-03T11:48:52.987Z","level":"INFO","msg":"GET /api/sessions → 304","duration":"1ms"}
{"ts":"2026-06-03T11:48:52.987Z","level":"INFO","msg":"GET /api/activity → 304","duration":"1ms"}
{"ts":"2026-06-03T11:48:52.988Z","level":"INFO","msg":"GET /api/roadmaps → 304","duration":"0ms"}
{"ts":"2026-06-03T11:48:52.989Z","level":"INFO","msg":"GET /api/stats → 304","duration":"1ms"}
{"ts":"2026-06-03T11:48:52.990Z","level":"INFO","msg":"GET /api/sessions → 304","duration":"1ms"}
{"ts":"2026-06-03T11:48:52.990Z","level":"INFO","msg":"GET /api/activity → 304","duration":"0ms"}
{"ts":"2026-06-03T11:48:52.991Z","level":"INFO","msg":"GET /api/stats → 304","duration":"1ms"}
{"ts":"2026-06-03T11:48:52.992Z","level":"INFO","msg":"GET /api/activity → 304","duration":"1ms"}
{"ts":"2026-06-03T11:49:08.967Z","level":"INFO","msg":"GET /api/activity → 304","duration":"1ms"}
{"ts":"2026-06-03T11:49:08.968Z","level":"INFO","msg":"GET /api/roadmaps → 304","duration":"2ms"}
{"ts":"2026-06-03T11:49:08.968Z","level":"INFO","msg":"GET /api/sessions → 304","duration":"2ms"}
{"ts":"2026-06-03T11:49:08.970Z","level":"INFO","msg":"GET /api/stats → 304","duration":"1ms"}
{"ts":"2026-06-03T11:49:08.970Z","level":"INFO","msg":"GET /api/auth/me → 304","duration":"0ms"}
{"ts":"2026-06-03T11:49:08.971Z","level":"INFO","msg":"GET /api/activity → 304","duration":"0ms"}
{"ts":"2026-06-03T11:49:08.971Z","level":"INFO","msg":"GET /api/roadmaps → 304","duration":"0ms"}
{"ts":"2026-06-03T11:49:08.972Z","level":"INFO","msg":"GET /api/sessions → 304","duration":"0ms"}
{"ts":"2026-06-03T11:49:08.973Z","level":"INFO","msg":"GET /api/stats → 304","duration":"0ms"}
{"ts":"2026-06-03T11:49:08.975Z","level":"INFO","msg":"GET /api/activity → 304","duration":"1ms"}
{"ts":"2026-06-03T11:49:08.976Z","level":"INFO","msg":"GET /api/activity → 304","duration":"0ms"}
{"ts":"2026-06-03T11:49:08.979Z","level":"INFO","msg":"GET /api/roadmaps → 304","duration":"1ms"}
{"ts":"2026-06-03T11:49:08.980Z","level":"INFO","msg":"GET /api/sessions → 304","duration":"0ms"}
{"ts":"2026-06-03T11:49:08.981Z","level":"INFO","msg":"GET /api/activity → 304","duration":"1ms"}
{"ts":"2026-06-03T11:49:08.982Z","level":"INFO","msg":"GET /api/stats → 304","duration":"1ms"}
{"ts":"2026-06-03T11:49:08.983Z","level":"INFO","msg":"GET /api/roadmaps → 304","duration":"1ms"}
{"ts":"2026-06-03T11:49:08.984Z","level":"INFO","msg":"GET /api/sessions → 304","duration":"1ms"}
{"ts":"2026-06-03T11:49:08.984Z","level":"INFO","msg":"GET /api/activity → 304","duration":"0ms"}
{"ts":"2026-06-03T11:49:08.985Z","level":"INFO","msg":"GET /api/stats → 304","duration":"0ms"}
{"ts":"2026-06-03T11:49:08.986Z","level":"INFO","msg":"GET /api/activity → 304","duration":"0ms"}
{"ts":"2026-06-03T11:49:08.987Z","level":"INFO","msg":"GET /api/activity → 304","duration":"0ms"}
{"ts":"2026-06-03T11:49:16.520Z","level":"INFO","msg":"GET /api/auth/me → 304","duration":"1ms"}
{"ts":"2026-06-03T11:49:16.523Z","level":"INFO","msg":"GET /api/auth/me → 304","duration":"1ms"}
{"ts":"2026-06-03T11:49:16.540Z","level":"INFO","msg":"GET /api/activity → 304","duration":"1ms"}
{"ts":"2026-06-03T11:49:16.541Z","level":"INFO","msg":"GET /api/roadmaps → 304","duration":"1ms"}
{"ts":"2026-06-03T11:49:16.543Z","level":"INFO","msg":"GET /api/sessions → 304","duration":"1ms"}
{"ts":"2026-06-03T11:49:16.544Z","level":"INFO","msg":"GET /api/stats → 304","duration":"0ms"}
{"ts":"2026-06-03T11:49:16.545Z","level":"INFO","msg":"GET /api/activity → 304","duration":"0ms"}
{"ts":"2026-06-03T11:49:16.546Z","level":"INFO","msg":"GET /api/roadmaps → 304","duration":"1ms"}
{"ts":"2026-06-03T11:49:16.546Z","level":"INFO","msg":"GET /api/sessions → 304","duration":"0ms"}
{"ts":"2026-06-03T11:49:16.547Z","level":"INFO","msg":"GET /api/stats → 304","duration":"0ms"}
{"ts":"2026-06-03T11:49:16.548Z","level":"INFO","msg":"GET /api/activity → 304","duration":"0ms"}
{"ts":"2026-06-03T11:49:16.549Z","level":"INFO","msg":"GET /api/roadmaps → 304","duration":"1ms"}
{"ts":"2026-06-03T11:49:16.549Z","level":"INFO","msg":"GET /api/sessions → 304","duration":"1ms"}
{"ts":"2026-06-03T11:49:16.550Z","level":"INFO","msg":"GET /api/stats → 304","duration":"1ms"}
{"ts":"2026-06-03T11:49:16.551Z","level":"INFO","msg":"GET /api/activity → 304","duration":"1ms"}
{"ts":"2026-06-03T11:49:16.551Z","level":"INFO","msg":"GET /api/roadmaps → 304","duration":"0ms"}
{"ts":"2026-06-03T11:49:16.552Z","level":"INFO","msg":"GET /api/sessions → 304","duration":"1ms"}
{"ts":"2026-06-03T11:49:16.552Z","level":"INFO","msg":"GET /api/stats → 304","duration":"0ms"}
{"ts":"2026-06-03T11:49:16.553Z","level":"INFO","msg":"GET /api/activity → 304","duration":"0ms"}
{"ts":"2026-06-03T11:49:16.554Z","level":"INFO","msg":"GET /api/activity → 304","duration":"0ms"}
{"ts":"2026-06-03T11:49:16.555Z","level":"INFO","msg":"GET /api/activity → 304","duration":"0ms"}
{"ts":"2026-06-03T11:49:16.556Z","level":"INFO","msg":"GET /api/activity → 304","duration":"0ms"}
{"ts":"2026-06-03T11:49:22.787Z","level":"INFO","msg":"GET /api/roadmaps → 304","duration":"4ms"}
{"ts":"2026-06-03T11:49:22.789Z","level":"INFO","msg":"GET /api/roadmaps → 304","duration":"1ms"}
{"ts":"2026-06-03T11:49:22.790Z","level":"INFO","msg":"GET /api/roadmaps/rm-ml-engineer → 200","duration":"1ms"}
{"ts":"2026-06-03T11:49:22.791Z","level":"INFO","msg":"GET /api/roadmaps/rm-ml-engineer → 304","duration":"0ms"}
{"ts":"2026-06-03T11:49:39.023Z","level":"INFO","msg":"GET /api/roadmaps/rm-genai → 200","duration":"2ms"}
{"ts":"2026-06-03T11:51:33.013Z","level":"INFO","msg":"GET /api/courses → 200","duration":"3ms"}
{"ts":"2026-06-03T11:51:59.886Z","level":"INFO","msg":"GET /api/auth/me → 304","duration":"2ms"}
{"ts":"2026-06-03T11:51:59.888Z","level":"INFO","msg":"GET /api/auth/me → 304","duration":"1ms"}
{"ts":"2026-06-03T11:51:59.906Z","level":"INFO","msg":"GET /api/activity → 304","duration":"0ms"}
{"ts":"2026-06-03T11:51:59.908Z","level":"INFO","msg":"GET /api/sessions → 304","duration":"1ms"}
{"ts":"2026-06-03T11:51:59.909Z","level":"INFO","msg":"GET /api/roadmaps → 304","duration":"2ms"}
{"ts":"2026-06-03T11:51:59.910Z","level":"INFO","msg":"GET /api/stats → 304","duration":"1ms"}
{"ts":"2026-06-03T11:51:59.911Z","level":"INFO","msg":"GET /api/activity → 304","duration":"1ms"}
{"ts":"2026-06-03T11:51:59.913Z","level":"INFO","msg":"GET /api/sessions → 304","duration":"2ms"}
{"ts":"2026-06-03T11:51:59.913Z","level":"INFO","msg":"GET /api/roadmaps → 304","duration":"1ms"}
{"ts":"2026-06-03T11:51:59.914Z","level":"INFO","msg":"GET /api/stats → 304","duration":"1ms"}
{"ts":"2026-06-03T11:51:59.914Z","level":"INFO","msg":"GET /api/activity → 304","duration":"0ms"}
{"ts":"2026-06-03T11:51:59.915Z","level":"INFO","msg":"GET /api/sessions → 304","duration":"0ms"}
{"ts":"2026-06-03T11:51:59.915Z","level":"INFO","msg":"GET /api/roadmaps → 304","duration":"0ms"}
{"ts":"2026-06-03T11:51:59.916Z","level":"INFO","msg":"GET /api/stats → 304","duration":"0ms"}
{"ts":"2026-06-03T11:51:59.921Z","level":"INFO","msg":"GET /api/activity → 304","duration":"0ms"}
{"ts":"2026-06-03T11:51:59.922Z","level":"INFO","msg":"GET /api/sessions → 304","duration":"0ms"}
{"ts":"2026-06-03T11:51:59.923Z","level":"INFO","msg":"GET /api/roadmaps → 304","duration":"1ms"}
{"ts":"2026-06-03T11:51:59.924Z","level":"INFO","msg":"GET /api/stats → 304","duration":"0ms"}
{"ts":"2026-06-03T11:51:59.925Z","level":"INFO","msg":"GET /api/activity → 304","duration":"1ms"}
{"ts":"2026-06-03T11:51:59.926Z","level":"INFO","msg":"GET /api/activity → 304","duration":"0ms"}
{"ts":"2026-06-03T11:51:59.928Z","level":"INFO","msg":"GET /api/activity → 304","duration":"0ms"}
{"ts":"2026-06-03T11:51:59.929Z","level":"INFO","msg":"GET /api/activity → 304","duration":"0ms"}
{"ts":"2026-06-03T11:52:06.956Z","level":"INFO","msg":"GET /api/roadmaps → 304","duration":"1ms"}
{"ts":"2026-06-03T11:52:06.962Z","level":"INFO","msg":"GET /api/roadmaps → 304","duration":"2ms"}
{"ts":"2026-06-03T11:52:06.964Z","level":"INFO","msg":"GET /api/roadmaps/rm-ml-engineer → 304","duration":"1ms"}
{"ts":"2026-06-03T11:52:06.967Z","level":"INFO","msg":"GET /api/roadmaps/rm-ml-engineer → 304","duration":"1ms"}
{"ts":"2026-06-03T11:52:08.955Z","level":"INFO","msg":"GET /api/sessions → 304","duration":"2ms"}
{"ts":"2026-06-03T11:52:08.970Z","level":"INFO","msg":"GET /api/sessions/sess-1 → 200","duration":"1ms"}
{"ts":"2026-06-03T11:52:09.020Z","level":"INFO","msg":"GET /api/sessions → 304","duration":"1ms"}
{"ts":"2026-06-03T11:52:09.048Z","level":"INFO","msg":"GET /api/sessions/sess-1 → 304","duration":"0ms"}
{"ts":"2026-06-03T11:52:53.314Z","level":"INFO","msg":"GET /api/roadmaps → 304","duration":"1ms"}
{"ts":"2026-06-03T11:52:53.316Z","level":"INFO","msg":"GET /api/roadmaps → 304","duration":"0ms"}
{"ts":"2026-06-03T11:52:53.318Z","level":"INFO","msg":"GET /api/roadmaps/rm-ml-engineer → 304","duration":"1ms"}
{"ts":"2026-06-03T11:52:53.320Z","level":"INFO","msg":"GET /api/roadmaps/rm-ml-engineer → 304","duration":"1ms"}
{"ts":"2026-06-03T11:52:54.948Z","level":"INFO","msg":"GET /api/roadmaps/rm-genai → 304","duration":"1ms"}
{"ts":"2026-06-03T11:54:57.953Z","level":"INFO","msg":"GET /api/roadmaps → 304","duration":"1ms"}
{"ts":"2026-06-03T11:54:57.954Z","level":"INFO","msg":"GET /api/activity → 304","duration":"2ms"}
{"ts":"2026-06-03T11:54:57.955Z","level":"INFO","msg":"GET /api/auth/me → 304","duration":"0ms"}
{"ts":"2026-06-03T11:54:57.956Z","level":"INFO","msg":"GET /api/roadmaps → 304","duration":"1ms"}
{"ts":"2026-06-03T11:54:57.958Z","level":"INFO","msg":"GET /api/roadmaps/rm-ml-engineer → 304","duration":"2ms"}
{"ts":"2026-06-03T11:54:57.963Z","level":"INFO","msg":"GET /api/activity → 304","duration":"1ms"}
{"ts":"2026-06-03T11:54:57.969Z","level":"INFO","msg":"GET /api/activity → 304","duration":"0ms"}
{"ts":"2026-06-03T11:54:57.970Z","level":"INFO","msg":"GET /api/roadmaps → 304","duration":"1ms"}
{"ts":"2026-06-03T11:54:57.971Z","level":"INFO","msg":"GET /api/sessions → 304","duration":"0ms"}
{"ts":"2026-06-03T11:54:57.972Z","level":"INFO","msg":"GET /api/stats → 304","duration":"1ms"}
{"ts":"2026-06-03T11:54:57.972Z","level":"INFO","msg":"GET /api/roadmaps/rm-ml-engineer → 304","duration":"0ms"}
{"ts":"2026-06-03T11:54:57.973Z","level":"INFO","msg":"GET /api/activity → 304","duration":"0ms"}
{"ts":"2026-06-03T11:54:57.974Z","level":"INFO","msg":"GET /api/roadmaps → 304","duration":"1ms"}
{"ts":"2026-06-03T11:54:57.974Z","level":"INFO","msg":"GET /api/sessions → 304","duration":"0ms"}
{"ts":"2026-06-03T11:54:57.975Z","level":"INFO","msg":"GET /api/stats → 304","duration":"0ms"}
{"ts":"2026-06-03T11:54:57.976Z","level":"INFO","msg":"GET /api/activity → 304","duration":"0ms"}
{"ts":"2026-06-03T11:54:57.978Z","level":"INFO","msg":"GET /api/activity → 304","duration":"1ms"}
{"ts":"2026-06-03T11:55:25.618Z","level":"INFO","msg":"GET /api/auth/me → 304","duration":"5ms"}
{"ts":"2026-06-03T11:55:25.620Z","level":"INFO","msg":"GET /api/auth/me → 304","duration":"1ms"}
{"ts":"2026-06-03T11:55:25.635Z","level":"INFO","msg":"GET /api/activity → 304","duration":"1ms"}
{"ts":"2026-06-03T11:55:25.636Z","level":"INFO","msg":"GET /api/roadmaps → 200","duration":"2ms"}
{"ts":"2026-06-03T11:55:25.638Z","level":"INFO","msg":"GET /api/stats → 200","duration":"1ms"}
{"ts":"2026-06-03T11:55:25.639Z","level":"INFO","msg":"GET /api/sessions → 304","duration":"1ms"}
{"ts":"2026-06-03T11:55:25.641Z","level":"INFO","msg":"GET /api/activity → 304","duration":"1ms"}
{"ts":"2026-06-03T11:55:25.642Z","level":"INFO","msg":"GET /api/roadmaps → 304","duration":"1ms"}
{"ts":"2026-06-03T11:55:25.643Z","level":"INFO","msg":"GET /api/stats → 304","duration":"1ms"}
{"ts":"2026-06-03T11:55:25.644Z","level":"INFO","msg":"GET /api/sessions → 304","duration":"0ms"}
{"ts":"2026-06-03T11:55:25.645Z","level":"INFO","msg":"GET /api/activity → 304","duration":"0ms"}
{"ts":"2026-06-03T11:55:25.646Z","level":"INFO","msg":"GET /api/roadmaps → 304","duration":"1ms"}
{"ts":"2026-06-03T11:55:25.646Z","level":"INFO","msg":"GET /api/stats → 304","duration":"0ms"}
{"ts":"2026-06-03T11:55:25.647Z","level":"INFO","msg":"GET /api/sessions → 304","duration":"1ms"}
{"ts":"2026-06-03T11:55:25.648Z","level":"INFO","msg":"GET /api/activity → 304","duration":"1ms"}
{"ts":"2026-06-03T11:55:25.648Z","level":"INFO","msg":"GET /api/roadmaps → 304","duration":"0ms"}
{"ts":"2026-06-03T11:55:25.649Z","level":"INFO","msg":"GET /api/stats → 304","duration":"0ms"}
{"ts":"2026-06-03T11:55:25.650Z","level":"INFO","msg":"GET /api/sessions → 304","duration":"1ms"}
{"ts":"2026-06-03T11:55:25.650Z","level":"INFO","msg":"GET /api/activity → 304","duration":"1ms"}
{"ts":"2026-06-03T11:55:25.652Z","level":"INFO","msg":"GET /api/activity → 304","duration":"1ms"}
{"ts":"2026-06-03T11:55:25.653Z","level":"INFO","msg":"GET /api/activity → 304","duration":"1ms"}
{"ts":"2026-06-03T11:55:25.653Z","level":"INFO","msg":"GET /api/activity → 304","duration":"0ms"}
{"ts":"2026-06-03T11:55:36.968Z","level":"INFO","msg":"GET /api/roadmaps → 304","duration":"1ms"}
{"ts":"2026-06-03T11:55:36.971Z","level":"INFO","msg":"GET /api/roadmaps → 304","duration":"1ms"}
{"ts":"2026-06-03T11:55:36.973Z","level":"INFO","msg":"GET /api/roadmaps/rm-ml-engineer → 304","duration":"1ms"}
{"ts":"2026-06-03T11:55:36.974Z","level":"INFO","msg":"GET /api/roadmaps/rm-ml-engineer → 304","duration":"0ms"}
{"ts":"2026-06-03T11:55:38.952Z","level":"INFO","msg":"GET /api/roadmaps/rm-genai → 200","duration":"2ms"}
{"ts":"2026-06-03T11:55:40.953Z","level":"INFO","msg":"GET /api/sessions → 304","duration":"2ms"}
{"ts":"2026-06-03T11:55:40.969Z","level":"INFO","msg":"POST /api/sessions → 200","duration":"1ms"}
{"ts":"2026-06-03T11:55:40.973Z","level":"INFO","msg":"POST /api/sessions/sess-1780487740969/messages → 200","duration":"1ms"}
{"ts":"2026-06-03T11:55:41.002Z","level":"INFO","msg":"GET /api/sessions/sess-1780487740969 → 200","duration":"1ms"}
{"ts":"2026-06-03T11:55:41.014Z","level":"INFO","msg":"GET /api/sessions → 200","duration":"0ms"}
{"ts":"2026-06-03T11:55:41.027Z","level":"INFO","msg":"GET /api/sessions/sess-1780487740969 → 304","duration":"1ms"}
{"ts":"2026-06-03T11:56:14.082Z","level":"INFO","msg":"GET /api/assignments → 200","duration":"3ms"}
{"ts":"2026-06-03T11:56:14.084Z","level":"INFO","msg":"GET /api/assignments → 304","duration":"0ms"}
{"ts":"2026-06-03T11:58:11.962Z","level":"INFO","msg":"GET /api/auth/me → 304","duration":"3ms"}
{"ts":"2026-06-03T11:58:11.964Z","level":"INFO","msg":"GET /api/auth/me → 304","duration":"0ms"}
{"ts":"2026-06-03T11:58:11.974Z","level":"INFO","msg":"GET /api/activity → 304","duration":"1ms"}
{"ts":"2026-06-03T11:58:11.975Z","level":"INFO","msg":"GET /api/sessions → 304","duration":"1ms"}
{"ts":"2026-06-03T11:58:11.977Z","level":"INFO","msg":"GET /api/roadmaps → 304","duration":"2ms"}
{"ts":"2026-06-03T11:58:11.979Z","level":"INFO","msg":"GET /api/stats → 200","duration":"1ms"}
{"ts":"2026-06-03T11:58:11.980Z","level":"INFO","msg":"GET /api/activity → 304","duration":"1ms"}
{"ts":"2026-06-03T11:58:11.981Z","level":"INFO","msg":"GET /api/sessions → 304","duration":"1ms"}
{"ts":"2026-06-03T11:58:11.981Z","level":"INFO","msg":"GET /api/roadmaps → 304","duration":"0ms"}
{"ts":"2026-06-03T11:58:11.982Z","level":"INFO","msg":"GET /api/stats → 304","duration":"0ms"}
{"ts":"2026-06-03T11:58:11.982Z","level":"INFO","msg":"GET /api/activity → 304","duration":"0ms"}
{"ts":"2026-06-03T11:58:11.985Z","level":"INFO","msg":"GET /api/activity → 304","duration":"1ms"}
{"ts":"2026-06-03T11:58:11.986Z","level":"INFO","msg":"GET /api/roadmaps → 304","duration":"0ms"}
{"ts":"2026-06-03T11:58:11.987Z","level":"INFO","msg":"GET /api/sessions → 304","duration":"1ms"}
{"ts":"2026-06-03T11:58:11.988Z","level":"INFO","msg":"GET /api/stats → 304","duration":"1ms"}
{"ts":"2026-06-03T11:58:11.988Z","level":"INFO","msg":"GET /api/activity → 304","duration":"0ms"}
{"ts":"2026-06-03T11:58:11.989Z","level":"INFO","msg":"GET /api/roadmaps → 304","duration":"1ms"}
{"ts":"2026-06-03T11:58:11.990Z","level":"INFO","msg":"GET /api/sessions → 304","duration":"1ms"}
{"ts":"2026-06-03T11:58:11.990Z","level":"INFO","msg":"GET /api/stats → 304","duration":"0ms"}
{"ts":"2026-06-03T11:58:11.991Z","level":"INFO","msg":"GET /api/activity → 304","duration":"1ms"}
{"ts":"2026-06-03T11:58:11.992Z","level":"INFO","msg":"GET /api/activity → 304","duration":"0ms"}
{"ts":"2026-06-03T11:58:11.994Z","level":"INFO","msg":"GET /api/activity → 304","duration":"0ms"}
{"ts":"2026-06-03T11:58:20.973Z","level":"INFO","msg":"GET /api/activity → 304","duration":"1ms"}
{"ts":"2026-06-03T11:58:20.974Z","level":"INFO","msg":"GET /api/sessions → 304","duration":"1ms"}
{"ts":"2026-06-03T11:58:20.974Z","level":"INFO","msg":"GET /api/roadmaps → 304","duration":"0ms"}
{"ts":"2026-06-03T11:58:20.975Z","level":"INFO","msg":"GET /api/stats → 304","duration":"0ms"}
{"ts":"2026-06-03T11:58:20.976Z","level":"INFO","msg":"GET /api/auth/me → 304","duration":"1ms"}
{"ts":"2026-06-03T11:58:20.976Z","level":"INFO","msg":"GET /api/activity → 304","duration":"0ms"}
{"ts":"2026-06-03T11:58:20.977Z","level":"INFO","msg":"GET /api/sessions → 304","duration":"1ms"}
{"ts":"2026-06-03T11:58:20.978Z","level":"INFO","msg":"GET /api/roadmaps → 304","duration":"1ms"}
{"ts":"2026-06-03T11:58:20.978Z","level":"INFO","msg":"GET /api/stats → 304","duration":"0ms"}
{"ts":"2026-06-03T11:58:20.979Z","level":"INFO","msg":"GET /api/activity → 304","duration":"1ms"}
{"ts":"2026-06-03T11:58:20.980Z","level":"INFO","msg":"GET /api/activity → 304","duration":"1ms"}
{"ts":"2026-06-03T11:58:20.982Z","level":"INFO","msg":"GET /api/activity → 304","duration":"0ms"}
{"ts":"2026-06-03T11:58:20.983Z","level":"INFO","msg":"GET /api/roadmaps → 304","duration":"1ms"}
{"ts":"2026-06-03T11:58:20.984Z","level":"INFO","msg":"GET /api/sessions → 304","duration":"1ms"}
{"ts":"2026-06-03T11:58:20.984Z","level":"INFO","msg":"GET /api/stats → 304","duration":"0ms"}
{"ts":"2026-06-03T11:58:20.985Z","level":"INFO","msg":"GET /api/activity → 304","duration":"1ms"}
{"ts":"2026-06-03T11:58:20.986Z","level":"INFO","msg":"GET /api/roadmaps → 304","duration":"1ms"}
{"ts":"2026-06-03T11:58:20.986Z","level":"INFO","msg":"GET /api/sessions → 304","duration":"0ms"}
{"ts":"2026-06-03T11:58:20.987Z","level":"INFO","msg":"GET /api/stats → 304","duration":"0ms"}
{"ts":"2026-06-03T11:58:20.987Z","level":"INFO","msg":"GET /api/activity → 304","duration":"0ms"}
{"ts":"2026-06-03T11:58:20.989Z","level":"INFO","msg":"GET /api/activity → 304","duration":"1ms"}
{"ts":"2026-06-03T11:58:38.958Z","level":"INFO","msg":"GET /api/roadmaps → 304","duration":"1ms"}
{"ts":"2026-06-03T11:58:38.959Z","level":"INFO","msg":"GET /api/sessions → 304","duration":"2ms"}
{"ts":"2026-06-03T11:58:38.960Z","level":"INFO","msg":"GET /api/activity → 304","duration":"1ms"}
{"ts":"2026-06-03T11:58:38.961Z","level":"INFO","msg":"GET /api/stats → 304","duration":"1ms"}
{"ts":"2026-06-03T11:58:38.961Z","level":"INFO","msg":"GET /api/auth/me → 304","duration":"0ms"}
{"ts":"2026-06-03T11:58:38.962Z","level":"INFO","msg":"GET /api/roadmaps → 304","duration":"1ms"}
{"ts":"2026-06-03T11:58:38.962Z","level":"INFO","msg":"GET /api/sessions → 304","duration":"0ms"}
{"ts":"2026-06-03T11:58:38.963Z","level":"INFO","msg":"GET /api/activity → 304","duration":"0ms"}
{"ts":"2026-06-03T11:58:38.964Z","level":"INFO","msg":"GET /api/stats → 304","duration":"1ms"}
{"ts":"2026-06-03T11:58:38.964Z","level":"INFO","msg":"GET /api/activity → 304","duration":"0ms"}
{"ts":"2026-06-03T11:58:38.967Z","level":"INFO","msg":"GET /api/activity → 304","duration":"1ms"}
{"ts":"2026-06-03T11:58:38.971Z","level":"INFO","msg":"GET /api/activity → 304","duration":"0ms"}
{"ts":"2026-06-03T11:58:38.972Z","level":"INFO","msg":"GET /api/roadmaps → 304","duration":"1ms"}
{"ts":"2026-06-03T11:58:38.973Z","level":"INFO","msg":"GET /api/stats → 304","duration":"1ms"}
{"ts":"2026-06-03T11:58:38.973Z","level":"INFO","msg":"GET /api/sessions → 304","duration":"0ms"}
{"ts":"2026-06-03T11:58:38.974Z","level":"INFO","msg":"GET /api/activity → 304","duration":"0ms"}
{"ts":"2026-06-03T11:58:38.975Z","level":"INFO","msg":"GET /api/roadmaps → 304","duration":"1ms"}
{"ts":"2026-06-03T11:58:38.975Z","level":"INFO","msg":"GET /api/stats → 304","duration":"1ms"}
{"ts":"2026-06-03T11:58:38.976Z","level":"INFO","msg":"GET /api/sessions → 304","duration":"0ms"}
{"ts":"2026-06-03T11:58:38.977Z","level":"INFO","msg":"GET /api/activity → 304","duration":"1ms"}
{"ts":"2026-06-03T11:58:38.978Z","level":"INFO","msg":"GET /api/activity → 304","duration":"1ms"}
{"ts":"2026-06-03T11:59:16.960Z","level":"INFO","msg":"GET /api/sessions → 304","duration":"0ms"}
{"ts":"2026-06-03T11:59:16.961Z","level":"INFO","msg":"GET /api/activity → 304","duration":"1ms"}
{"ts":"2026-06-03T11:59:16.962Z","level":"INFO","msg":"GET /api/roadmaps → 304","duration":"0ms"}
{"ts":"2026-06-03T11:59:16.963Z","level":"INFO","msg":"GET /api/stats → 304","duration":"0ms"}
{"ts":"2026-06-03T11:59:16.964Z","level":"INFO","msg":"GET /api/auth/me → 304","duration":"1ms"}
{"ts":"2026-06-03T11:59:16.964Z","level":"INFO","msg":"GET /api/sessions → 304","duration":"0ms"}
{"ts":"2026-06-03T11:59:16.965Z","level":"INFO","msg":"GET /api/activity → 304","duration":"0ms"}
{"ts":"2026-06-03T11:59:16.966Z","level":"INFO","msg":"GET /api/roadmaps → 304","duration":"1ms"}
{"ts":"2026-06-03T11:59:16.966Z","level":"INFO","msg":"GET /api/stats → 304","duration":"1ms"}
{"ts":"2026-06-03T11:59:16.967Z","level":"INFO","msg":"GET /api/activity → 304","duration":"0ms"}
{"ts":"2026-06-03T11:59:16.969Z","level":"INFO","msg":"GET /api/activity → 304","duration":"1ms"}
{"ts":"2026-06-03T11:59:16.976Z","level":"INFO","msg":"GET /api/activity → 304","duration":"1ms"}
{"ts":"2026-06-03T11:59:16.977Z","level":"INFO","msg":"GET /api/roadmaps → 304","duration":"1ms"}
{"ts":"2026-06-03T11:59:16.977Z","level":"INFO","msg":"GET /api/sessions → 304","duration":"0ms"}
{"ts":"2026-06-03T11:59:16.978Z","level":"INFO","msg":"GET /api/stats → 304","duration":"1ms"}
{"ts":"2026-06-03T11:59:16.979Z","level":"INFO","msg":"GET /api/activity → 304","duration":"1ms"}
{"ts":"2026-06-03T11:59:16.979Z","level":"INFO","msg":"GET /api/roadmaps → 304","duration":"1ms"}
{"ts":"2026-06-03T11:59:16.980Z","level":"INFO","msg":"GET /api/sessions → 304","duration":"1ms"}
{"ts":"2026-06-03T11:59:16.981Z","level":"INFO","msg":"GET /api/stats → 304","duration":"1ms"}
{"ts":"2026-06-03T11:59:16.982Z","level":"INFO","msg":"GET /api/activity → 304","duration":"1ms"}
{"ts":"2026-06-03T11:59:16.983Z","level":"INFO","msg":"GET /api/activity → 304","duration":"0ms"}
{"ts":"2026-06-03T11:59:27.972Z","level":"INFO","msg":"GET /api/activity → 304","duration":"2ms"}
{"ts":"2026-06-03T11:59:27.973Z","level":"INFO","msg":"GET /api/sessions → 304","duration":"2ms"}
{"ts":"2026-06-03T11:59:27.974Z","level":"INFO","msg":"GET /api/roadmaps → 304","duration":"1ms"}
{"ts":"2026-06-03T11:59:27.975Z","level":"INFO","msg":"GET /api/stats → 304","duration":"1ms"}
{"ts":"2026-06-03T11:59:27.976Z","level":"INFO","msg":"GET /api/auth/me → 304","duration":"2ms"}
{"ts":"2026-06-03T11:59:27.977Z","level":"INFO","msg":"GET /api/activity → 304","duration":"1ms"}
{"ts":"2026-06-03T11:59:27.977Z","level":"INFO","msg":"GET /api/sessions → 304","duration":"0ms"}
{"ts":"2026-06-03T11:59:27.978Z","level":"INFO","msg":"GET /api/roadmaps → 304","duration":"0ms"}
{"ts":"2026-06-03T11:59:27.979Z","level":"INFO","msg":"GET /api/stats → 304","duration":"1ms"}
{"ts":"2026-06-03T11:59:27.980Z","level":"INFO","msg":"GET /api/activity → 304","duration":"1ms"}
{"ts":"2026-06-03T11:59:27.981Z","level":"INFO","msg":"GET /api/activity → 304","duration":"0ms"}
{"ts":"2026-06-03T11:59:27.983Z","level":"INFO","msg":"GET /api/roadmaps → 304","duration":"0ms"}
{"ts":"2026-06-03T11:59:27.985Z","level":"INFO","msg":"GET /api/sessions → 304","duration":"1ms"}
{"ts":"2026-06-03T11:59:27.986Z","level":"INFO","msg":"GET /api/activity → 304","duration":"1ms"}
{"ts":"2026-06-03T11:59:27.986Z","level":"INFO","msg":"GET /api/stats → 304","duration":"0ms"}
{"ts":"2026-06-03T11:59:27.987Z","level":"INFO","msg":"GET /api/roadmaps → 304","duration":"0ms"}
{"ts":"2026-06-03T11:59:27.988Z","level":"INFO","msg":"GET /api/sessions → 304","duration":"0ms"}
{"ts":"2026-06-03T11:59:27.989Z","level":"INFO","msg":"GET /api/activity → 304","duration":"1ms"}
{"ts":"2026-06-03T11:59:27.990Z","level":"INFO","msg":"GET /api/stats → 304","duration":"1ms"}
{"ts":"2026-06-03T11:59:27.990Z","level":"INFO","msg":"GET /api/activity → 304","duration":"0ms"}
{"ts":"2026-06-03T11:59:27.993Z","level":"INFO","msg":"GET /api/activity → 304","duration":"1ms"}
{"ts":"2026-06-03T11:59:38.970Z","level":"INFO","msg":"GET /api/activity → 304","duration":"1ms"}
{"ts":"2026-06-03T11:59:38.970Z","level":"INFO","msg":"GET /api/roadmaps → 304","duration":"1ms"}
{"ts":"2026-06-03T11:59:38.971Z","level":"INFO","msg":"GET /api/sessions → 304","duration":"0ms"}
{"ts":"2026-06-03T11:59:38.972Z","level":"INFO","msg":"GET /api/stats → 304","duration":"0ms"}
{"ts":"2026-06-03T11:59:38.972Z","level":"INFO","msg":"GET /api/auth/me → 304","duration":"0ms"}
{"ts":"2026-06-03T11:59:38.973Z","level":"INFO","msg":"GET /api/activity → 304","duration":"0ms"}
{"ts":"2026-06-03T11:59:38.974Z","level":"INFO","msg":"GET /api/roadmaps → 304","duration":"0ms"}
{"ts":"2026-06-03T11:59:38.975Z","level":"INFO","msg":"GET /api/stats → 304","duration":"1ms"}
{"ts":"2026-06-03T11:59:38.975Z","level":"INFO","msg":"GET /api/sessions → 304","duration":"1ms"}
{"ts":"2026-06-03T11:59:38.976Z","level":"INFO","msg":"GET /api/activity → 304","duration":"1ms"}
{"ts":"2026-06-03T11:59:38.977Z","level":"INFO","msg":"GET /api/activity → 304","duration":"0ms"}
{"ts":"2026-06-03T11:59:38.983Z","level":"INFO","msg":"GET /api/activity → 304","duration":"0ms"}
{"ts":"2026-06-03T11:59:38.984Z","level":"INFO","msg":"GET /api/roadmaps → 304","duration":"1ms"}
{"ts":"2026-06-03T11:59:38.984Z","level":"INFO","msg":"GET /api/sessions → 304","duration":"0ms"}
{"ts":"2026-06-03T11:59:38.985Z","level":"INFO","msg":"GET /api/stats → 304","duration":"0ms"}
{"ts":"2026-06-03T11:59:38.986Z","level":"INFO","msg":"GET /api/activity → 304","duration":"0ms"}
{"ts":"2026-06-03T11:59:38.987Z","level":"INFO","msg":"GET /api/roadmaps → 304","duration":"0ms"}
{"ts":"2026-06-03T11:59:38.988Z","level":"INFO","msg":"GET /api/sessions → 304","duration":"1ms"}
{"ts":"2026-06-03T11:59:38.989Z","level":"INFO","msg":"GET /api/stats → 304","duration":"1ms"}
{"ts":"2026-06-03T11:59:38.989Z","level":"INFO","msg":"GET /api/activity → 304","duration":"0ms"}
{"ts":"2026-06-03T11:59:38.991Z","level":"INFO","msg":"GET /api/activity → 304","duration":"0ms"}
{"ts":"2026-06-03T11:59:47.957Z","level":"INFO","msg":"GET /api/roadmaps → 304","duration":"1ms"}
{"ts":"2026-06-03T11:59:47.957Z","level":"INFO","msg":"GET /api/activity → 304","duration":"1ms"}
{"ts":"2026-06-03T11:59:47.959Z","level":"INFO","msg":"GET /api/sessions → 304","duration":"1ms"}
{"ts":"2026-06-03T11:59:47.960Z","level":"INFO","msg":"GET /api/stats → 304","duration":"1ms"}
{"ts":"2026-06-03T11:59:47.960Z","level":"INFO","msg":"GET /api/auth/me → 304","duration":"0ms"}
{"ts":"2026-06-03T11:59:47.961Z","level":"INFO","msg":"GET /api/roadmaps → 304","duration":"0ms"}
{"ts":"2026-06-03T11:59:47.962Z","level":"INFO","msg":"GET /api/activity → 304","duration":"0ms"}
{"ts":"2026-06-03T11:59:47.963Z","level":"INFO","msg":"GET /api/sessions → 304","duration":"0ms"}
{"ts":"2026-06-03T11:59:47.966Z","level":"INFO","msg":"GET /api/stats → 304","duration":"2ms"}
{"ts":"2026-06-03T11:59:47.967Z","level":"INFO","msg":"GET /api/activity → 304","duration":"0ms"}
{"ts":"2026-06-03T11:59:47.970Z","level":"INFO","msg":"GET /api/activity → 304","duration":"1ms"}
{"ts":"2026-06-03T11:59:47.972Z","level":"INFO","msg":"GET /api/roadmaps → 304","duration":"1ms"}
{"ts":"2026-06-03T11:59:47.973Z","level":"INFO","msg":"GET /api/sessions → 304","duration":"1ms"}
{"ts":"2026-06-03T11:59:47.974Z","level":"INFO","msg":"GET /api/activity → 304","duration":"0ms"}
{"ts":"2026-06-03T11:59:47.975Z","level":"INFO","msg":"GET /api/stats → 304","duration":"0ms"}
{"ts":"2026-06-03T11:59:47.976Z","level":"INFO","msg":"GET /api/roadmaps → 304","duration":"0ms"}
{"ts":"2026-06-03T11:59:47.978Z","level":"INFO","msg":"GET /api/sessions → 304","duration":"1ms"}
{"ts":"2026-06-03T11:59:47.979Z","level":"INFO","msg":"GET /api/activity → 304","duration":"1ms"}
{"ts":"2026-06-03T11:59:47.980Z","level":"INFO","msg":"GET /api/stats → 304","duration":"1ms"}
{"ts":"2026-06-03T11:59:47.981Z","level":"INFO","msg":"GET /api/activity → 304","duration":"0ms"}
{"ts":"2026-06-03T11:59:47.983Z","level":"INFO","msg":"GET /api/activity → 304","duration":"0ms"}
{"ts":"2026-06-03T11:59:58.959Z","level":"INFO","msg":"GET /api/activity → 304","duration":"1ms"}
{"ts":"2026-06-03T11:59:58.960Z","level":"INFO","msg":"GET /api/sessions → 304","duration":"2ms"}
{"ts":"2026-06-03T11:59:58.961Z","level":"INFO","msg":"GET /api/roadmaps → 304","duration":"1ms"}
{"ts":"2026-06-03T11:59:58.961Z","level":"INFO","msg":"GET /api/stats → 304","duration":"0ms"}
{"ts":"2026-06-03T11:59:58.962Z","level":"INFO","msg":"GET /api/auth/me → 304","duration":"0ms"}
{"ts":"2026-06-03T11:59:58.963Z","level":"INFO","msg":"GET /api/activity → 304","duration":"1ms"}
{"ts":"2026-06-03T11:59:58.963Z","level":"INFO","msg":"GET /api/sessions → 304","duration":"0ms"}
{"ts":"2026-06-03T11:59:58.964Z","level":"INFO","msg":"GET /api/stats → 304","duration":"1ms"}
{"ts":"2026-06-03T11:59:58.965Z","level":"INFO","msg":"GET /api/roadmaps → 304","duration":"2ms"}
{"ts":"2026-06-03T11:59:58.966Z","level":"INFO","msg":"GET /api/activity → 304","duration":"1ms"}
{"ts":"2026-06-03T11:59:58.967Z","level":"INFO","msg":"GET /api/activity → 304","duration":"0ms"}
{"ts":"2026-06-03T11:59:58.969Z","level":"INFO","msg":"GET /api/activity → 304","duration":"0ms"}
{"ts":"2026-06-03T11:59:58.970Z","level":"INFO","msg":"GET /api/roadmaps → 304","duration":"1ms"}
{"ts":"2026-06-03T11:59:58.970Z","level":"INFO","msg":"GET /api/sessions → 304","duration":"0ms"}
{"ts":"2026-06-03T11:59:58.971Z","level":"INFO","msg":"GET /api/stats → 304","duration":"0ms"}
{"ts":"2026-06-03T11:59:58.972Z","level":"INFO","msg":"GET /api/activity → 304","duration":"1ms"}
{"ts":"2026-06-03T11:59:58.972Z","level":"INFO","msg":"GET /api/roadmaps → 304","duration":"0ms"}
{"ts":"2026-06-03T11:59:58.973Z","level":"INFO","msg":"GET /api/sessions → 304","duration":"1ms"}
{"ts":"2026-06-03T11:59:58.974Z","level":"INFO","msg":"GET /api/stats → 304","duration":"1ms"}
{"ts":"2026-06-03T11:59:58.974Z","level":"INFO","msg":"GET /api/activity → 304","duration":"0ms"}
{"ts":"2026-06-03T11:59:58.976Z","level":"INFO","msg":"GET /api/activity → 304","duration":"1ms"}
{"ts":"2026-06-03T12:00:18.969Z","level":"INFO","msg":"GET /api/activity → 304","duration":"0ms"}
{"ts":"2026-06-03T12:00:18.970Z","level":"INFO","msg":"GET /api/roadmaps → 304","duration":"1ms"}
{"ts":"2026-06-03T12:00:18.971Z","level":"INFO","msg":"GET /api/sessions → 304","duration":"1ms"}
{"ts":"2026-06-03T12:00:18.972Z","level":"INFO","msg":"GET /api/stats → 304","duration":"1ms"}
{"ts":"2026-06-03T12:00:18.973Z","level":"INFO","msg":"GET /api/auth/me → 304","duration":"1ms"}
{"ts":"2026-06-03T12:00:18.974Z","level":"INFO","msg":"GET /api/activity → 304","duration":"1ms"}
{"ts":"2026-06-03T12:00:18.975Z","level":"INFO","msg":"GET /api/roadmaps → 304","duration":"1ms"}
{"ts":"2026-06-03T12:00:18.975Z","level":"INFO","msg":"GET /api/sessions → 304","duration":"1ms"}
{"ts":"2026-06-03T12:00:18.976Z","level":"INFO","msg":"GET /api/stats → 304","duration":"0ms"}
{"ts":"2026-06-03T12:00:18.978Z","level":"INFO","msg":"GET /api/activity → 304","duration":"1ms"}
{"ts":"2026-06-03T12:00:18.980Z","level":"INFO","msg":"GET /api/activity → 304","duration":"0ms"}
{"ts":"2026-06-03T12:00:18.981Z","level":"INFO","msg":"GET /api/roadmaps → 304","duration":"0ms"}
{"ts":"2026-06-03T12:00:18.982Z","level":"INFO","msg":"GET /api/sessions → 304","duration":"0ms"}
{"ts":"2026-06-03T12:00:18.984Z","level":"INFO","msg":"GET /api/stats → 304","duration":"1ms"}
{"ts":"2026-06-03T12:00:18.985Z","level":"INFO","msg":"GET /api/activity → 304","duration":"1ms"}
{"ts":"2026-06-03T12:00:18.986Z","level":"INFO","msg":"GET /api/roadmaps → 304","duration":"1ms"}
{"ts":"2026-06-03T12:00:18.987Z","level":"INFO","msg":"GET /api/sessions → 304","duration":"1ms"}
{"ts":"2026-06-03T12:00:18.988Z","level":"INFO","msg":"GET /api/stats → 304","duration":"1ms"}
{"ts":"2026-06-03T12:00:18.988Z","level":"INFO","msg":"GET /api/activity → 304","duration":"0ms"}
{"ts":"2026-06-03T12:00:18.991Z","level":"INFO","msg":"GET /api/activity → 304","duration":"1ms"}
{"ts":"2026-06-03T12:00:18.993Z","level":"INFO","msg":"GET /api/activity → 304","duration":"1ms"}
{"ts":"2026-06-03T12:00:29.970Z","level":"INFO","msg":"GET /api/activity → 304","duration":"2ms"}
{"ts":"2026-06-03T12:00:29.971Z","level":"INFO","msg":"GET /api/roadmaps → 304","duration":"1ms"}
{"ts":"2026-06-03T12:00:29.973Z","level":"INFO","msg":"GET /api/sessions → 304","duration":"2ms"}
{"ts":"2026-06-03T12:00:29.974Z","level":"INFO","msg":"GET /api/stats → 304","duration":"1ms"}
{"ts":"2026-06-03T12:00:29.975Z","level":"INFO","msg":"GET /api/auth/me → 304","duration":"0ms"}
{"ts":"2026-06-03T12:00:29.977Z","level":"INFO","msg":"GET /api/activity → 304","duration":"2ms"}
{"ts":"2026-06-03T12:00:29.977Z","level":"INFO","msg":"GET /api/roadmaps → 304","duration":"1ms"}
{"ts":"2026-06-03T12:00:29.979Z","level":"INFO","msg":"GET /api/sessions → 304","duration":"1ms"}
{"ts":"2026-06-03T12:00:29.979Z","level":"INFO","msg":"GET /api/stats → 304","duration":"0ms"}
{"ts":"2026-06-03T12:00:29.980Z","level":"INFO","msg":"GET /api/activity → 304","duration":"1ms"}
{"ts":"2026-06-03T12:00:29.985Z","level":"INFO","msg":"GET /api/activity → 304","duration":"1ms"}
{"ts":"2026-06-03T12:00:29.990Z","level":"INFO","msg":"GET /api/activity → 304","duration":"1ms"}
{"ts":"2026-06-03T12:00:29.990Z","level":"INFO","msg":"GET /api/roadmaps → 304","duration":"1ms"}
{"ts":"2026-06-03T12:00:29.991Z","level":"INFO","msg":"GET /api/sessions → 304","duration":"1ms"}
{"ts":"2026-06-03T12:00:29.993Z","level":"INFO","msg":"GET /api/stats → 304","duration":"1ms"}
{"ts":"2026-06-03T12:00:29.997Z","level":"INFO","msg":"GET /api/activity → 304","duration":"1ms"}
{"ts":"2026-06-03T12:00:29.998Z","level":"INFO","msg":"GET /api/roadmaps → 304","duration":"2ms"}
{"ts":"2026-06-03T12:00:29.998Z","level":"INFO","msg":"GET /api/sessions → 304","duration":"2ms"}
{"ts":"2026-06-03T12:00:29.999Z","level":"INFO","msg":"GET /api/stats → 304","duration":"0ms"}
{"ts":"2026-06-03T12:00:30.000Z","level":"INFO","msg":"GET /api/activity → 304","duration":"1ms"}
{"ts":"2026-06-03T12:00:30.001Z","level":"INFO","msg":"GET /api/activity → 304","duration":"0ms"}
{"ts":"2026-06-03T12:00:39.965Z","level":"INFO","msg":"GET /api/activity → 304","duration":"1ms"}
{"ts":"2026-06-03T12:00:39.965Z","level":"INFO","msg":"GET /api/roadmaps → 304","duration":"1ms"}
{"ts":"2026-06-03T12:00:39.966Z","level":"INFO","msg":"GET /api/sessions → 304","duration":"0ms"}
{"ts":"2026-06-03T12:00:39.967Z","level":"INFO","msg":"GET /api/stats → 304","duration":"1ms"}
{"ts":"2026-06-03T12:00:39.967Z","level":"INFO","msg":"GET /api/auth/me → 304","duration":"0ms"}
{"ts":"2026-06-03T12:00:39.968Z","level":"INFO","msg":"GET /api/activity → 304","duration":"0ms"}
{"ts":"2026-06-03T12:00:39.969Z","level":"INFO","msg":"GET /api/roadmaps → 304","duration":"1ms"}
{"ts":"2026-06-03T12:00:39.969Z","level":"INFO","msg":"GET /api/sessions → 304","duration":"0ms"}
{"ts":"2026-06-03T12:00:39.970Z","level":"INFO","msg":"GET /api/stats → 304","duration":"0ms"}
{"ts":"2026-06-03T12:00:39.970Z","level":"INFO","msg":"GET /api/activity → 304","duration":"0ms"}
{"ts":"2026-06-03T12:00:39.972Z","level":"INFO","msg":"GET /api/activity → 304","duration":"1ms"}
{"ts":"2026-06-03T12:00:39.978Z","level":"INFO","msg":"GET /api/activity → 304","duration":"0ms"}
{"ts":"2026-06-03T12:00:39.979Z","level":"INFO","msg":"GET /api/sessions → 304","duration":"1ms"}
{"ts":"2026-06-03T12:00:39.980Z","level":"INFO","msg":"GET /api/roadmaps → 304","duration":"1ms"}
{"ts":"2026-06-03T12:00:39.981Z","level":"INFO","msg":"GET /api/stats → 304","duration":"1ms"}
{"ts":"2026-06-03T12:00:39.982Z","level":"INFO","msg":"GET /api/activity → 304","duration":"1ms"}
{"ts":"2026-06-03T12:00:39.982Z","level":"INFO","msg":"GET /api/sessions → 304","duration":"1ms"}
{"ts":"2026-06-03T12:00:39.983Z","level":"INFO","msg":"GET /api/roadmaps → 304","duration":"0ms"}
{"ts":"2026-06-03T12:00:39.984Z","level":"INFO","msg":"GET /api/stats → 304","duration":"1ms"}
{"ts":"2026-06-03T12:00:39.985Z","level":"INFO","msg":"GET /api/activity → 304","duration":"1ms"}
{"ts":"2026-06-03T12:00:39.987Z","level":"INFO","msg":"GET /api/activity → 304","duration":"1ms"}
{"ts":"2026-06-03T12:01:18.030Z","level":"INFO","msg":"GET /api/activity → 304","duration":"12ms"}
{"ts":"2026-06-03T12:01:18.032Z","level":"INFO","msg":"GET /api/roadmaps → 304","duration":"13ms"}
{"ts":"2026-06-03T12:01:18.047Z","level":"INFO","msg":"GET /api/stats → 304","duration":"28ms"}
{"ts":"2026-06-03T12:01:18.053Z","level":"INFO","msg":"GET /api/sessions → 304","duration":"34ms"}
{"ts":"2026-06-03T12:01:18.054Z","level":"INFO","msg":"GET /api/auth/me → 304","duration":"35ms"}
{"ts":"2026-06-03T12:01:18.071Z","level":"INFO","msg":"GET /api/activity → 304","duration":"14ms"}
{"ts":"2026-06-03T12:01:18.077Z","level":"INFO","msg":"GET /api/roadmaps → 304","duration":"2ms"}
{"ts":"2026-06-03T12:01:18.080Z","level":"INFO","msg":"GET /api/sessions → 304","duration":"4ms"}
{"ts":"2026-06-03T12:01:18.090Z","level":"INFO","msg":"GET /api/activity → 304","duration":"6ms"}
{"ts":"2026-06-03T12:01:18.095Z","level":"INFO","msg":"GET /api/stats → 304","duration":"6ms"}
{"ts":"2026-06-03T12:01:18.099Z","level":"INFO","msg":"GET /api/roadmaps → 304","duration":"0ms"}
{"ts":"2026-06-03T12:01:18.107Z","level":"INFO","msg":"GET /api/activity → 304","duration":"4ms"}
{"ts":"2026-06-03T12:01:18.111Z","level":"INFO","msg":"GET /api/stats → 304","duration":"1ms"}
{"ts":"2026-06-03T12:01:18.112Z","level":"INFO","msg":"GET /api/roadmaps → 304","duration":"2ms"}
{"ts":"2026-06-03T12:01:18.117Z","level":"INFO","msg":"GET /api/sessions → 304","duration":"5ms"}
{"ts":"2026-06-03T12:01:18.119Z","level":"INFO","msg":"GET /api/activity → 304","duration":"1ms"}
{"ts":"2026-06-03T12:01:18.123Z","level":"INFO","msg":"GET /api/stats → 304","duration":"5ms"}
{"ts":"2026-06-03T12:01:18.129Z","level":"INFO","msg":"GET /api/sessions → 304","duration":"1ms"}
{"ts":"2026-06-03T12:01:18.138Z","level":"INFO","msg":"GET /api/activity → 304","duration":"9ms"}
{"ts":"2026-06-03T12:01:18.164Z","level":"INFO","msg":"GET /api/activity → 304","duration":"1ms"}
{"ts":"2026-06-03T12:01:18.168Z","level":"INFO","msg":"GET /api/activity → 304","duration":"0ms"}
{"ts":"2026-06-03T12:01:40.126Z","level":"INFO","msg":"GET /api/auth/me → 304","duration":"3ms"}
{"ts":"2026-06-03T12:01:40.129Z","level":"INFO","msg":"GET /api/auth/me → 304","duration":"1ms"}
{"ts":"2026-06-03T12:01:40.143Z","level":"INFO","msg":"GET /api/roadmaps → 304","duration":"0ms"}
{"ts":"2026-06-03T12:01:40.144Z","level":"INFO","msg":"GET /api/activity → 304","duration":"1ms"}
{"ts":"2026-06-03T12:01:40.146Z","level":"INFO","msg":"GET /api/sessions → 304","duration":"1ms"}
{"ts":"2026-06-03T12:01:40.147Z","level":"INFO","msg":"GET /api/stats → 304","duration":"1ms"}
{"ts":"2026-06-03T12:01:40.148Z","level":"INFO","msg":"GET /api/roadmaps → 304","duration":"1ms"}
{"ts":"2026-06-03T12:01:40.149Z","level":"INFO","msg":"GET /api/activity → 304","duration":"1ms"}
{"ts":"2026-06-03T12:01:40.150Z","level":"INFO","msg":"GET /api/sessions → 304","duration":"2ms"}
{"ts":"2026-06-03T12:01:40.150Z","level":"INFO","msg":"GET /api/stats → 304","duration":"0ms"}
{"ts":"2026-06-03T12:01:40.151Z","level":"INFO","msg":"GET /api/roadmaps → 304","duration":"0ms"}
{"ts":"2026-06-03T12:01:40.152Z","level":"INFO","msg":"GET /api/activity → 304","duration":"1ms"}
{"ts":"2026-06-03T12:01:40.152Z","level":"INFO","msg":"GET /api/sessions → 304","duration":"1ms"}
{"ts":"2026-06-03T12:01:40.153Z","level":"INFO","msg":"GET /api/stats → 304","duration":"0ms"}
{"ts":"2026-06-03T12:01:40.154Z","level":"INFO","msg":"GET /api/roadmaps → 304","duration":"0ms"}
{"ts":"2026-06-03T12:01:40.155Z","level":"INFO","msg":"GET /api/activity → 304","duration":"1ms"}
{"ts":"2026-06-03T12:01:40.156Z","level":"INFO","msg":"GET /api/sessions → 304","duration":"1ms"}
{"ts":"2026-06-03T12:01:40.157Z","level":"INFO","msg":"GET /api/stats → 304","duration":"1ms"}
{"ts":"2026-06-03T12:01:40.158Z","level":"INFO","msg":"GET /api/activity → 304","duration":"1ms"}
{"ts":"2026-06-03T12:01:40.160Z","level":"INFO","msg":"GET /api/activity → 304","duration":"1ms"}
{"ts":"2026-06-03T12:01:40.162Z","level":"INFO","msg":"GET /api/activity → 304","duration":"1ms"}
{"ts":"2026-06-03T12:01:40.163Z","level":"INFO","msg":"GET /api/activity → 304","duration":"0ms"}
{"ts":"2026-06-03T12:01:51.974Z","level":"INFO","msg":"GET /api/users/starred → 200","duration":"2ms"}
{"ts":"2026-06-03T12:01:51.977Z","level":"INFO","msg":"GET /api/courses → 304","duration":"5ms"}
{"ts":"2026-06-03T12:01:51.984Z","level":"INFO","msg":"GET /api/community/leaderboard → 200","duration":"3ms"}
{"ts":"2026-06-03T12:01:51.986Z","level":"INFO","msg":"GET /api/users/starred → 304","duration":"1ms"}
{"ts":"2026-06-03T12:01:51.986Z","level":"INFO","msg":"GET /api/courses → 304","duration":"1ms"}
{"ts":"2026-06-03T12:01:51.988Z","level":"INFO","msg":"GET /api/community/leaderboard → 304","duration":"1ms"}
{"ts":"2026-06-03T12:01:51.989Z","level":"INFO","msg":"GET /api/users/enrollments → 200","duration":"1ms"}
{"ts":"2026-06-03T12:01:51.995Z","level":"INFO","msg":"GET /api/users/enrollments → 304","duration":"0ms"}
{"ts":"2026-06-03T12:02:27.972Z","level":"INFO","msg":"POST /api/users/starred → 200","duration":"2ms"}
{"ts":"2026-06-03T12:02:46.402Z","level":"INFO","msg":"GET /api/users/starred → 200","duration":"0ms"}
{"ts":"2026-06-03T12:02:46.404Z","level":"INFO","msg":"GET /api/courses → 304","duration":"1ms"}
{"ts":"2026-06-03T12:02:46.405Z","level":"INFO","msg":"GET /api/users/starred → 304","duration":"1ms"}
{"ts":"2026-06-03T12:02:46.407Z","level":"INFO","msg":"GET /api/courses → 304","duration":"1ms"}
{"ts":"2026-06-03T12:02:47.961Z","level":"INFO","msg":"GET /api/courses → 304","duration":"1ms"}
{"ts":"2026-06-03T12:02:47.963Z","level":"INFO","msg":"GET /api/roadmaps → 304","duration":"3ms"}
{"ts":"2026-06-03T12:02:47.965Z","level":"INFO","msg":"GET /api/community/threads → 200","duration":"2ms"}
{"ts":"2026-06-03T12:02:47.966Z","level":"INFO","msg":"GET /api/community/leaderboard → 304","duration":"1ms"}
{"ts":"2026-06-03T12:02:47.967Z","level":"INFO","msg":"GET /api/courses → 304","duration":"0ms"}
{"ts":"2026-06-03T12:02:47.968Z","level":"INFO","msg":"GET /api/roadmaps → 304","duration":"1ms"}
{"ts":"2026-06-03T12:02:47.968Z","level":"INFO","msg":"GET /api/community/threads → 304","duration":"0ms"}
{"ts":"2026-06-03T12:02:47.969Z","level":"INFO","msg":"GET /api/community/leaderboard → 304","duration":"0ms"}
{"ts":"2026-06-03T19:25:02.144Z","level":"INFO","msg":"GET /dashboard → 304","duration":"15ms"}
{"ts":"2026-06-03T19:25:02.214Z","level":"WARN","msg":"404 Not Found: GET /.well-known/appspecific/com.chrome.devtools.json"}
{"ts":"2026-06-03T19:25:02.219Z","level":"WARN","msg":"GET /.well-known/appspecific/com.chrome.devtools.json → 404","duration":"7ms"}
{"ts":"2026-06-03T19:25:02.219Z","level":"INFO","msg":"GET /assets/index-Cr-x2-iG.css → 304","duration":"0ms"}
{"ts":"2026-06-03T19:25:02.221Z","level":"INFO","msg":"GET /assets/index-GsneKUq5.js → 304","duration":"1ms"}
{"ts":"2026-06-03T19:25:02.251Z","level":"INFO","msg":"GET /api/auth/me → 304","duration":"4ms"}
{"ts":"2026-06-03T19:25:02.323Z","level":"INFO","msg":"GET /api/activity → 304","duration":"3ms"}
{"ts":"2026-06-03T19:25:02.324Z","level":"INFO","msg":"GET /api/roadmaps → 200","duration":"4ms"}
{"ts":"2026-06-03T19:25:02.325Z","level":"INFO","msg":"GET /api/sessions → 200","duration":"5ms"}
{"ts":"2026-06-03T19:25:02.328Z","level":"INFO","msg":"GET /api/stats → 200","duration":"2ms"}
{"ts":"2026-06-03T19:25:02.330Z","level":"INFO","msg":"GET /api/activity → 304","duration":"4ms"}
{"ts":"2026-06-03T19:25:08.378Z","level":"INFO","msg":"GET /api/roadmaps → 304","duration":"5ms"}
{"ts":"2026-06-03T19:25:08.386Z","level":"INFO","msg":"GET /api/roadmaps/rm-ml-engineer → 304","duration":"2ms"}
{"ts":"2026-06-03T19:25:09.313Z","level":"INFO","msg":"GET /api/sessions → 304","duration":"2ms"}
{"ts":"2026-06-03T19:25:09.329Z","level":"INFO","msg":"GET /api/sessions/sess-1780487740969 → 200","duration":"1ms"}
{"ts":"2026-06-03T19:28:19.057Z","level":"INFO","msg":"GET /api/auth/me → 304","duration":"7ms"}
{"ts":"2026-06-03T19:28:19.061Z","level":"INFO","msg":"GET /api/auth/me → 304","duration":"1ms"}
{"ts":"2026-06-03T19:28:19.143Z","level":"INFO","msg":"GET /api/activity → 304","duration":"1ms"}
{"ts":"2026-06-03T19:28:19.145Z","level":"INFO","msg":"GET /api/sessions → 304","duration":"3ms"}
{"ts":"2026-06-03T19:28:19.146Z","level":"INFO","msg":"GET /api/roadmaps → 304","duration":"1ms"}
{"ts":"2026-06-03T19:28:19.150Z","level":"INFO","msg":"GET /api/stats → 304","duration":"3ms"}
{"ts":"2026-06-03T19:28:19.152Z","level":"INFO","msg":"GET /api/activity → 304","duration":"2ms"}
{"ts":"2026-06-03T19:28:19.153Z","level":"INFO","msg":"GET /api/sessions → 304","duration":"1ms"}
{"ts":"2026-06-03T19:28:19.164Z","level":"INFO","msg":"GET /api/roadmaps → 304","duration":"7ms"}
{"ts":"2026-06-03T19:28:19.168Z","level":"INFO","msg":"GET /api/stats → 304","duration":"1ms"}
{"ts":"2026-06-03T19:28:19.176Z","level":"INFO","msg":"GET /api/activity → 304","duration":"1ms"}
{"ts":"2026-06-03T19:28:19.179Z","level":"INFO","msg":"GET /api/roadmaps → 304","duration":"2ms"}
{"ts":"2026-06-03T19:28:19.180Z","level":"INFO","msg":"GET /api/sessions → 304","duration":"3ms"}
{"ts":"2026-06-03T19:28:19.184Z","level":"INFO","msg":"GET /api/stats → 304","duration":"3ms"}
{"ts":"2026-06-03T19:28:19.188Z","level":"INFO","msg":"GET /api/activity → 304","duration":"2ms"}
{"ts":"2026-06-03T19:28:19.190Z","level":"INFO","msg":"GET /api/roadmaps → 304","duration":"1ms"}
{"ts":"2026-06-03T19:28:19.192Z","level":"INFO","msg":"GET /api/sessions → 304","duration":"1ms"}
{"ts":"2026-06-03T19:28:19.192Z","level":"INFO","msg":"GET /api/stats → 304","duration":"0ms"}
{"ts":"2026-06-03T19:28:19.193Z","level":"INFO","msg":"GET /api/activity → 304","duration":"0ms"}
{"ts":"2026-06-03T19:28:19.195Z","level":"INFO","msg":"GET /api/activity → 304","duration":"0ms"}
{"ts":"2026-06-03T19:28:19.197Z","level":"INFO","msg":"GET /api/activity → 304","duration":"0ms"}
{"ts":"2026-06-03T19:28:19.199Z","level":"INFO","msg":"GET /api/activity → 304","duration":"1ms"}
{"ts":"2026-06-03T19:28:20.259Z","level":"INFO","msg":"GET /api/auth/me → 304","duration":"2ms"}
{"ts":"2026-06-03T19:28:20.260Z","level":"INFO","msg":"GET /api/auth/me → 304","duration":"0ms"}
{"ts":"2026-06-03T19:28:20.280Z","level":"INFO","msg":"GET /api/activity → 304","duration":"0ms"}
{"ts":"2026-06-03T19:28:20.281Z","level":"INFO","msg":"GET /api/roadmaps → 304","duration":"1ms"}
{"ts":"2026-06-03T19:28:20.281Z","level":"INFO","msg":"GET /api/sessions → 304","duration":"0ms"}
{"ts":"2026-06-03T19:28:20.282Z","level":"INFO","msg":"GET /api/stats → 304","duration":"0ms"}
{"ts":"2026-06-03T19:28:20.283Z","level":"INFO","msg":"GET /api/activity → 304","duration":"0ms"}
{"ts":"2026-06-03T19:28:20.284Z","level":"INFO","msg":"GET /api/roadmaps → 304","duration":"1ms"}
{"ts":"2026-06-03T19:28:20.284Z","level":"INFO","msg":"GET /api/sessions → 304","duration":"1ms"}
{"ts":"2026-06-03T19:28:20.285Z","level":"INFO","msg":"GET /api/stats → 304","duration":"1ms"}
{"ts":"2026-06-03T19:28:20.285Z","level":"INFO","msg":"GET /api/activity → 304","duration":"0ms"}
{"ts":"2026-06-03T19:28:20.287Z","level":"INFO","msg":"GET /api/activity → 304","duration":"0ms"}
{"ts":"2026-06-03T19:28:20.289Z","level":"INFO","msg":"GET /api/roadmaps → 304","duration":"0ms"}
{"ts":"2026-06-03T19:28:20.290Z","level":"INFO","msg":"GET /api/sessions → 304","duration":"1ms"}
{"ts":"2026-06-03T19:28:20.291Z","level":"INFO","msg":"GET /api/stats → 304","duration":"1ms"}
{"ts":"2026-06-03T19:28:20.291Z","level":"INFO","msg":"GET /api/activity → 304","duration":"0ms"}
{"ts":"2026-06-03T19:28:20.292Z","level":"INFO","msg":"GET /api/roadmaps → 304","duration":"0ms"}
{"ts":"2026-06-03T19:28:20.293Z","level":"INFO","msg":"GET /api/sessions → 304","duration":"0ms"}
{"ts":"2026-06-03T19:28:20.294Z","level":"INFO","msg":"GET /api/stats → 304","duration":"1ms"}
{"ts":"2026-06-03T19:28:20.294Z","level":"INFO","msg":"GET /api/activity → 304","duration":"0ms"}
{"ts":"2026-06-03T19:28:20.296Z","level":"INFO","msg":"GET /api/activity → 304","duration":"0ms"}
{"ts":"2026-06-03T19:28:20.297Z","level":"INFO","msg":"GET /api/activity → 304","duration":"0ms"}
{"ts":"2026-06-03T19:28:32.567Z","level":"INFO","msg":"GET /api/auth/me → 304","duration":"1ms"}
{"ts":"2026-06-03T19:28:32.569Z","level":"INFO","msg":"GET /api/auth/me → 304","duration":"0ms"}
{"ts":"2026-06-03T19:28:32.586Z","level":"INFO","msg":"GET /api/activity → 304","duration":"1ms"}
{"ts":"2026-06-03T19:28:32.588Z","level":"INFO","msg":"GET /api/roadmaps → 304","duration":"3ms"}
{"ts":"2026-06-03T19:28:32.589Z","level":"INFO","msg":"GET /api/sessions → 304","duration":"1ms"}
{"ts":"2026-06-03T19:28:32.590Z","level":"INFO","msg":"GET /api/stats → 304","duration":"1ms"}
{"ts":"2026-06-03T19:28:32.591Z","level":"INFO","msg":"GET /api/activity → 304","duration":"1ms"}
{"ts":"2026-06-03T19:28:32.591Z","level":"INFO","msg":"GET /api/roadmaps → 304","duration":"1ms"}
{"ts":"2026-06-03T19:28:32.592Z","level":"INFO","msg":"GET /api/sessions → 304","duration":"1ms"}
{"ts":"2026-06-03T19:28:32.593Z","level":"INFO","msg":"GET /api/stats → 304","duration":"1ms"}
{"ts":"2026-06-03T19:28:32.593Z","level":"INFO","msg":"GET /api/activity → 304","duration":"1ms"}
{"ts":"2026-06-03T19:28:32.595Z","level":"INFO","msg":"GET /api/activity → 304","duration":"0ms"}
{"ts":"2026-06-03T19:28:32.597Z","level":"INFO","msg":"GET /api/roadmaps → 304","duration":"1ms"}
{"ts":"2026-06-03T19:28:32.597Z","level":"INFO","msg":"GET /api/sessions → 304","duration":"1ms"}
{"ts":"2026-06-03T19:28:32.598Z","level":"INFO","msg":"GET /api/stats → 304","duration":"1ms"}
{"ts":"2026-06-03T19:28:32.599Z","level":"INFO","msg":"GET /api/activity → 304","duration":"1ms"}
{"ts":"2026-06-03T19:28:32.599Z","level":"INFO","msg":"GET /api/roadmaps → 304","duration":"0ms"}
{"ts":"2026-06-03T19:28:32.600Z","level":"INFO","msg":"GET /api/sessions → 304","duration":"0ms"}
{"ts":"2026-06-03T19:28:32.600Z","level":"INFO","msg":"GET /api/stats → 304","duration":"0ms"}
{"ts":"2026-06-03T19:28:32.601Z","level":"INFO","msg":"GET /api/activity → 304","duration":"0ms"}
{"ts":"2026-06-03T19:28:32.603Z","level":"INFO","msg":"GET /api/activity → 304","duration":"1ms"}
{"ts":"2026-06-03T19:28:32.606Z","level":"INFO","msg":"GET /api/activity → 304","duration":"1ms"}
{"ts":"2026-06-03T19:28:44.548Z","level":"INFO","msg":"GET /api/assignments → 200","duration":"2ms"}
{"ts":"2026-06-03T19:28:44.551Z","level":"INFO","msg":"GET /api/assignments → 304","duration":"0ms"}
{"ts":"2026-06-03T19:28:45.545Z","level":"INFO","msg":"POST /api/assignments → 200","duration":"1ms"}
{"ts":"2026-06-03T19:28:45.551Z","level":"INFO","msg":"GET /api/assignments → 200","duration":"0ms"}
{"ts":"2026-06-03T19:29:18.529Z","level":"INFO","msg":"PATCH /api/assignments/a-1780514925545-amk → 200","duration":"2ms"}
{"ts":"2026-06-03T19:29:18.534Z","level":"INFO","msg":"GET /api/assignments → 200","duration":"1ms"}
{"ts":"2026-06-03T19:29:52.489Z","level":"INFO","msg":"GET /api/activity?limit=2 → 200","duration":"1ms"}
{"ts":"2026-06-03T19:31:35.741Z","level":"INFO","msg":"GET /api/auth/me → 200","duration":"1ms"}
{"ts":"2026-06-03T19:31:35.744Z","level":"INFO","msg":"GET /api/auth/me → 304","duration":"1ms"}
{"ts":"2026-06-03T19:31:35.757Z","level":"INFO","msg":"GET /api/activity → 200","duration":"1ms"}
{"ts":"2026-06-03T19:31:35.758Z","level":"INFO","msg":"GET /api/sessions → 304","duration":"2ms"}
{"ts":"2026-06-03T19:31:35.758Z","level":"INFO","msg":"GET /api/roadmaps → 304","duration":"1ms"}
{"ts":"2026-06-03T19:31:35.759Z","level":"INFO","msg":"GET /api/flashcards/due → 200","duration":"1ms"}
{"ts":"2026-06-03T19:31:35.760Z","level":"INFO","msg":"GET /api/stats → 200","duration":"1ms"}
{"ts":"2026-06-03T19:31:35.761Z","level":"INFO","msg":"GET /api/assignments → 304","duration":"2ms"}
{"ts":"2026-06-03T19:31:35.761Z","level":"INFO","msg":"GET /api/activity → 304","duration":"1ms"}
{"ts":"2026-06-03T19:31:35.762Z","level":"INFO","msg":"GET /api/sessions → 304","duration":"0ms"}
{"ts":"2026-06-03T19:31:35.763Z","level":"INFO","msg":"GET /api/roadmaps → 304","duration":"0ms"}
{"ts":"2026-06-03T19:31:35.764Z","level":"INFO","msg":"GET /api/flashcards/due → 200","duration":"1ms"}
{"ts":"2026-06-03T19:31:35.764Z","level":"INFO","msg":"GET /api/stats → 304","duration":"0ms"}
{"ts":"2026-06-03T19:31:35.765Z","level":"INFO","msg":"GET /api/assignments → 304","duration":"1ms"}
{"ts":"2026-06-03T19:31:35.765Z","level":"INFO","msg":"GET /api/activity → 304","duration":"0ms"}
{"ts":"2026-06-03T19:31:35.766Z","level":"INFO","msg":"GET /api/sessions → 304","duration":"0ms"}
{"ts":"2026-06-03T19:31:35.766Z","level":"INFO","msg":"GET /api/roadmaps → 304","duration":"0ms"}
{"ts":"2026-06-03T19:31:35.767Z","level":"INFO","msg":"GET /api/flashcards/due → 200","duration":"0ms"}
{"ts":"2026-06-03T19:31:35.768Z","level":"INFO","msg":"GET /api/stats → 304","duration":"1ms"}
{"ts":"2026-06-03T19:31:35.768Z","level":"INFO","msg":"GET /api/assignments → 304","duration":"1ms"}
{"ts":"2026-06-03T19:31:35.769Z","level":"INFO","msg":"GET /api/activity → 304","duration":"1ms"}
{"ts":"2026-06-03T19:31:35.771Z","level":"INFO","msg":"GET /api/sessions → 304","duration":"2ms"}
{"ts":"2026-06-03T19:31:35.772Z","level":"INFO","msg":"GET /api/flashcards/due → 200","duration":"3ms"}
{"ts":"2026-06-03T19:31:35.773Z","level":"INFO","msg":"GET /api/roadmaps → 304","duration":"1ms"}
{"ts":"2026-06-03T19:31:35.773Z","level":"INFO","msg":"GET /api/stats → 304","duration":"0ms"}
{"ts":"2026-06-03T19:31:35.774Z","level":"INFO","msg":"GET /api/assignments → 304","duration":"1ms"}
{"ts":"2026-06-03T19:31:35.774Z","level":"INFO","msg":"GET /api/activity → 304","duration":"0ms"}
{"ts":"2026-06-03T19:31:35.775Z","level":"INFO","msg":"GET /api/activity → 304","duration":"0ms"}
{"ts":"2026-06-03T19:31:35.776Z","level":"INFO","msg":"GET /api/activity → 304","duration":"0ms"}
{"ts":"2026-06-03T19:31:35.780Z","level":"INFO","msg":"GET /api/activity → 304","duration":"0ms"}
{"ts":"2026-06-03T19:31:41.741Z","level":"INFO","msg":"GET /api/auth/me → 304","duration":"1ms"}
{"ts":"2026-06-03T19:31:41.743Z","level":"INFO","msg":"GET /api/auth/me → 304","duration":"1ms"}
{"ts":"2026-06-03T19:31:41.758Z","level":"INFO","msg":"GET /api/activity → 304","duration":"1ms"}
{"ts":"2026-06-03T19:31:41.759Z","level":"INFO","msg":"GET /api/roadmaps → 304","duration":"1ms"}
{"ts":"2026-06-03T19:31:41.759Z","level":"INFO","msg":"GET /api/sessions → 304","duration":"1ms"}
{"ts":"2026-06-03T19:31:41.760Z","level":"INFO","msg":"GET /api/stats → 304","duration":"0ms"}
{"ts":"2026-06-03T19:31:41.761Z","level":"INFO","msg":"GET /api/assignments → 304","duration":"0ms"}
{"ts":"2026-06-03T19:31:41.764Z","level":"INFO","msg":"GET /api/flashcards/due → 200","duration":"1ms"}
{"ts":"2026-06-03T19:31:41.765Z","level":"INFO","msg":"GET /api/activity → 304","duration":"1ms"}
{"ts":"2026-06-03T19:31:41.765Z","level":"INFO","msg":"GET /api/roadmaps → 304","duration":"1ms"}
{"ts":"2026-06-03T19:31:41.766Z","level":"INFO","msg":"GET /api/sessions → 304","duration":"1ms"}
{"ts":"2026-06-03T19:31:41.767Z","level":"INFO","msg":"GET /api/stats → 304","duration":"1ms"}
{"ts":"2026-06-03T19:31:41.767Z","level":"INFO","msg":"GET /api/assignments → 304","duration":"0ms"}
{"ts":"2026-06-03T19:31:41.768Z","level":"INFO","msg":"GET /api/flashcards/due → 200","duration":"0ms"}
{"ts":"2026-06-03T19:31:41.770Z","level":"INFO","msg":"GET /api/activity → 304","duration":"2ms"}
{"ts":"2026-06-03T19:31:41.772Z","level":"INFO","msg":"GET /api/roadmaps → 304","duration":"1ms"}
{"ts":"2026-06-03T19:31:41.773Z","level":"INFO","msg":"GET /api/sessions → 304","duration":"0ms"}
{"ts":"2026-06-03T19:31:41.774Z","level":"INFO","msg":"GET /api/stats → 304","duration":"1ms"}
{"ts":"2026-06-03T19:31:41.775Z","level":"INFO","msg":"GET /api/assignments → 304","duration":"1ms"}
{"ts":"2026-06-03T19:31:41.776Z","level":"INFO","msg":"GET /api/flashcards/due → 200","duration":"1ms"}
{"ts":"2026-06-03T19:31:41.776Z","level":"INFO","msg":"GET /api/activity → 304","duration":"1ms"}
{"ts":"2026-06-03T19:31:41.778Z","level":"INFO","msg":"GET /api/roadmaps → 304","duration":"2ms"}
{"ts":"2026-06-03T19:31:41.778Z","level":"INFO","msg":"GET /api/sessions → 304","duration":"1ms"}
{"ts":"2026-06-03T19:31:41.779Z","level":"INFO","msg":"GET /api/stats → 304","duration":"1ms"}
{"ts":"2026-06-03T19:31:41.779Z","level":"INFO","msg":"GET /api/assignments → 304","duration":"0ms"}
{"ts":"2026-06-03T19:31:41.780Z","level":"INFO","msg":"GET /api/flashcards/due → 200","duration":"0ms"}
{"ts":"2026-06-03T19:31:41.781Z","level":"INFO","msg":"GET /api/activity → 304","duration":"1ms"}
{"ts":"2026-06-03T19:31:41.783Z","level":"INFO","msg":"GET /api/activity → 304","duration":"0ms"}
{"ts":"2026-06-03T19:31:41.784Z","level":"INFO","msg":"GET /api/activity → 304","duration":"0ms"}
{"ts":"2026-06-03T19:31:41.787Z","level":"INFO","msg":"GET /api/activity → 304","duration":"1ms"}
{"ts":"2026-06-03T19:31:55.761Z","level":"INFO","msg":"GET /api/auth/me → 304","duration":"0ms"}
{"ts":"2026-06-03T19:31:55.762Z","level":"INFO","msg":"GET /api/auth/me → 304","duration":"0ms"}
{"ts":"2026-06-03T19:31:55.777Z","level":"INFO","msg":"GET /api/activity → 304","duration":"1ms"}
{"ts":"2026-06-03T19:31:55.778Z","level":"INFO","msg":"GET /api/roadmaps → 304","duration":"1ms"}
{"ts":"2026-06-03T19:31:55.779Z","level":"INFO","msg":"GET /api/sessions → 304","duration":"1ms"}
{"ts":"2026-06-03T19:31:55.779Z","level":"INFO","msg":"GET /api/stats → 304","duration":"0ms"}
{"ts":"2026-06-03T19:31:55.780Z","level":"INFO","msg":"GET /api/assignments → 304","duration":"1ms"}
{"ts":"2026-06-03T19:31:55.781Z","level":"INFO","msg":"GET /api/flashcards/due → 200","duration":"1ms"}
{"ts":"2026-06-03T19:31:55.782Z","level":"INFO","msg":"GET /api/activity → 304","duration":"1ms"}
{"ts":"2026-06-03T19:31:55.783Z","level":"INFO","msg":"GET /api/roadmaps → 304","duration":"1ms"}
{"ts":"2026-06-03T19:31:55.783Z","level":"INFO","msg":"GET /api/sessions → 304","duration":"0ms"}
{"ts":"2026-06-03T19:31:55.784Z","level":"INFO","msg":"GET /api/stats → 304","duration":"1ms"}
{"ts":"2026-06-03T19:31:55.784Z","level":"INFO","msg":"GET /api/assignments → 304","duration":"0ms"}
{"ts":"2026-06-03T19:31:55.786Z","level":"INFO","msg":"GET /api/flashcards/due → 200","duration":"1ms"}
{"ts":"2026-06-03T19:31:55.787Z","level":"INFO","msg":"GET /api/activity → 304","duration":"1ms"}
{"ts":"2026-06-03T19:31:55.788Z","level":"INFO","msg":"GET /api/roadmaps → 304","duration":"1ms"}
{"ts":"2026-06-03T19:31:55.789Z","level":"INFO","msg":"GET /api/sessions → 304","duration":"2ms"}
{"ts":"2026-06-03T19:31:55.790Z","level":"INFO","msg":"GET /api/stats → 304","duration":"1ms"}
{"ts":"2026-06-03T19:31:55.790Z","level":"INFO","msg":"GET /api/assignments → 304","duration":"0ms"}
{"ts":"2026-06-03T19:31:55.791Z","level":"INFO","msg":"GET /api/flashcards/due → 200","duration":"1ms"}
{"ts":"2026-06-03T19:31:55.792Z","level":"INFO","msg":"GET /api/activity → 304","duration":"2ms"}
{"ts":"2026-06-03T19:31:55.792Z","level":"INFO","msg":"GET /api/roadmaps → 304","duration":"1ms"}
{"ts":"2026-06-03T19:31:55.793Z","level":"INFO","msg":"GET /api/sessions → 304","duration":"0ms"}
{"ts":"2026-06-03T19:31:55.794Z","level":"INFO","msg":"GET /api/stats → 304","duration":"1ms"}
{"ts":"2026-06-03T19:31:55.794Z","level":"INFO","msg":"GET /api/assignments → 304","duration":"0ms"}
{"ts":"2026-06-03T19:31:55.795Z","level":"INFO","msg":"GET /api/flashcards/due → 200","duration":"1ms"}
{"ts":"2026-06-03T19:31:55.795Z","level":"INFO","msg":"GET /api/activity → 304","duration":"0ms"}
{"ts":"2026-06-03T19:31:55.797Z","level":"INFO","msg":"GET /api/activity → 304","duration":"0ms"}
{"ts":"2026-06-03T19:31:55.799Z","level":"INFO","msg":"GET /api/activity → 304","duration":"1ms"}
{"ts":"2026-06-03T19:31:55.800Z","level":"INFO","msg":"GET /api/activity → 304","duration":"0ms"}
{"ts":"2026-06-03T19:32:05.745Z","level":"INFO","msg":"GET /api/auth/me → 304","duration":"0ms"}
{"ts":"2026-06-03T19:32:05.747Z","level":"INFO","msg":"GET /api/auth/me → 304","duration":"0ms"}
{"ts":"2026-06-03T19:32:05.759Z","level":"INFO","msg":"GET /api/activity → 304","duration":"0ms"}
{"ts":"2026-06-03T19:32:05.760Z","level":"INFO","msg":"GET /api/roadmaps → 304","duration":"0ms"}
{"ts":"2026-06-03T19:32:05.761Z","level":"INFO","msg":"GET /api/sessions → 304","duration":"1ms"}
{"ts":"2026-06-03T19:32:05.762Z","level":"INFO","msg":"GET /api/stats → 304","duration":"2ms"}
{"ts":"2026-06-03T19:32:05.762Z","level":"INFO","msg":"GET /api/assignments → 304","duration":"0ms"}
{"ts":"2026-06-03T19:32:05.763Z","level":"INFO","msg":"GET /api/flashcards/due → 200","duration":"1ms"}
{"ts":"2026-06-03T19:32:05.764Z","level":"INFO","msg":"GET /api/activity → 304","duration":"0ms"}
{"ts":"2026-06-03T19:32:05.765Z","level":"INFO","msg":"GET /api/roadmaps → 304","duration":"0ms"}
{"ts":"2026-06-03T19:32:05.766Z","level":"INFO","msg":"GET /api/sessions → 304","duration":"0ms"}
{"ts":"2026-06-03T19:32:05.767Z","level":"INFO","msg":"GET /api/stats → 304","duration":"1ms"}
{"ts":"2026-06-03T19:32:05.767Z","level":"INFO","msg":"GET /api/assignments → 304","duration":"0ms"}
{"ts":"2026-06-03T19:32:05.768Z","level":"INFO","msg":"GET /api/flashcards/due → 200","duration":"0ms"}
{"ts":"2026-06-03T19:32:05.769Z","level":"INFO","msg":"GET /api/activity → 304","duration":"1ms"}
{"ts":"2026-06-03T19:32:05.771Z","level":"INFO","msg":"GET /api/roadmaps → 304","duration":"0ms"}
{"ts":"2026-06-03T19:32:05.772Z","level":"INFO","msg":"GET /api/sessions → 304","duration":"1ms"}
{"ts":"2026-06-03T19:32:05.773Z","level":"INFO","msg":"GET /api/stats → 304","duration":"1ms"}
{"ts":"2026-06-03T19:32:05.773Z","level":"INFO","msg":"GET /api/assignments → 304","duration":"0ms"}
{"ts":"2026-06-03T19:32:05.774Z","level":"INFO","msg":"GET /api/flashcards/due → 200","duration":"0ms"}
{"ts":"2026-06-03T19:32:05.775Z","level":"INFO","msg":"GET /api/activity → 304","duration":"1ms"}
{"ts":"2026-06-03T19:32:05.775Z","level":"INFO","msg":"GET /api/roadmaps → 304","duration":"0ms"}
{"ts":"2026-06-03T19:32:05.776Z","level":"INFO","msg":"GET /api/sessions → 304","duration":"1ms"}
{"ts":"2026-06-03T19:32:05.776Z","level":"INFO","msg":"GET /api/stats → 304","duration":"0ms"}
{"ts":"2026-06-03T19:32:05.777Z","level":"INFO","msg":"GET /api/assignments → 304","duration":"0ms"}
{"ts":"2026-06-03T19:32:05.777Z","level":"INFO","msg":"GET /api/flashcards/due → 200","duration":"0ms"}
{"ts":"2026-06-03T19:32:05.778Z","level":"INFO","msg":"GET /api/activity → 304","duration":"0ms"}
{"ts":"2026-06-03T19:32:05.780Z","level":"INFO","msg":"GET /api/activity → 304","duration":"1ms"}
{"ts":"2026-06-03T19:32:05.781Z","level":"INFO","msg":"GET /api/activity → 304","duration":"0ms"}
{"ts":"2026-06-03T19:32:05.783Z","level":"INFO","msg":"GET /api/activity → 304","duration":"1ms"}
{"ts":"2026-06-03T19:32:16.753Z","level":"INFO","msg":"GET /api/auth/me → 304","duration":"1ms"}
{"ts":"2026-06-03T19:32:16.754Z","level":"INFO","msg":"GET /api/auth/me → 304","duration":"0ms"}
{"ts":"2026-06-03T19:32:16.767Z","level":"INFO","msg":"GET /api/activity → 304","duration":"0ms"}
{"ts":"2026-06-03T19:32:16.768Z","level":"INFO","msg":"GET /api/roadmaps → 304","duration":"0ms"}
{"ts":"2026-06-03T19:32:16.768Z","level":"INFO","msg":"GET /api/sessions → 304","duration":"0ms"}
{"ts":"2026-06-03T19:32:16.770Z","level":"INFO","msg":"GET /api/stats → 304","duration":"1ms"}
{"ts":"2026-06-03T19:32:16.771Z","level":"INFO","msg":"GET /api/assignments → 304","duration":"0ms"}
{"ts":"2026-06-03T19:32:16.773Z","level":"INFO","msg":"GET /api/flashcards/due → 200","duration":"1ms"}
{"ts":"2026-06-03T19:32:16.774Z","level":"INFO","msg":"GET /api/activity → 304","duration":"1ms"}
{"ts":"2026-06-03T19:32:16.775Z","level":"INFO","msg":"GET /api/roadmaps → 304","duration":"1ms"}
{"ts":"2026-06-03T19:32:16.775Z","level":"INFO","msg":"GET /api/sessions → 304","duration":"0ms"}
{"ts":"2026-06-03T19:32:16.776Z","level":"INFO","msg":"GET /api/stats → 304","duration":"1ms"}
{"ts":"2026-06-03T19:32:16.776Z","level":"INFO","msg":"GET /api/assignments → 304","duration":"0ms"}
{"ts":"2026-06-03T19:32:16.777Z","level":"INFO","msg":"GET /api/flashcards/due → 200","duration":"1ms"}
{"ts":"2026-06-03T19:32:16.777Z","level":"INFO","msg":"GET /api/activity → 304","duration":"0ms"}
{"ts":"2026-06-03T19:32:16.778Z","level":"INFO","msg":"GET /api/roadmaps → 304","duration":"1ms"}
{"ts":"2026-06-03T19:32:16.778Z","level":"INFO","msg":"GET /api/sessions → 304","duration":"1ms"}
{"ts":"2026-06-03T19:32:16.779Z","level":"INFO","msg":"GET /api/stats → 304","duration":"0ms"}
{"ts":"2026-06-03T19:32:16.780Z","level":"INFO","msg":"GET /api/assignments → 304","duration":"0ms"}
{"ts":"2026-06-03T19:32:16.781Z","level":"INFO","msg":"GET /api/flashcards/due → 200","duration":"1ms"}
{"ts":"2026-06-03T19:32:16.782Z","level":"INFO","msg":"GET /api/activity → 304","duration":"1ms"}
{"ts":"2026-06-03T19:32:16.782Z","level":"INFO","msg":"GET /api/roadmaps → 304","duration":"0ms"}
{"ts":"2026-06-03T19:32:16.783Z","level":"INFO","msg":"GET /api/sessions → 304","duration":"0ms"}
{"ts":"2026-06-03T19:32:16.784Z","level":"INFO","msg":"GET /api/stats → 304","duration":"1ms"}
{"ts":"2026-06-03T19:32:16.784Z","level":"INFO","msg":"GET /api/assignments → 304","duration":"0ms"}
{"ts":"2026-06-03T19:32:16.785Z","level":"INFO","msg":"GET /api/flashcards/due → 200","duration":"1ms"}
{"ts":"2026-06-03T19:32:16.786Z","level":"INFO","msg":"GET /api/activity → 304","duration":"1ms"}
{"ts":"2026-06-03T19:32:16.789Z","level":"INFO","msg":"GET /api/activity → 304","duration":"1ms"}
{"ts":"2026-06-03T19:32:16.790Z","level":"INFO","msg":"GET /api/activity → 304","duration":"1ms"}
{"ts":"2026-06-03T19:32:16.791Z","level":"INFO","msg":"GET /api/activity → 304","duration":"0ms"}
{"ts":"2026-06-03T19:33:01.933Z","level":"INFO","msg":"GET /api/flashcards/due → 200","duration":"7ms"}
{"ts":"2026-06-03T19:33:01.970Z","level":"INFO","msg":"GET /api/sessions → 200","duration":"2ms"}
{"ts":"2026-06-03T19:33:02.000Z","level":"INFO","msg":"PATCH /api/sessions/sess-1780487740969 → 200","duration":"1ms"}
{"ts":"2026-06-03T19:33:02.008Z","level":"INFO","msg":"GET /api/flashcards/due → 200","duration":"1ms"}
{"ts":"2026-06-03T19:33:15.233Z","level":"INFO","msg":"GET /api/auth/me → 200","duration":"1ms"}
{"ts":"2026-06-03T19:33:15.235Z","level":"INFO","msg":"GET /api/auth/me → 304","duration":"1ms"}
{"ts":"2026-06-03T19:33:15.250Z","level":"INFO","msg":"GET /api/activity → 200","duration":"1ms"}
{"ts":"2026-06-03T19:33:15.253Z","level":"INFO","msg":"GET /api/roadmaps → 200","duration":"2ms"}
{"ts":"2026-06-03T19:33:15.255Z","level":"INFO","msg":"GET /api/sessions → 200","duration":"3ms"}
{"ts":"2026-06-03T19:33:15.257Z","level":"INFO","msg":"GET /api/stats → 200","duration":"1ms"}
{"ts":"2026-06-03T19:33:15.258Z","level":"INFO","msg":"GET /api/flashcards/due → 200","duration":"1ms"}
{"ts":"2026-06-03T19:33:15.259Z","level":"INFO","msg":"GET /api/assignments → 304","duration":"1ms"}
{"ts":"2026-06-03T19:33:15.259Z","level":"INFO","msg":"GET /api/activity → 304","duration":"0ms"}
{"ts":"2026-06-03T19:33:15.260Z","level":"INFO","msg":"GET /api/roadmaps → 304","duration":"0ms"}
{"ts":"2026-06-03T19:33:15.261Z","level":"INFO","msg":"GET /api/sessions → 304","duration":"0ms"}
{"ts":"2026-06-03T19:33:15.262Z","level":"INFO","msg":"GET /api/stats → 304","duration":"1ms"}
{"ts":"2026-06-03T19:33:15.262Z","level":"INFO","msg":"GET /api/flashcards/due → 200","duration":"0ms"}
{"ts":"2026-06-03T19:33:15.263Z","level":"INFO","msg":"GET /api/assignments → 304","duration":"0ms"}
{"ts":"2026-06-03T19:33:15.264Z","level":"INFO","msg":"GET /api/activity → 304","duration":"0ms"}
{"ts":"2026-06-03T19:33:15.265Z","level":"INFO","msg":"GET /api/roadmaps → 304","duration":"1ms"}
{"ts":"2026-06-03T19:33:15.266Z","level":"INFO","msg":"GET /api/sessions → 304","duration":"1ms"}
{"ts":"2026-06-03T19:33:15.267Z","level":"INFO","msg":"GET /api/stats → 304","duration":"1ms"}
{"ts":"2026-06-03T19:33:15.268Z","level":"INFO","msg":"GET /api/flashcards/due → 200","duration":"1ms"}
{"ts":"2026-06-03T19:33:15.268Z","level":"INFO","msg":"GET /api/assignments → 304","duration":"1ms"}
{"ts":"2026-06-03T19:33:15.269Z","level":"INFO","msg":"GET /api/activity → 304","duration":"1ms"}
{"ts":"2026-06-03T19:33:15.270Z","level":"INFO","msg":"GET /api/roadmaps → 304","duration":"2ms"}
{"ts":"2026-06-03T19:33:15.270Z","level":"INFO","msg":"GET /api/sessions → 304","duration":"0ms"}
{"ts":"2026-06-03T19:33:15.271Z","level":"INFO","msg":"GET /api/stats → 304","duration":"0ms"}
{"ts":"2026-06-03T19:33:15.271Z","level":"INFO","msg":"GET /api/flashcards/due → 200","duration":"0ms"}
{"ts":"2026-06-03T19:33:15.272Z","level":"INFO","msg":"GET /api/assignments → 304","duration":"1ms"}
{"ts":"2026-06-03T19:33:15.272Z","level":"INFO","msg":"GET /api/activity → 304","duration":"0ms"}
{"ts":"2026-06-03T19:33:15.274Z","level":"INFO","msg":"GET /api/activity → 304","duration":"0ms"}
{"ts":"2026-06-03T19:33:15.275Z","level":"INFO","msg":"GET /api/activity → 304","duration":"0ms"}
{"ts":"2026-06-03T19:33:15.276Z","level":"INFO","msg":"GET /api/activity → 304","duration":"0ms"}
{"ts":"2026-06-03T19:33:59.735Z","level":"INFO","msg":"GET /api/auth/me → 304","duration":"1ms"}
{"ts":"2026-06-03T19:33:59.737Z","level":"INFO","msg":"GET /api/auth/me → 304","duration":"0ms"}
{"ts":"2026-06-03T19:33:59.750Z","level":"INFO","msg":"GET /api/activity → 304","duration":"0ms"}
{"ts":"2026-06-03T19:33:59.751Z","level":"INFO","msg":"GET /api/sessions → 304","duration":"1ms"}
{"ts":"2026-06-03T19:33:59.752Z","level":"INFO","msg":"GET /api/roadmaps → 304","duration":"2ms"}
{"ts":"2026-06-03T19:33:59.753Z","level":"INFO","msg":"GET /api/stats → 304","duration":"1ms"}
{"ts":"2026-06-03T19:33:59.753Z","level":"INFO","msg":"GET /api/assignments → 304","duration":"0ms"}
{"ts":"2026-06-03T19:33:59.755Z","level":"INFO","msg":"GET /api/flashcards/due → 200","duration":"1ms"}
{"ts":"2026-06-03T19:33:59.756Z","level":"INFO","msg":"GET /api/activity → 304","duration":"1ms"}
{"ts":"2026-06-03T19:33:59.757Z","level":"INFO","msg":"GET /api/sessions → 304","duration":"1ms"}
{"ts":"2026-06-03T19:33:59.757Z","level":"INFO","msg":"GET /api/roadmaps → 304","duration":"0ms"}
{"ts":"2026-06-03T19:33:59.758Z","level":"INFO","msg":"GET /api/stats → 304","duration":"0ms"}
{"ts":"2026-06-03T19:33:59.759Z","level":"INFO","msg":"GET /api/assignments → 304","duration":"1ms"}
{"ts":"2026-06-03T19:33:59.759Z","level":"INFO","msg":"GET /api/flashcards/due → 200","duration":"0ms"}
{"ts":"2026-06-03T19:33:59.760Z","level":"INFO","msg":"GET /api/activity → 304","duration":"0ms"}
{"ts":"2026-06-03T19:33:59.760Z","level":"INFO","msg":"GET /api/sessions → 304","duration":"0ms"}
{"ts":"2026-06-03T19:33:59.761Z","level":"INFO","msg":"GET /api/roadmaps → 304","duration":"0ms"}
{"ts":"2026-06-03T19:33:59.762Z","level":"INFO","msg":"GET /api/stats → 304","duration":"1ms"}
{"ts":"2026-06-03T19:33:59.762Z","level":"INFO","msg":"GET /api/assignments → 304","duration":"0ms"}
{"ts":"2026-06-03T19:33:59.763Z","level":"INFO","msg":"GET /api/flashcards/due → 200","duration":"1ms"}
{"ts":"2026-06-03T19:33:59.763Z","level":"INFO","msg":"GET /api/activity → 304","duration":"0ms"}
{"ts":"2026-06-03T19:33:59.764Z","level":"INFO","msg":"GET /api/sessions → 304","duration":"1ms"}
{"ts":"2026-06-03T19:33:59.764Z","level":"INFO","msg":"GET /api/roadmaps → 304","duration":"0ms"}
{"ts":"2026-06-03T19:33:59.765Z","level":"INFO","msg":"GET /api/stats → 304","duration":"0ms"}
{"ts":"2026-06-03T19:33:59.766Z","level":"INFO","msg":"GET /api/assignments → 304","duration":"1ms"}
{"ts":"2026-06-03T19:33:59.766Z","level":"INFO","msg":"GET /api/flashcards/due → 200","duration":"0ms"}
{"ts":"2026-06-03T19:33:59.766Z","level":"INFO","msg":"GET /api/activity → 304","duration":"0ms"}
{"ts":"2026-06-03T19:33:59.767Z","level":"INFO","msg":"GET /api/activity → 304","duration":"0ms"}
{"ts":"2026-06-03T19:33:59.768Z","level":"INFO","msg":"GET /api/activity → 304","duration":"0ms"}
{"ts":"2026-06-03T19:33:59.769Z","level":"INFO","msg":"GET /api/activity → 304","duration":"0ms"}
{"ts":"2026-06-03T19:34:06.643Z","level":"INFO","msg":"GET /api/activity → 304","duration":"2ms"}
{"ts":"2026-06-03T19:34:06.644Z","level":"INFO","msg":"GET /api/roadmaps → 304","duration":"2ms"}
{"ts":"2026-06-03T19:34:06.645Z","level":"INFO","msg":"GET /api/sessions → 304","duration":"3ms"}
{"ts":"2026-06-03T19:34:06.647Z","level":"INFO","msg":"GET /api/assignments → 304","duration":"1ms"}
{"ts":"2026-06-03T19:34:06.648Z","level":"INFO","msg":"GET /api/stats → 304","duration":"1ms"}
{"ts":"2026-06-03T19:34:06.649Z","level":"INFO","msg":"GET /api/flashcards/due → 200","duration":"1ms"}
{"ts":"2026-06-03T19:34:06.650Z","level":"INFO","msg":"GET /api/auth/me → 304","duration":"1ms"}
{"ts":"2026-06-03T19:34:06.650Z","level":"INFO","msg":"GET /api/activity → 304","duration":"1ms"}
{"ts":"2026-06-03T19:34:06.651Z","level":"INFO","msg":"GET /api/roadmaps → 304","duration":"1ms"}
{"ts":"2026-06-03T19:34:06.653Z","level":"INFO","msg":"GET /api/sessions → 304","duration":"1ms"}
{"ts":"2026-06-03T19:34:06.656Z","level":"INFO","msg":"GET /api/stats → 304","duration":"3ms"}
{"ts":"2026-06-03T19:34:06.658Z","level":"INFO","msg":"GET /api/activity → 304","duration":"4ms"}
{"ts":"2026-06-03T19:34:06.660Z","level":"INFO","msg":"GET /api/activity → 304","duration":"0ms"}
{"ts":"2026-06-03T19:34:06.666Z","level":"INFO","msg":"GET /api/activity → 304","duration":"0ms"}
{"ts":"2026-06-03T19:34:06.667Z","level":"INFO","msg":"GET /api/roadmaps → 304","duration":"1ms"}
{"ts":"2026-06-03T19:34:06.668Z","level":"INFO","msg":"GET /api/sessions → 304","duration":"1ms"}
{"ts":"2026-06-03T19:34:06.670Z","level":"INFO","msg":"GET /api/stats → 304","duration":"2ms"}
{"ts":"2026-06-03T19:34:06.672Z","level":"INFO","msg":"GET /api/assignments → 304","duration":"2ms"}
{"ts":"2026-06-03T19:34:06.673Z","level":"INFO","msg":"GET /api/flashcards/due → 200","duration":"1ms"}
{"ts":"2026-06-03T19:34:06.674Z","level":"INFO","msg":"GET /api/activity → 304","duration":"0ms"}
{"ts":"2026-06-03T19:34:06.675Z","level":"INFO","msg":"GET /api/roadmaps → 304","duration":"0ms"}
{"ts":"2026-06-03T19:34:06.677Z","level":"INFO","msg":"GET /api/sessions → 304","duration":"1ms"}
{"ts":"2026-06-03T19:34:06.677Z","level":"INFO","msg":"GET /api/stats → 304","duration":"0ms"}
{"ts":"2026-06-03T19:34:06.678Z","level":"INFO","msg":"GET /api/assignments → 304","duration":"0ms"}
{"ts":"2026-06-03T19:34:06.679Z","level":"INFO","msg":"GET /api/flashcards/due → 200","duration":"1ms"}
{"ts":"2026-06-03T19:34:06.679Z","level":"INFO","msg":"GET /api/activity → 304","duration":"0ms"}
{"ts":"2026-06-03T19:34:06.681Z","level":"INFO","msg":"GET /api/activity → 304","duration":"0ms"}
{"ts":"2026-06-03T19:34:17.653Z","level":"INFO","msg":"GET /api/activity → 304","duration":"1ms"}
{"ts":"2026-06-03T19:34:17.654Z","level":"INFO","msg":"GET /api/roadmaps → 304","duration":"1ms"}
{"ts":"2026-06-03T19:34:17.654Z","level":"INFO","msg":"GET /api/sessions → 304","duration":"1ms"}
{"ts":"2026-06-03T19:34:17.655Z","level":"INFO","msg":"GET /api/stats → 304","duration":"1ms"}
{"ts":"2026-06-03T19:34:17.656Z","level":"INFO","msg":"GET /api/assignments → 304","duration":"0ms"}
{"ts":"2026-06-03T19:34:17.657Z","level":"INFO","msg":"GET /api/flashcards/due → 200","duration":"1ms"}
{"ts":"2026-06-03T19:34:17.657Z","level":"INFO","msg":"GET /api/auth/me → 304","duration":"0ms"}
{"ts":"2026-06-03T19:34:17.659Z","level":"INFO","msg":"GET /api/activity → 304","duration":"1ms"}
{"ts":"2026-06-03T19:34:17.659Z","level":"INFO","msg":"GET /api/roadmaps → 304","duration":"1ms"}
{"ts":"2026-06-03T19:34:17.661Z","level":"INFO","msg":"GET /api/sessions → 304","duration":"1ms"}
{"ts":"2026-06-03T19:34:17.662Z","level":"INFO","msg":"GET /api/stats → 304","duration":"1ms"}
{"ts":"2026-06-03T19:34:17.663Z","level":"INFO","msg":"GET /api/activity → 304","duration":"1ms"}
{"ts":"2026-06-03T19:34:17.667Z","level":"INFO","msg":"GET /api/activity → 304","duration":"1ms"}
{"ts":"2026-06-03T19:34:17.668Z","level":"INFO","msg":"GET /api/roadmaps → 304","duration":"1ms"}
{"ts":"2026-06-03T19:34:17.669Z","level":"INFO","msg":"GET /api/stats → 304","duration":"2ms"}
{"ts":"2026-06-03T19:34:17.670Z","level":"INFO","msg":"GET /api/sessions → 304","duration":"1ms"}
{"ts":"2026-06-03T19:34:17.670Z","level":"INFO","msg":"GET /api/flashcards/due → 200","duration":"1ms"}
{"ts":"2026-06-03T19:34:17.671Z","level":"INFO","msg":"GET /api/assignments → 304","duration":"2ms"}
{"ts":"2026-06-03T19:34:17.672Z","level":"INFO","msg":"GET /api/activity → 304","duration":"2ms"}
{"ts":"2026-06-03T19:34:17.674Z","level":"INFO","msg":"GET /api/roadmaps → 304","duration":"1ms"}
{"ts":"2026-06-03T19:34:17.675Z","level":"INFO","msg":"GET /api/stats → 304","duration":"1ms"}
{"ts":"2026-06-03T19:34:17.675Z","level":"INFO","msg":"GET /api/sessions → 304","duration":"0ms"}
{"ts":"2026-06-03T19:34:17.676Z","level":"INFO","msg":"GET /api/flashcards/due → 200","duration":"0ms"}
{"ts":"2026-06-03T19:34:17.677Z","level":"INFO","msg":"GET /api/assignments → 304","duration":"1ms"}
{"ts":"2026-06-03T19:34:17.677Z","level":"INFO","msg":"GET /api/activity → 304","duration":"1ms"}
{"ts":"2026-06-03T19:34:17.681Z","level":"INFO","msg":"GET /api/activity → 304","duration":"1ms"}
{"ts":"2026-06-03T19:34:17.682Z","level":"INFO","msg":"GET /api/activity → 304","duration":"0ms"}
{"ts":"2026-06-03T19:34:30.095Z","level":"INFO","msg":"GET /api/schedule → 200","duration":"2ms"}
{"ts":"2026-06-03T19:34:30.100Z","level":"INFO","msg":"GET /api/flashcards/due → 200","duration":"3ms"}
{"ts":"2026-06-03T19:34:30.105Z","level":"INFO","msg":"GET /api/assignments → 304","duration":"2ms"}
{"ts":"2026-06-03T19:34:30.107Z","level":"INFO","msg":"GET /api/schedule → 304","duration":"1ms"}
{"ts":"2026-06-03T19:34:38.866Z","level":"INFO","msg":"GET /api/sessions → 304","duration":"1ms"}
{"ts":"2026-06-03T19:34:38.880Z","level":"INFO","msg":"GET /api/assignments → 304","duration":"1ms"}
{"ts":"2026-06-03T19:34:38.881Z","level":"INFO","msg":"GET /api/flashcards/due → 200","duration":"2ms"}
{"ts":"2026-06-03T19:34:38.882Z","level":"INFO","msg":"GET /api/sessions → 304","duration":"1ms"}
{"ts":"2026-06-03T19:34:38.882Z","level":"INFO","msg":"GET /api/sessions/sess-1780487740969 → 200","duration":"0ms"}
{"ts":"2026-06-03T19:34:38.886Z","level":"INFO","msg":"GET /api/sessions/sess-1780487740969 → 304","duration":"0ms"}
{"ts":"2026-06-03T19:35:42.541Z","level":"INFO","msg":"GET /api/sessions → 304","duration":"0ms"}
{"ts":"2026-06-03T19:35:42.543Z","level":"INFO","msg":"GET /api/activity → 304","duration":"1ms"}
{"ts":"2026-06-03T19:35:42.546Z","level":"INFO","msg":"GET /api/assignments → 304","duration":"1ms"}
{"ts":"2026-06-03T19:35:42.546Z","level":"INFO","msg":"GET /api/flashcards/due → 200","duration":"1ms"}
{"ts":"2026-06-03T19:35:42.547Z","level":"INFO","msg":"GET /api/auth/me → 304","duration":"1ms"}
{"ts":"2026-06-03T19:35:42.547Z","level":"INFO","msg":"GET /api/sessions → 304","duration":"0ms"}
{"ts":"2026-06-03T19:35:42.548Z","level":"INFO","msg":"GET /api/activity → 304","duration":"0ms"}
{"ts":"2026-06-03T19:35:42.549Z","level":"INFO","msg":"GET /api/sessions/sess-1780487740969 → 304","duration":"1ms"}
{"ts":"2026-06-03T19:35:42.556Z","level":"INFO","msg":"GET /api/activity → 304","duration":"1ms"}
{"ts":"2026-06-03T19:35:42.557Z","level":"INFO","msg":"GET /api/sessions → 304","duration":"1ms"}
{"ts":"2026-06-03T19:35:42.558Z","level":"INFO","msg":"GET /api/roadmaps → 304","duration":"1ms"}
{"ts":"2026-06-03T19:35:42.558Z","level":"INFO","msg":"GET /api/stats → 304","duration":"1ms"}
{"ts":"2026-06-03T19:35:42.559Z","level":"INFO","msg":"GET /api/assignments → 304","duration":"1ms"}
{"ts":"2026-06-03T19:35:42.559Z","level":"INFO","msg":"GET /api/flashcards/due → 200","duration":"0ms"}
{"ts":"2026-06-03T19:35:42.560Z","level":"INFO","msg":"GET /api/sessions/sess-1780487740969 → 304","duration":"0ms"}
{"ts":"2026-06-03T19:35:42.561Z","level":"INFO","msg":"GET /api/activity → 304","duration":"1ms"}
{"ts":"2026-06-03T19:35:42.561Z","level":"INFO","msg":"GET /api/sessions → 304","duration":"0ms"}
{"ts":"2026-06-03T19:35:42.562Z","level":"INFO","msg":"GET /api/roadmaps → 304","duration":"1ms"}
{"ts":"2026-06-03T19:35:42.563Z","level":"INFO","msg":"GET /api/stats → 304","duration":"1ms"}
{"ts":"2026-06-03T19:35:42.564Z","level":"INFO","msg":"GET /api/assignments → 304","duration":"1ms"}
{"ts":"2026-06-03T19:35:42.564Z","level":"INFO","msg":"GET /api/flashcards/due → 200","duration":"0ms"}
{"ts":"2026-06-03T19:35:42.565Z","level":"INFO","msg":"GET /api/activity → 304","duration":"1ms"}
{"ts":"2026-06-03T19:35:42.566Z","level":"INFO","msg":"GET /api/activity → 304","duration":"0ms"}
{"ts":"2026-06-03T19:35:52.396Z","level":"INFO","msg":"GET /api/activity → 304","duration":"1ms"}
{"ts":"2026-06-03T19:35:52.397Z","level":"INFO","msg":"GET /api/assignments → 304","duration":"2ms"}
{"ts":"2026-06-03T19:35:52.398Z","level":"INFO","msg":"GET /api/flashcards/due → 200","duration":"3ms"}
{"ts":"2026-06-03T19:35:52.400Z","level":"INFO","msg":"GET /api/users/agents → 304","duration":"3ms"}
{"ts":"2026-06-03T19:35:52.401Z","level":"INFO","msg":"GET /api/activity → 304","duration":"1ms"}
{"ts":"2026-06-03T19:35:52.403Z","level":"INFO","msg":"GET /api/users/agents → 304","duration":"1ms"}
{"ts":"2026-06-03T19:36:19.468Z","level":"INFO","msg":"GET /api/roadmaps → 304","duration":"1ms"}
{"ts":"2026-06-03T19:36:19.470Z","level":"INFO","msg":"GET /api/sessions → 304","duration":"1ms"}
{"ts":"2026-06-03T19:36:19.471Z","level":"INFO","msg":"GET /api/activity → 304","duration":"1ms"}
{"ts":"2026-06-03T19:36:19.473Z","level":"INFO","msg":"GET /api/stats → 304","duration":"1ms"}
{"ts":"2026-06-03T19:36:19.474Z","level":"INFO","msg":"GET /api/assignments → 304","duration":"1ms"}
{"ts":"2026-06-03T19:36:19.474Z","level":"INFO","msg":"GET /api/flashcards/due → 200","duration":"0ms"}
{"ts":"2026-06-03T19:36:19.475Z","level":"INFO","msg":"GET /api/roadmaps → 304","duration":"0ms"}
{"ts":"2026-06-03T19:36:19.476Z","level":"INFO","msg":"GET /api/sessions → 304","duration":"0ms"}
{"ts":"2026-06-03T19:36:19.477Z","level":"INFO","msg":"GET /api/activity → 304","duration":"0ms"}
{"ts":"2026-06-03T19:36:19.478Z","level":"INFO","msg":"GET /api/stats → 304","duration":"1ms"}
{"ts":"2026-06-03T19:36:20.539Z","level":"INFO","msg":"GET /api/roadmaps → 304","duration":"1ms"}
{"ts":"2026-06-03T19:36:20.541Z","level":"INFO","msg":"GET /api/assignments → 304","duration":"3ms"}
{"ts":"2026-06-03T19:36:20.543Z","level":"INFO","msg":"GET /api/flashcards/due → 200","duration":"3ms"}
{"ts":"2026-06-03T19:36:20.546Z","level":"INFO","msg":"GET /api/roadmaps → 304","duration":"1ms"}
{"ts":"2026-06-03T19:36:20.549Z","level":"INFO","msg":"GET /api/roadmaps/rm-ml-engineer → 304","duration":"1ms"}
{"ts":"2026-06-03T19:36:20.551Z","level":"INFO","msg":"GET /api/roadmaps → 304","duration":"1ms"}
{"ts":"2026-06-03T19:36:20.552Z","level":"INFO","msg":"GET /api/roadmaps/rm-ml-engineer → 304","duration":"1ms"}
{"ts":"2026-06-03T19:36:20.558Z","level":"INFO","msg":"GET /api/roadmaps/rm-ml-engineer → 304","duration":"1ms"}
{"ts":"2026-06-03T19:36:21.546Z","level":"INFO","msg":"GET /api/assignments → 304","duration":"1ms"}
{"ts":"2026-06-03T19:36:21.548Z","level":"INFO","msg":"GET /api/courses → 304","duration":"3ms"}
{"ts":"2026-06-03T19:36:21.550Z","level":"INFO","msg":"GET /api/users/starred → 304","duration":"1ms"}
{"ts":"2026-06-03T19:36:21.552Z","level":"INFO","msg":"GET /api/community/leaderboard → 200","duration":"2ms"}
{"ts":"2026-06-03T19:36:21.553Z","level":"INFO","msg":"GET /api/flashcards/due → 200","duration":"1ms"}
{"ts":"2026-06-03T19:36:21.555Z","level":"INFO","msg":"GET /api/courses → 304","duration":"1ms"}
{"ts":"2026-06-03T19:36:21.556Z","level":"INFO","msg":"GET /api/users/starred → 304","duration":"1ms"}
{"ts":"2026-06-03T19:36:21.557Z","level":"INFO","msg":"GET /api/community/leaderboard → 304","duration":"1ms"}
{"ts":"2026-06-03T19:36:21.558Z","level":"INFO","msg":"GET /api/users/enrollments → 304","duration":"0ms"}
{"ts":"2026-06-03T19:36:21.564Z","level":"INFO","msg":"GET /api/users/enrollments → 304","duration":"0ms"}
{"ts":"2026-06-03T19:36:22.541Z","level":"INFO","msg":"GET /api/assignments → 304","duration":"1ms"}
{"ts":"2026-06-03T19:36:22.543Z","level":"INFO","msg":"GET /api/flashcards/due → 200","duration":"3ms"}
{"ts":"2026-06-03T19:36:22.547Z","level":"INFO","msg":"GET /api/assignments → 304","duration":"1ms"}
{"ts":"2026-06-03T19:36:22.550Z","level":"INFO","msg":"GET /api/assignments → 304","duration":"1ms"}
{"ts":"2026-06-03T19:36:23.536Z","level":"INFO","msg":"GET /api/flashcards/due → 200","duration":"1ms"}
{"ts":"2026-06-03T19:36:23.538Z","level":"INFO","msg":"GET /api/assignments → 304","duration":"3ms"}
{"ts":"2026-06-03T19:36:23.543Z","level":"INFO","msg":"GET /api/flashcards/due → 200","duration":"2ms"}
{"ts":"2026-06-03T19:36:23.547Z","level":"INFO","msg":"GET /api/flashcards/due → 200","duration":"1ms"}
{"ts":"2026-06-03T19:36:24.540Z","level":"INFO","msg":"GET /api/assignments → 304","duration":"1ms"}
{"ts":"2026-06-03T19:36:24.542Z","level":"INFO","msg":"GET /api/flashcards/due → 200","duration":"3ms"}
{"ts":"2026-06-03T19:36:24.544Z","level":"INFO","msg":"GET /api/schedule → 304","duration":"1ms"}
{"ts":"2026-06-03T19:36:24.548Z","level":"INFO","msg":"GET /api/schedule → 304","duration":"1ms"}
{"ts":"2026-06-03T19:36:25.541Z","level":"INFO","msg":"GET /api/activity → 304","duration":"2ms"}
{"ts":"2026-06-03T19:36:25.542Z","level":"INFO","msg":"GET /api/users/agents → 304","duration":"3ms"}
{"ts":"2026-06-03T19:36:25.544Z","level":"INFO","msg":"GET /api/assignments → 304","duration":"1ms"}
{"ts":"2026-06-03T19:36:25.547Z","level":"INFO","msg":"GET /api/flashcards/due → 200","duration":"1ms"}
{"ts":"2026-06-03T19:36:25.548Z","level":"INFO","msg":"GET /api/activity → 304","duration":"0ms"}
{"ts":"2026-06-03T19:36:25.550Z","level":"INFO","msg":"GET /api/users/agents → 304","duration":"1ms"}
{"ts":"2026-06-03T19:36:26.537Z","level":"INFO","msg":"GET /api/assignments → 304","duration":"1ms"}
{"ts":"2026-06-03T19:36:26.538Z","level":"INFO","msg":"GET /api/flashcards/due → 200","duration":"2ms"}
{"ts":"2026-06-03T19:36:26.540Z","level":"INFO","msg":"GET /api/certificates → 304","duration":"1ms"}
{"ts":"2026-06-03T19:36:26.542Z","level":"INFO","msg":"GET /api/badges → 304","duration":"1ms"}
{"ts":"2026-06-03T19:36:26.544Z","level":"INFO","msg":"GET /api/certificates → 304","duration":"1ms"}
{"ts":"2026-06-03T19:36:26.545Z","level":"INFO","msg":"GET /api/badges → 304","duration":"0ms"}
{"ts":"2026-06-03T19:36:27.539Z","level":"INFO","msg":"GET /api/courses → 304","duration":"1ms"}
{"ts":"2026-06-03T19:36:27.541Z","level":"INFO","msg":"GET /api/roadmaps → 304","duration":"3ms"}
{"ts":"2026-06-03T19:36:27.544Z","level":"INFO","msg":"GET /api/community/threads → 304","duration":"1ms"}
{"ts":"2026-06-03T19:36:27.545Z","level":"INFO","msg":"GET /api/community/leaderboard → 304","duration":"1ms"}
{"ts":"2026-06-03T19:36:27.546Z","level":"INFO","msg":"GET /api/assignments → 304","duration":"1ms"}
{"ts":"2026-06-03T19:36:27.546Z","level":"INFO","msg":"GET /api/flashcards/due → 200","duration":"1ms"}
{"ts":"2026-06-03T19:36:27.548Z","level":"INFO","msg":"GET /api/courses → 304","duration":"1ms"}
{"ts":"2026-06-03T19:36:27.549Z","level":"INFO","msg":"GET /api/roadmaps → 304","duration":"0ms"}
{"ts":"2026-06-03T19:36:27.551Z","level":"INFO","msg":"GET /api/community/threads → 304","duration":"1ms"}
{"ts":"2026-06-03T19:36:27.552Z","level":"INFO","msg":"GET /api/community/leaderboard → 304","duration":"2ms"}
{"ts":"2026-06-03T19:36:28.536Z","level":"INFO","msg":"GET /api/activity → 304","duration":"1ms"}
{"ts":"2026-06-03T19:36:28.538Z","level":"INFO","msg":"GET /api/assignments → 304","duration":"3ms"}
{"ts":"2026-06-03T19:36:28.540Z","level":"INFO","msg":"GET /api/flashcards/due → 200","duration":"3ms"}
{"ts":"2026-06-03T19:36:28.544Z","level":"INFO","msg":"GET /api/activity → 304","duration":"1ms"}
{"ts":"2026-06-03T19:36:29.538Z","level":"INFO","msg":"GET /api/users/starred → 304","duration":"2ms"}
{"ts":"2026-06-03T19:36:29.539Z","level":"INFO","msg":"GET /api/courses → 304","duration":"3ms"}
{"ts":"2026-06-03T19:36:29.542Z","level":"INFO","msg":"GET /api/assignments → 304","duration":"2ms"}
{"ts":"2026-06-03T19:36:29.544Z","level":"INFO","msg":"GET /api/flashcards/due → 200","duration":"1ms"}
{"ts":"2026-06-03T19:36:29.545Z","level":"INFO","msg":"GET /api/users/starred → 304","duration":"1ms"}
{"ts":"2026-06-03T19:36:29.547Z","level":"INFO","msg":"GET /api/courses → 304","duration":"0ms"}
{"ts":"2026-06-03T20:00:11.550Z","level":"INFO","msg":"GET /dashboard → 304","duration":"6ms"}
{"ts":"2026-06-03T20:00:11.627Z","level":"INFO","msg":"GET /api/auth/me → 200","duration":"9ms"}
{"ts":"2026-06-03T20:00:11.673Z","level":"INFO","msg":"GET /api/roadmaps → 200","duration":"2ms"}
{"ts":"2026-06-03T20:00:11.677Z","level":"INFO","msg":"GET /api/sessions → 200","duration":"6ms"}
{"ts":"2026-06-03T20:00:11.680Z","level":"INFO","msg":"GET /api/activity → 200","duration":"2ms"}
{"ts":"2026-06-03T20:00:11.681Z","level":"INFO","msg":"GET /api/stats → 200","duration":"3ms"}
{"ts":"2026-06-03T20:00:11.684Z","level":"INFO","msg":"GET /api/activity → 304","duration":"2ms"}
{"ts":"2026-06-03T20:00:13.741Z","level":"INFO","msg":"POST /api/auth/logout → 200","duration":"3ms"}
{"ts":"2026-06-04T00:16:32.133Z","level":"INFO","msg":"POST /api/auth/login → 200","duration":"93ms"}
{"ts":"2026-06-04T00:16:32.155Z","level":"INFO","msg":"GET /api/activity → 304","duration":"1ms"}
{"ts":"2026-06-04T00:16:32.156Z","level":"INFO","msg":"GET /api/roadmaps → 304","duration":"2ms"}
{"ts":"2026-06-04T00:16:32.157Z","level":"INFO","msg":"GET /api/sessions → 304","duration":"1ms"}
{"ts":"2026-06-04T00:16:32.158Z","level":"INFO","msg":"GET /api/activity → 304","duration":"2ms"}
{"ts":"2026-06-04T00:16:32.162Z","level":"INFO","msg":"GET /api/stats → 200","duration":"5ms"}
{"ts":"2026-06-04T00:16:37.917Z","level":"INFO","msg":"GET /api/roadmaps → 304","duration":"2ms"}
{"ts":"2026-06-04T00:16:37.927Z","level":"INFO","msg":"GET /api/roadmaps/rm-ml-engineer → 304","duration":"2ms"}
{"ts":"2026-06-04T00:16:42.050Z","level":"INFO","msg":"GET /api/roadmaps/rm-data-sci → 200","duration":"1ms"}
{"ts":"2026-06-04T00:16:43.888Z","level":"INFO","msg":"GET /api/roadmaps/rm-gen-1780471334823-5d3 → 200","duration":"3ms"}
{"ts":"2026-06-04T00:16:51.472Z","level":"INFO","msg":"GET /api/sessions → 304","duration":"2ms"}
{"ts":"2026-06-04T00:16:51.485Z","level":"INFO","msg":"GET /api/sessions/sess-1780487740969 → 200","duration":"2ms"}
{"ts":"2026-06-04T00:16:58.094Z","level":"INFO","msg":"POST /api/sessions → 200","duration":"2ms"}
{"ts":"2026-06-04T00:16:58.104Z","level":"ERROR","msg":"FOREIGN KEY constraint failed","stack":"SqliteError: FOREIGN KEY constraint failed\n    at file:///Users/abelyagubyan/Downloads/LearnOS_UI/routes/sessions.js:104:6\n    at Layer.handleRequest (/Users/abelyagubyan/Downloads/LearnOS_UI/node_modules/router/lib/layer.js:152:17)\n    at next (/Users/abelyagubyan/Downloads/LearnOS_UI/node_modules/router/lib/route.js:157:13)\n    at Route.dispatch (/Users/abelyagubyan/Downloads/LearnOS_UI/node_modules/router/lib/route.js:117:3)\n    at handle (/Users/abelyagubyan/Downloads/LearnOS_UI/node_modules/router/index.js:435:11)\n    at Layer.handleRequest (/Users/abelyagubyan/Downloads/LearnOS_UI/node_modules/router/lib/layer.js:152:17)\n    at /Users/abelyagubyan/Downloads/LearnOS_UI/node_modules/router/index.js:295:15\n    at param (/Users/abelyagubyan/Downloads/LearnOS_UI/node_modules/router/index.js:600:14)\n    at param (/Users/abelyagubyan/Downloads/LearnOS_UI/node_modules/router/index.js:610:14)\n    at processParams (/Users/abelyagubyan/Downloads/LearnOS_UI/node_modules/router/index.js:664:3)","method":"POST","url":"/api/sessions/undefined/messages"}
{"ts":"2026-06-04T00:16:58.105Z","level":"WARN","msg":"POST /api/sessions/undefined/messages → 500","duration":"4ms"}
{"ts":"2026-06-04T00:17:06.533Z","level":"INFO","msg":"GET /assets/index-Cr-x2-iG.css → 304","duration":"1ms"}
{"ts":"2026-06-04T00:17:06.540Z","level":"WARN","msg":"404 Not Found: GET /.well-known/appspecific/com.chrome.devtools.json"}
{"ts":"2026-06-04T00:17:06.541Z","level":"WARN","msg":"GET /.well-known/appspecific/com.chrome.devtools.json → 404","duration":"1ms"}
{"ts":"2026-06-04T00:18:50.976Z","level":"INFO","msg":"GET / → 200","duration":"1ms"}
{"ts":"2026-06-04T00:38:06.092Z","level":"INFO","msg":"GET /dashboard → 200","duration":"3ms"}
{"ts":"2026-06-04T00:38:06.115Z","level":"WARN","msg":"404 Not Found: GET /.well-known/appspecific/com.chrome.devtools.json"}
{"ts":"2026-06-04T00:38:06.116Z","level":"WARN","msg":"GET /.well-known/appspecific/com.chrome.devtools.json → 404","duration":"2ms"}
{"ts":"2026-06-04T00:38:06.120Z","level":"INFO","msg":"GET /assets/index-DjPH3Aw8.js → 200","duration":"4ms"}
{"ts":"2026-06-04T00:38:06.135Z","level":"INFO","msg":"GET /api/auth/me → 200","duration":"2ms"}
{"ts":"2026-06-04T00:38:06.161Z","level":"INFO","msg":"GET /api/sessions → 200","duration":"1ms"}
{"ts":"2026-06-04T00:38:06.163Z","level":"INFO","msg":"GET /api/activity → 200","duration":"1ms"}
{"ts":"2026-06-04T00:38:06.165Z","level":"INFO","msg":"GET /api/assignments → 200","duration":"1ms"}
{"ts":"2026-06-04T00:38:06.166Z","level":"INFO","msg":"GET /api/roadmaps → 304","duration":"1ms"}
{"ts":"2026-06-04T00:38:06.168Z","level":"INFO","msg":"GET /api/stats → 200","duration":"1ms"}
{"ts":"2026-06-04T00:38:06.171Z","level":"INFO","msg":"GET /api/flashcards/due → 200","duration":"2ms"}
{"ts":"2026-06-04T00:38:06.174Z","level":"INFO","msg":"GET /api/activity → 304","duration":"2ms"}
{"ts":"2026-06-04T00:38:08.020Z","level":"INFO","msg":"GET /api/sessions → 304","duration":"1ms"}
{"ts":"2026-06-04T00:38:08.022Z","level":"INFO","msg":"GET /api/assignments → 304","duration":"0ms"}
{"ts":"2026-06-04T00:38:08.023Z","level":"INFO","msg":"GET /api/flashcards/due → 200","duration":"1ms"}
{"ts":"2026-06-04T00:38:08.026Z","level":"INFO","msg":"GET /api/sessions/sess-1780532218093 → 200","duration":"1ms"}
{"ts":"2026-06-04T00:38:08.829Z","level":"INFO","msg":"GET /api/assignments → 304","duration":"3ms"}
{"ts":"2026-06-04T00:38:08.830Z","level":"INFO","msg":"GET /api/flashcards/due → 200","duration":"3ms"}
{"ts":"2026-06-04T00:38:08.831Z","level":"INFO","msg":"GET /api/courses → 304","duration":"4ms"}
{"ts":"2026-06-04T00:38:08.832Z","level":"INFO","msg":"GET /api/community/leaderboard → 200","duration":"5ms"}
{"ts":"2026-06-04T00:38:08.833Z","level":"INFO","msg":"GET /api/users/starred → 200","duration":"6ms"}
{"ts":"2026-06-04T00:38:08.839Z","level":"INFO","msg":"GET /api/users/enrollments → 200","duration":"1ms"}
{"ts":"2026-06-04T00:38:25.494Z","level":"INFO","msg":"GET /api/assignments → 304","duration":"2ms"}
{"ts":"2026-06-04T00:38:25.495Z","level":"INFO","msg":"GET /api/flashcards/due → 200","duration":"3ms"}
{"ts":"2026-06-04T00:38:25.496Z","level":"INFO","msg":"GET /api/assignments → 304","duration":"0ms"}
{"ts":"2026-06-04T00:38:27.890Z","level":"INFO","msg":"GET /api/flashcards/due → 200","duration":"2ms"}
{"ts":"2026-06-04T00:38:27.893Z","level":"INFO","msg":"GET /api/assignments → 304","duration":"5ms"}
{"ts":"2026-06-04T00:38:27.897Z","level":"INFO","msg":"GET /api/flashcards/due → 200","duration":"2ms"}
{"ts":"2026-06-04T00:38:28.908Z","level":"INFO","msg":"GET /api/assignments → 304","duration":"2ms"}
{"ts":"2026-06-04T00:38:28.909Z","level":"INFO","msg":"GET /api/flashcards/due → 200","duration":"3ms"}
{"ts":"2026-06-04T00:38:28.912Z","level":"INFO","msg":"GET /api/schedule → 200","duration":"1ms"}
{"ts":"2026-06-04T00:38:35.061Z","level":"INFO","msg":"GET /api/assignments → 304","duration":"2ms"}
{"ts":"2026-06-04T00:38:35.062Z","level":"INFO","msg":"GET /api/flashcards/due → 200","duration":"3ms"}
{"ts":"2026-06-04T00:38:35.064Z","level":"INFO","msg":"GET /api/activity → 304","duration":"1ms"}
{"ts":"2026-06-04T00:38:35.065Z","level":"INFO","msg":"GET /api/users/agents → 304","duration":"0ms"}
{"ts":"2026-06-04T00:38:38.892Z","level":"INFO","msg":"GET /api/assignments → 304","duration":"2ms"}
{"ts":"2026-06-04T00:38:38.893Z","level":"INFO","msg":"GET /api/flashcards/due → 200","duration":"3ms"}
{"ts":"2026-06-04T00:38:38.895Z","level":"INFO","msg":"GET /api/certificates → 200","duration":"5ms"}
{"ts":"2026-06-04T00:38:38.895Z","level":"INFO","msg":"GET /api/badges → 200","duration":"4ms"}
{"ts":"2026-06-04T00:38:39.974Z","level":"INFO","msg":"GET /api/users/agents → 304","duration":"2ms"}
{"ts":"2026-06-04T00:38:39.977Z","level":"INFO","msg":"GET /api/assignments → 304","duration":"4ms"}
{"ts":"2026-06-04T00:38:39.979Z","level":"INFO","msg":"GET /api/activity → 304","duration":"6ms"}
{"ts":"2026-06-04T00:38:39.980Z","level":"INFO","msg":"GET /api/flashcards/due → 200","duration":"7ms"}
{"ts":"2026-06-04T00:38:41.490Z","level":"INFO","msg":"GET /api/schedule → 304","duration":"2ms"}
{"ts":"2026-06-04T00:38:41.492Z","level":"INFO","msg":"GET /api/assignments → 304","duration":"4ms"}
{"ts":"2026-06-04T00:38:41.493Z","level":"INFO","msg":"GET /api/flashcards/due → 200","duration":"5ms"}
{"ts":"2026-06-04T00:38:56.463Z","level":"INFO","msg":"GET /api/roadmaps → 304","duration":"1ms"}
{"ts":"2026-06-04T00:38:56.465Z","level":"INFO","msg":"GET /api/sessions → 304","duration":"3ms"}
{"ts":"2026-06-04T00:38:56.467Z","level":"INFO","msg":"GET /api/activity → 304","duration":"1ms"}
{"ts":"2026-06-04T00:38:56.468Z","level":"INFO","msg":"GET /api/assignments → 304","duration":"2ms"}
{"ts":"2026-06-04T00:38:56.469Z","level":"INFO","msg":"GET /api/flashcards/due → 200","duration":"0ms"}
{"ts":"2026-06-04T00:38:56.471Z","level":"INFO","msg":"GET /api/stats → 304","duration":"1ms"}
{"ts":"2026-06-04T00:38:57.207Z","level":"INFO","msg":"GET /api/roadmaps → 304","duration":"2ms"}
{"ts":"2026-06-04T00:38:57.209Z","level":"INFO","msg":"GET /api/assignments → 304","duration":"4ms"}
{"ts":"2026-06-04T00:38:57.214Z","level":"INFO","msg":"GET /api/flashcards/due → 200","duration":"9ms"}
{"ts":"2026-06-04T00:38:57.216Z","level":"INFO","msg":"GET /api/roadmaps/rm-ml-engineer → 304","duration":"2ms"}
{"ts":"2026-06-04T00:38:57.218Z","level":"INFO","msg":"GET /api/roadmaps → 304","duration":"1ms"}
{"ts":"2026-06-04T00:38:57.223Z","level":"INFO","msg":"GET /api/roadmaps/rm-ml-engineer → 304","duration":"1ms"}
{"ts":"2026-06-04T00:38:59.160Z","level":"INFO","msg":"GET /api/sessions → 304","duration":"1ms"}
{"ts":"2026-06-04T00:38:59.169Z","level":"INFO","msg":"GET /api/assignments → 304","duration":"2ms"}
{"ts":"2026-06-04T00:38:59.170Z","level":"INFO","msg":"GET /api/flashcards/due → 200","duration":"3ms"}
{"ts":"2026-06-04T00:38:59.173Z","level":"INFO","msg":"GET /api/sessions/sess-1780532218093 → 304","duration":"1ms"}
{"ts":"2026-06-04T00:39:00.411Z","level":"INFO","msg":"GET /api/courses → 304","duration":"1ms"}
{"ts":"2026-06-04T00:39:00.413Z","level":"INFO","msg":"GET /api/users/starred → 304","duration":"3ms"}
{"ts":"2026-06-04T00:39:00.415Z","level":"INFO","msg":"GET /api/community/leaderboard → 304","duration":"5ms"}
{"ts":"2026-06-04T00:39:00.416Z","level":"INFO","msg":"GET /api/assignments → 304","duration":"6ms"}
{"ts":"2026-06-04T00:39:00.417Z","level":"INFO","msg":"GET /api/flashcards/due → 200","duration":"6ms"}
{"ts":"2026-06-04T00:39:00.421Z","level":"INFO","msg":"GET /api/users/enrollments → 304","duration":"1ms"}
{"ts":"2026-06-04T00:39:01.177Z","level":"INFO","msg":"GET /api/assignments → 304","duration":"1ms"}
{"ts":"2026-06-04T00:39:01.180Z","level":"INFO","msg":"GET /api/flashcards/due → 200","duration":"4ms"}
{"ts":"2026-06-04T00:39:01.181Z","level":"INFO","msg":"GET /api/assignments → 304","duration":"0ms"}
{"ts":"2026-06-04T00:39:02.091Z","level":"INFO","msg":"GET /api/flashcards/due → 200","duration":"2ms"}
{"ts":"2026-06-04T00:39:02.094Z","level":"INFO","msg":"GET /api/assignments → 304","duration":"4ms"}
{"ts":"2026-06-04T00:39:02.097Z","level":"INFO","msg":"GET /api/flashcards/due → 200","duration":"1ms"}
{"ts":"2026-06-04T00:39:02.957Z","level":"INFO","msg":"GET /api/schedule → 304","duration":"2ms"}
{"ts":"2026-06-04T00:39:02.959Z","level":"INFO","msg":"GET /api/assignments → 304","duration":"3ms"}
{"ts":"2026-06-04T00:39:02.961Z","level":"INFO","msg":"GET /api/flashcards/due → 200","duration":"5ms"}
{"ts":"2026-06-04T00:39:05.026Z","level":"INFO","msg":"GET /api/assignments → 304","duration":"2ms"}
{"ts":"2026-06-04T00:39:05.028Z","level":"INFO","msg":"GET /api/flashcards/due → 200","duration":"4ms"}
{"ts":"2026-06-04T00:39:05.030Z","level":"INFO","msg":"GET /api/assignments → 304","duration":"1ms"}
{"ts":"2026-06-04T00:39:06.091Z","level":"INFO","msg":"GET /api/courses → 304","duration":"2ms"}
{"ts":"2026-06-04T00:39:06.093Z","level":"INFO","msg":"GET /api/users/starred → 304","duration":"4ms"}
{"ts":"2026-06-04T00:39:06.094Z","level":"INFO","msg":"GET /api/community/leaderboard → 304","duration":"5ms"}
{"ts":"2026-06-04T00:39:06.096Z","level":"INFO","msg":"GET /api/assignments → 304","duration":"6ms"}
{"ts":"2026-06-04T00:39:06.098Z","level":"INFO","msg":"GET /api/flashcards/due → 200","duration":"8ms"}
{"ts":"2026-06-04T00:39:06.100Z","level":"INFO","msg":"GET /api/users/enrollments → 304","duration":"1ms"}
{"ts":"2026-06-04T00:40:14.705Z","level":"INFO","msg":"DELETE /api/courses/ml-foundations/enroll → 200","duration":"3ms"}
{"ts":"2026-06-04T00:40:17.359Z","level":"INFO","msg":"GET /api/assignments → 304","duration":"2ms"}
{"ts":"2026-06-04T00:40:17.360Z","level":"INFO","msg":"GET /api/assignments → 304","duration":"0ms"}
{"ts":"2026-06-04T00:40:17.361Z","level":"INFO","msg":"GET /api/flashcards/due → 200","duration":"1ms"}
{"ts":"2026-06-04T00:40:18.092Z","level":"INFO","msg":"GET /api/courses → 304","duration":"1ms"}
{"ts":"2026-06-04T00:40:18.094Z","level":"INFO","msg":"GET /api/users/starred → 304","duration":"3ms"}
{"ts":"2026-06-04T00:40:18.097Z","level":"INFO","msg":"GET /api/community/leaderboard → 304","duration":"2ms"}
{"ts":"2026-06-04T00:40:18.099Z","level":"INFO","msg":"GET /api/assignments → 304","duration":"4ms"}
{"ts":"2026-06-04T00:40:18.101Z","level":"INFO","msg":"GET /api/flashcards/due → 200","duration":"2ms"}
{"ts":"2026-06-04T00:40:18.103Z","level":"INFO","msg":"GET /api/users/enrollments → 200","duration":"2ms"}
{"ts":"2026-06-04T00:42:38.089Z","level":"INFO","msg":"GET /api/activity → 304","duration":"2ms"}
{"ts":"2026-06-04T00:42:38.092Z","level":"INFO","msg":"GET /api/activity → 304","duration":"1ms"}
{"ts":"2026-06-04T00:42:52.378Z","level":"INFO","msg":"GET /api/assignments → 304","duration":"2ms"}
{"ts":"2026-06-04T00:42:52.380Z","level":"INFO","msg":"GET /api/flashcards/due → 200","duration":"4ms"}
{"ts":"2026-06-04T00:42:52.384Z","level":"INFO","msg":"GET /api/users/apikeys → 200","duration":"2ms"}
{"ts":"2026-06-04T00:42:52.388Z","level":"INFO","msg":"GET /api/users/profile → 200","duration":"4ms"}
{"ts":"2026-06-04T00:42:52.389Z","level":"INFO","msg":"GET /api/users/settings → 200","duration":"4ms"}
{"ts":"2026-06-04T00:42:52.391Z","level":"INFO","msg":"GET /api/users/agent-routing → 200","duration":"1ms"}
{"ts":"2026-06-04T00:43:28.236Z","level":"INFO","msg":"PATCH /api/users/settings → 200","duration":"2ms"}
{"ts":"2026-06-04T00:43:28.517Z","level":"INFO","msg":"PATCH /api/users/settings → 200","duration":"2ms"}
{"ts":"2026-06-04T00:43:30.891Z","level":"INFO","msg":"GET /api/activity → 304","duration":"2ms"}
{"ts":"2026-06-04T00:43:30.894Z","level":"INFO","msg":"GET /api/assignments → 304","duration":"1ms"}
{"ts":"2026-06-04T00:43:30.895Z","level":"INFO","msg":"GET /api/roadmaps → 304","duration":"2ms"}
{"ts":"2026-06-04T00:43:30.896Z","level":"INFO","msg":"GET /api/sessions → 304","duration":"0ms"}
{"ts":"2026-06-04T00:43:30.898Z","level":"INFO","msg":"GET /api/stats → 304","duration":"1ms"}
{"ts":"2026-06-04T00:43:30.899Z","level":"INFO","msg":"GET /api/flashcards/due → 200","duration":"2ms"}
{"ts":"2026-06-04T00:45:22.840Z","level":"INFO","msg":"GET /api/sessions → 304","duration":"2ms"}
{"ts":"2026-06-04T00:45:22.843Z","level":"INFO","msg":"GET /api/flashcards/due → 200","duration":"1ms"}
{"ts":"2026-06-04T00:45:22.845Z","level":"INFO","msg":"GET /api/assignments → 304","duration":"1ms"}
{"ts":"2026-06-04T00:45:22.849Z","level":"INFO","msg":"GET /api/sessions/sess-1780532218093 → 304","duration":"1ms"}
{"ts":"2026-06-04T00:45:31.723Z","level":"INFO","msg":"GET /api/roadmaps → 304","duration":"2ms"}
{"ts":"2026-06-04T00:45:31.729Z","level":"INFO","msg":"GET /api/assignments → 304","duration":"8ms"}
{"ts":"2026-06-04T00:45:31.733Z","level":"INFO","msg":"GET /api/flashcards/due → 200","duration":"2ms"}
{"ts":"2026-06-04T00:45:31.736Z","level":"INFO","msg":"GET /api/roadmaps/rm-ml-engineer → 304","duration":"4ms"}
{"ts":"2026-06-04T00:45:31.741Z","level":"INFO","msg":"GET /api/roadmaps → 304","duration":"2ms"}
{"ts":"2026-06-04T00:45:31.746Z","level":"INFO","msg":"GET /api/roadmaps/rm-ml-engineer → 304","duration":"2ms"}
{"ts":"2026-06-04T00:45:32.556Z","level":"INFO","msg":"GET /api/roadmaps → 304","duration":"2ms"}
{"ts":"2026-06-04T00:45:32.557Z","level":"INFO","msg":"GET /api/assignments → 304","duration":"2ms"}
{"ts":"2026-06-04T00:45:32.558Z","level":"INFO","msg":"GET /api/sessions → 304","duration":"3ms"}
{"ts":"2026-06-04T00:45:32.560Z","level":"INFO","msg":"GET /api/stats → 304","duration":"1ms"}
{"ts":"2026-06-04T00:45:32.561Z","level":"INFO","msg":"GET /api/activity → 304","duration":"1ms"}
{"ts":"2026-06-04T00:45:32.562Z","level":"INFO","msg":"GET /api/flashcards/due → 200","duration":"1ms"}
{"ts":"2026-06-04T00:45:33.540Z","level":"INFO","msg":"GET /api/sessions → 304","duration":"1ms"}
{"ts":"2026-06-04T00:45:33.549Z","level":"INFO","msg":"GET /api/assignments → 304","duration":"2ms"}
{"ts":"2026-06-04T00:45:33.550Z","level":"INFO","msg":"GET /api/flashcards/due → 200","duration":"3ms"}
{"ts":"2026-06-04T00:45:33.552Z","level":"INFO","msg":"GET /api/sessions/sess-1780532218093 → 304","duration":"1ms"}
{"ts":"2026-06-04T00:45:34.255Z","level":"INFO","msg":"GET /api/assignments → 304","duration":"2ms"}
{"ts":"2026-06-04T00:45:34.256Z","level":"INFO","msg":"GET /api/flashcards/due → 200","duration":"3ms"}
{"ts":"2026-06-04T00:45:34.257Z","level":"INFO","msg":"GET /api/courses → 304","duration":"3ms"}
{"ts":"2026-06-04T00:45:34.257Z","level":"INFO","msg":"GET /api/users/starred → 304","duration":"3ms"}
{"ts":"2026-06-04T00:45:34.258Z","level":"INFO","msg":"GET /api/community/leaderboard → 304","duration":"4ms"}
{"ts":"2026-06-04T00:45:34.262Z","level":"INFO","msg":"GET /api/users/enrollments → 304","duration":"1ms"}
{"ts":"2026-06-04T00:45:35.088Z","level":"INFO","msg":"GET /api/assignments → 304","duration":"2ms"}
{"ts":"2026-06-04T00:45:35.090Z","level":"INFO","msg":"GET /api/flashcards/due → 200","duration":"3ms"}
{"ts":"2026-06-04T00:45:35.092Z","level":"INFO","msg":"GET /api/assignments → 304","duration":"1ms"}
{"ts":"2026-06-04T00:45:35.870Z","level":"INFO","msg":"GET /api/flashcards/due → 200","duration":"2ms"}
{"ts":"2026-06-04T00:45:35.873Z","level":"INFO","msg":"GET /api/assignments → 304","duration":"4ms"}
{"ts":"2026-06-04T00:45:35.875Z","level":"INFO","msg":"GET /api/flashcards/due → 200","duration":"1ms"}
{"ts":"2026-06-04T00:45:36.619Z","level":"INFO","msg":"GET /api/assignments → 304","duration":"2ms"}
{"ts":"2026-06-04T00:45:36.621Z","level":"INFO","msg":"GET /api/flashcards/due → 200","duration":"4ms"}
{"ts":"2026-06-04T00:45:36.624Z","level":"INFO","msg":"GET /api/schedule → 304","duration":"2ms"}
{"ts":"2026-06-04T00:45:37.421Z","level":"INFO","msg":"GET /api/activity → 304","duration":"2ms"}
{"ts":"2026-06-04T00:45:37.423Z","level":"INFO","msg":"GET /api/assignments → 304","duration":"4ms"}
{"ts":"2026-06-04T00:45:37.424Z","level":"INFO","msg":"GET /api/flashcards/due → 200","duration":"4ms"}
{"ts":"2026-06-04T00:45:37.426Z","level":"INFO","msg":"GET /api/users/agents → 304","duration":"1ms"}
{"ts":"2026-06-04T00:45:39.035Z","level":"INFO","msg":"GET /api/assignments → 304","duration":"2ms"}
{"ts":"2026-06-04T00:45:39.036Z","level":"INFO","msg":"GET /api/flashcards/due → 200","duration":"3ms"}
{"ts":"2026-06-04T00:45:39.037Z","level":"INFO","msg":"GET /api/certificates → 304","duration":"2ms"}
{"ts":"2026-06-04T00:45:39.038Z","level":"INFO","msg":"GET /api/badges → 304","duration":"1ms"}
{"ts":"2026-06-04T00:45:39.937Z","level":"INFO","msg":"GET /api/schedule → 304","duration":"2ms"}
{"ts":"2026-06-04T00:45:39.939Z","level":"INFO","msg":"GET /api/assignments → 304","duration":"3ms"}
{"ts":"2026-06-04T00:45:39.943Z","level":"INFO","msg":"GET /api/flashcards/due → 200","duration":"7ms"}
{"ts":"2026-06-04T00:52:21.337Z","level":"INFO","msg":"GET /api/roadmaps → 304","duration":"2ms"}
{"ts":"2026-06-04T00:52:21.340Z","level":"INFO","msg":"GET /api/assignments → 304","duration":"4ms"}
{"ts":"2026-06-04T00:52:21.342Z","level":"INFO","msg":"GET /api/flashcards/due → 200","duration":"1ms"}
{"ts":"2026-06-04T00:52:21.344Z","level":"INFO","msg":"GET /api/roadmaps/rm-ml-engineer → 304","duration":"1ms"}
{"ts":"2026-06-04T00:52:21.346Z","level":"INFO","msg":"GET /api/roadmaps → 304","duration":"1ms"}
{"ts":"2026-06-04T00:52:21.348Z","level":"INFO","msg":"GET /api/roadmaps/rm-ml-engineer → 304","duration":"1ms"}
{"ts":"2026-06-04T00:52:22.420Z","level":"INFO","msg":"GET /api/roadmaps → 304","duration":"2ms"}
{"ts":"2026-06-04T00:52:22.422Z","level":"INFO","msg":"GET /api/assignments → 304","duration":"4ms"}
{"ts":"2026-06-04T00:52:22.423Z","level":"INFO","msg":"GET /api/flashcards/due → 200","duration":"4ms"}
{"ts":"2026-06-04T00:52:22.425Z","level":"INFO","msg":"GET /api/sessions → 304","duration":"1ms"}
{"ts":"2026-06-04T00:52:22.426Z","level":"INFO","msg":"GET /api/activity → 304","duration":"1ms"}
{"ts":"2026-06-04T00:52:22.428Z","level":"INFO","msg":"GET /api/stats → 304","duration":"2ms"}
{"ts":"2026-06-04T00:52:23.561Z","level":"INFO","msg":"GET /api/sessions → 304","duration":"1ms"}
{"ts":"2026-06-04T00:52:23.564Z","level":"INFO","msg":"GET /api/assignments → 304","duration":"1ms"}
{"ts":"2026-06-04T00:52:23.564Z","level":"INFO","msg":"GET /api/flashcards/due → 200","duration":"1ms"}
{"ts":"2026-06-04T00:52:23.570Z","level":"INFO","msg":"GET /api/sessions/sess-1780532218093 → 304","duration":"1ms"}
{"ts":"2026-06-04T00:52:33.755Z","level":"INFO","msg":"GET /api/users/settings → 200","duration":"2ms"}
{"ts":"2026-06-04T00:52:33.757Z","level":"INFO","msg":"GET /api/users/apikeys → 304","duration":"4ms"}
{"ts":"2026-06-04T00:52:33.760Z","level":"INFO","msg":"GET /api/users/profile → 200","duration":"6ms"}
{"ts":"2026-06-04T00:52:33.764Z","level":"INFO","msg":"GET /api/assignments → 304","duration":"3ms"}
{"ts":"2026-06-04T00:52:33.768Z","level":"INFO","msg":"GET /api/flashcards/due → 200","duration":"3ms"}
{"ts":"2026-06-04T00:52:33.769Z","level":"INFO","msg":"GET /api/users/agent-routing → 304","duration":"4ms"}
{"ts":"2026-06-04T00:52:51.007Z","level":"INFO","msg":"GET /api/sessions → 304","duration":"2ms"}
{"ts":"2026-06-04T00:52:51.008Z","level":"INFO","msg":"GET /api/roadmaps → 304","duration":"3ms"}
{"ts":"2026-06-04T00:52:51.010Z","level":"INFO","msg":"GET /api/activity → 304","duration":"1ms"}
{"ts":"2026-06-04T00:52:51.011Z","level":"INFO","msg":"GET /api/stats → 304","duration":"2ms"}
{"ts":"2026-06-04T00:52:51.012Z","level":"INFO","msg":"GET /api/assignments → 304","duration":"1ms"}
{"ts":"2026-06-04T00:52:51.013Z","level":"INFO","msg":"GET /api/flashcards/due → 200","duration":"1ms"}
{"ts":"2026-06-04T00:52:52.483Z","level":"INFO","msg":"GET /api/roadmaps → 304","duration":"2ms"}
{"ts":"2026-06-04T00:52:52.485Z","level":"INFO","msg":"GET /api/assignments → 304","duration":"4ms"}
{"ts":"2026-06-04T00:52:52.489Z","level":"INFO","msg":"GET /api/flashcards/due → 200","duration":"8ms"}
{"ts":"2026-06-04T00:52:52.492Z","level":"INFO","msg":"GET /api/roadmaps/rm-ml-engineer → 304","duration":"2ms"}
{"ts":"2026-06-04T00:52:52.496Z","level":"INFO","msg":"GET /api/roadmaps → 304","duration":"2ms"}
{"ts":"2026-06-04T00:52:52.501Z","level":"INFO","msg":"GET /api/roadmaps/rm-ml-engineer → 304","duration":"1ms"}
{"ts":"2026-06-04T00:52:55.785Z","level":"INFO","msg":"GET /api/sessions → 304","duration":"2ms"}
{"ts":"2026-06-04T00:52:55.793Z","level":"INFO","msg":"GET /api/assignments → 304","duration":"2ms"}
{"ts":"2026-06-04T00:52:55.794Z","level":"INFO","msg":"GET /api/flashcards/due → 200","duration":"2ms"}
{"ts":"2026-06-04T00:52:55.796Z","level":"INFO","msg":"GET /api/sessions/sess-1780532218093 → 304","duration":"1ms"}
{"ts":"2026-06-04T00:52:56.804Z","level":"INFO","msg":"GET /api/assignments → 304","duration":"2ms"}
{"ts":"2026-06-04T00:52:56.806Z","level":"INFO","msg":"GET /api/flashcards/due → 200","duration":"3ms"}
{"ts":"2026-06-04T00:52:56.808Z","level":"INFO","msg":"GET /api/courses → 304","duration":"5ms"}
{"ts":"2026-06-04T00:52:56.809Z","level":"INFO","msg":"GET /api/users/starred → 304","duration":"6ms"}
{"ts":"2026-06-04T00:52:56.811Z","level":"INFO","msg":"GET /api/community/leaderboard → 304","duration":"8ms"}
{"ts":"2026-06-04T00:52:56.816Z","level":"INFO","msg":"GET /api/users/enrollments → 304","duration":"2ms"}
{"ts":"2026-06-04T00:52:57.952Z","level":"INFO","msg":"GET /api/assignments → 304","duration":"2ms"}
{"ts":"2026-06-04T00:52:57.953Z","level":"INFO","msg":"GET /api/flashcards/due → 200","duration":"3ms"}
{"ts":"2026-06-04T00:52:57.955Z","level":"INFO","msg":"GET /api/assignments → 304","duration":"1ms"}
{"ts":"2026-06-04T00:52:59.233Z","level":"INFO","msg":"GET /api/flashcards/due → 200","duration":"2ms"}
{"ts":"2026-06-04T00:52:59.235Z","level":"INFO","msg":"GET /api/assignments → 304","duration":"3ms"}
{"ts":"2026-06-04T00:52:59.238Z","level":"INFO","msg":"GET /api/flashcards/due → 200","duration":"1ms"}
{"ts":"2026-06-04T00:53:44.949Z","level":"INFO","msg":"GET /api/assignments → 304","duration":"1ms"}
{"ts":"2026-06-04T00:53:44.951Z","level":"INFO","msg":"GET /api/flashcards/due → 200","duration":"3ms"}
{"ts":"2026-06-04T00:53:44.954Z","level":"INFO","msg":"GET /api/assignments → 304","duration":"1ms"}
{"ts":"2026-06-04T00:53:51.738Z","level":"INFO","msg":"GET /api/courses?search=space → 200","duration":"2ms"}
{"ts":"2026-06-04T00:53:51.740Z","level":"INFO","msg":"GET /api/roadmaps → 304","duration":"1ms"}
{"ts":"2026-06-04T00:53:51.742Z","level":"INFO","msg":"GET /api/assignments → 304","duration":"1ms"}
{"ts":"2026-06-04T00:53:51.743Z","level":"INFO","msg":"GET /api/sessions → 304","duration":"1ms"}
{"ts":"2026-06-04T00:53:52.536Z","level":"INFO","msg":"GET /api/courses?search=spaced → 200","duration":"2ms"}
{"ts":"2026-06-04T00:53:52.538Z","level":"INFO","msg":"GET /api/roadmaps → 304","duration":"4ms"}
{"ts":"2026-06-04T00:53:52.539Z","level":"INFO","msg":"GET /api/assignments → 304","duration":"5ms"}
{"ts":"2026-06-04T00:53:52.541Z","level":"INFO","msg":"GET /api/sessions → 304","duration":"6ms"}
{"ts":"2026-06-04T00:53:53.670Z","level":"INFO","msg":"GET /api/courses?search=spaced%20rev → 200","duration":"2ms"}
{"ts":"2026-06-04T00:53:53.672Z","level":"INFO","msg":"GET /api/roadmaps → 304","duration":"3ms"}
{"ts":"2026-06-04T00:53:53.673Z","level":"INFO","msg":"GET /api/assignments → 304","duration":"4ms"}
{"ts":"2026-06-04T00:53:53.676Z","level":"INFO","msg":"GET /api/sessions → 304","duration":"7ms"}
{"ts":"2026-06-04T00:56:37.092Z","level":"INFO","msg":"GET /api/sessions → 304","duration":"11ms"}
{"ts":"2026-06-04T00:56:37.100Z","level":"INFO","msg":"GET /api/flashcards/due → 200","duration":"2ms"}
{"ts":"2026-06-04T00:56:37.101Z","level":"INFO","msg":"GET /api/assignments → 304","duration":"0ms"}
{"ts":"2026-06-04T00:56:37.103Z","level":"INFO","msg":"GET /api/sessions/sess-1780532218093 → 304","duration":"1ms"}
{"ts":"2026-06-04T00:56:37.776Z","level":"INFO","msg":"GET /api/assignments → 304","duration":"1ms"}
{"ts":"2026-06-04T00:56:37.777Z","level":"INFO","msg":"GET /api/flashcards/due → 200","duration":"2ms"}
{"ts":"2026-06-04T00:56:37.778Z","level":"INFO","msg":"GET /api/courses → 304","duration":"0ms"}
{"ts":"2026-06-04T00:56:37.779Z","level":"INFO","msg":"GET /api/community/leaderboard → 304","duration":"1ms"}
{"ts":"2026-06-04T00:56:37.781Z","level":"INFO","msg":"GET /api/users/starred → 304","duration":"1ms"}
{"ts":"2026-06-04T00:56:37.784Z","level":"INFO","msg":"GET /api/users/enrollments → 304","duration":"0ms"}
{"ts":"2026-06-04T00:56:38.503Z","level":"INFO","msg":"GET /api/assignments → 304","duration":"2ms"}
{"ts":"2026-06-04T00:56:38.504Z","level":"INFO","msg":"GET /api/flashcards/due → 200","duration":"3ms"}
{"ts":"2026-06-04T00:56:38.507Z","level":"INFO","msg":"GET /api/assignments → 304","duration":"1ms"}
{"ts":"2026-06-04T00:56:39.123Z","level":"INFO","msg":"GET /api/flashcards/due → 200","duration":"3ms"}
{"ts":"2026-06-04T00:56:39.124Z","level":"INFO","msg":"GET /api/assignments → 304","duration":"4ms"}
{"ts":"2026-06-04T00:56:39.126Z","level":"INFO","msg":"GET /api/flashcards/due → 200","duration":"1ms"}
{"ts":"2026-06-04T00:56:40.297Z","level":"INFO","msg":"POST /api/auth/logout → 200","duration":"3ms"}
{"ts":"2026-06-05T06:18:38.800Z","level":"INFO","msg":"POST /api/auth/login → 200","duration":"83ms"}
{"ts":"2026-06-05T06:18:38.870Z","level":"INFO","msg":"GET /api/roadmaps → 304","duration":"6ms"}
{"ts":"2026-06-05T06:18:38.872Z","level":"INFO","msg":"GET /api/stats → 200","duration":"4ms"}
{"ts":"2026-06-05T06:18:38.874Z","level":"INFO","msg":"GET /api/activity → 200","duration":"2ms"}
{"ts":"2026-06-05T06:18:38.875Z","level":"INFO","msg":"GET /api/sessions → 304","duration":"1ms"}
{"ts":"2026-06-05T06:18:38.876Z","level":"INFO","msg":"GET /api/activity → 304","duration":"2ms"}
{"ts":"2026-06-05T06:18:43.916Z","level":"INFO","msg":"GET /api/roadmaps → 304","duration":"2ms"}
{"ts":"2026-06-05T06:18:43.928Z","level":"INFO","msg":"GET /api/roadmaps/rm-ml-engineer → 304","duration":"3ms"}
{"ts":"2026-06-05T06:18:45.288Z","level":"INFO","msg":"GET /api/sessions → 304","duration":"2ms"}
{"ts":"2026-06-05T06:18:45.303Z","level":"INFO","msg":"GET /api/sessions/sess-1780532218093 → 304","duration":"1ms"}
{"ts":"2026-06-05T06:18:49.029Z","level":"INFO","msg":"POST /api/sessions/sess-1780532218093/messages → 200","duration":"2ms"}
{"ts":"2026-06-05T06:18:49.046Z","level":"WARN","msg":"POST /api/ai/chat → 400","duration":"7ms"}
{"ts":"2026-06-05T06:18:49.053Z","level":"WARN","msg":"POST /api/sessions/sess-1780532218093/messages → 400","duration":"2ms"}
{"ts":"2026-06-05T06:19:10.783Z","level":"INFO","msg":"GET /assets/index-Cr-x2-iG.css → 200","duration":"3ms"}
{"ts":"2026-06-05T06:19:10.783Z","level":"WARN","msg":"404 Not Found: GET /.well-known/appspecific/com.chrome.devtools.json"}
{"ts":"2026-06-05T06:19:10.784Z","level":"WARN","msg":"GET /.well-known/appspecific/com.chrome.devtools.json → 404","duration":"1ms"}
{"ts":"2026-06-05T06:47:29.119Z","level":"INFO","msg":"GET / → 200","duration":"6ms"}
{"ts":"2026-06-05T06:47:29.142Z","level":"WARN","msg":"404 Not Found: GET /.well-known/appspecific/com.chrome.devtools.json"}
{"ts":"2026-06-05T06:47:29.143Z","level":"WARN","msg":"GET /.well-known/appspecific/com.chrome.devtools.json → 404","duration":"1ms"}
{"ts":"2026-06-05T06:47:29.145Z","level":"INFO","msg":"GET /assets/index-DjPH3Aw8.js → 304","duration":"1ms"}
{"ts":"2026-06-05T06:47:29.165Z","level":"INFO","msg":"GET /api/auth/me → 200","duration":"2ms"}
{"ts":"2026-06-05T06:47:29.192Z","level":"INFO","msg":"GET /api/roadmaps → 304","duration":"1ms"}
{"ts":"2026-06-05T06:47:29.194Z","level":"INFO","msg":"GET /api/sessions → 304","duration":"3ms"}
{"ts":"2026-06-05T06:47:29.195Z","level":"INFO","msg":"GET /api/stats → 304","duration":"1ms"}
{"ts":"2026-06-05T06:47:29.197Z","level":"INFO","msg":"GET /api/flashcards/due → 200","duration":"1ms"}
{"ts":"2026-06-05T06:47:29.202Z","level":"INFO","msg":"GET /api/activity → 304","duration":"1ms"}
{"ts":"2026-06-05T06:47:29.203Z","level":"INFO","msg":"GET /api/assignments → 304","duration":"2ms"}
{"ts":"2026-06-05T06:47:29.205Z","level":"INFO","msg":"GET /api/activity → 304","duration":"1ms"}
{"ts":"2026-06-05T06:47:30.546Z","level":"INFO","msg":"GET /api/sessions → 304","duration":"2ms"}
{"ts":"2026-06-05T06:47:30.553Z","level":"INFO","msg":"GET /api/assignments → 304","duration":"1ms"}
{"ts":"2026-06-05T06:47:30.554Z","level":"INFO","msg":"GET /api/flashcards/due → 200","duration":"2ms"}
{"ts":"2026-06-05T06:47:30.558Z","level":"INFO","msg":"GET /api/sessions/sess-1780532218093 → 200","duration":"1ms"}
{"ts":"2026-06-05T06:47:31.994Z","level":"INFO","msg":"GET /api/assignments → 304","duration":"2ms"}
{"ts":"2026-06-05T06:47:31.996Z","level":"INFO","msg":"GET /api/flashcards/due → 200","duration":"3ms"}
{"ts":"2026-06-05T06:47:31.997Z","level":"INFO","msg":"GET /api/courses → 304","duration":"4ms"}
{"ts":"2026-06-05T06:47:32.000Z","level":"INFO","msg":"GET /api/community/leaderboard → 200","duration":"7ms"}
{"ts":"2026-06-05T06:47:32.001Z","level":"INFO","msg":"GET /api/users/starred → 304","duration":"2ms"}
{"ts":"2026-06-05T06:47:32.004Z","level":"INFO","msg":"GET /api/users/enrollments → 304","duration":"0ms"}
{"ts":"2026-06-05T06:53:40.798Z","level":"INFO","msg":"GET /api/assignments → 304","duration":"1ms"}
{"ts":"2026-06-05T06:53:40.800Z","level":"INFO","msg":"GET /api/flashcards/due → 200","duration":"3ms"}
{"ts":"2026-06-05T06:53:40.802Z","level":"INFO","msg":"GET /api/assignments → 304","duration":"1ms"}
{"ts":"2026-06-05T06:53:41.498Z","level":"INFO","msg":"GET /api/flashcards/due → 200","duration":"1ms"}
{"ts":"2026-06-05T06:53:41.499Z","level":"INFO","msg":"GET /api/assignments → 304","duration":"2ms"}
{"ts":"2026-06-05T06:53:41.500Z","level":"INFO","msg":"GET /api/flashcards/due → 200","duration":"1ms"}
{"ts":"2026-06-05T06:53:42.590Z","level":"INFO","msg":"GET /api/assignments → 304","duration":"2ms"}
{"ts":"2026-06-05T06:53:42.592Z","level":"INFO","msg":"GET /api/flashcards/due → 200","duration":"3ms"}
{"ts":"2026-06-05T06:53:42.596Z","level":"INFO","msg":"GET /api/schedule → 304","duration":"2ms"}
{"ts":"2026-06-05T06:53:43.539Z","level":"INFO","msg":"GET /api/assignments → 304","duration":"2ms"}
{"ts":"2026-06-05T06:53:43.540Z","level":"INFO","msg":"GET /api/flashcards/due → 200","duration":"3ms"}
{"ts":"2026-06-05T06:53:43.542Z","level":"INFO","msg":"GET /api/courses → 304","duration":"1ms"}
{"ts":"2026-06-05T06:53:43.543Z","level":"INFO","msg":"GET /api/users/starred → 304","duration":"1ms"}
{"ts":"2026-06-05T06:53:43.544Z","level":"INFO","msg":"GET /api/community/leaderboard → 304","duration":"1ms"}
{"ts":"2026-06-05T06:53:43.549Z","level":"INFO","msg":"GET /api/users/enrollments → 304","duration":"2ms"}
{"ts":"2026-06-05T06:53:44.227Z","level":"INFO","msg":"GET /api/roadmaps → 304","duration":"2ms"}
{"ts":"2026-06-05T06:53:44.228Z","level":"INFO","msg":"GET /api/sessions → 304","duration":"3ms"}
{"ts":"2026-06-05T06:53:44.229Z","level":"INFO","msg":"GET /api/activity → 304","duration":"4ms"}
{"ts":"2026-06-05T06:53:44.230Z","level":"INFO","msg":"GET /api/stats → 304","duration":"5ms"}
{"ts":"2026-06-05T06:53:44.230Z","level":"INFO","msg":"GET /api/assignments → 304","duration":"4ms"}
{"ts":"2026-06-05T06:53:44.233Z","level":"INFO","msg":"GET /api/flashcards/due → 200","duration":"0ms"}
{"ts":"2026-06-05T06:56:08.715Z","level":"INFO","msg":"GET /api/roadmaps → 304","duration":"1ms"}
{"ts":"2026-06-05T06:56:08.716Z","level":"INFO","msg":"GET /api/assignments → 304","duration":"2ms"}
{"ts":"2026-06-05T06:56:08.717Z","level":"INFO","msg":"GET /api/flashcards/due → 200","duration":"1ms"}
{"ts":"2026-06-05T06:56:08.722Z","level":"INFO","msg":"GET /api/roadmaps → 304","duration":"1ms"}
{"ts":"2026-06-05T06:56:08.723Z","level":"INFO","msg":"GET /api/roadmaps/rm-ml-engineer → 304","duration":"1ms"}
{"ts":"2026-06-05T06:56:08.723Z","level":"INFO","msg":"GET /api/roadmaps/rm-ml-engineer → 304","duration":"0ms"}
{"ts":"2026-06-05T06:56:19.771Z","level":"INFO","msg":"POST /api/profile/intake → 200","duration":"5ms"}
{"ts":"2026-06-05T06:56:19.779Z","level":"INFO","msg":"POST /api/roadmaps/generate → 200","duration":"3ms"}
{"ts":"2026-06-05T06:56:20.485Z","level":"INFO","msg":"GET /api/jobs/job-1780642579777-3aq5 → 200","duration":"2ms"}
{"ts":"2026-06-05T06:56:20.490Z","level":"INFO","msg":"GET /api/roadmaps/rm-gen-1780642579781-k2i → 200","duration":"3ms"}
{"ts":"2026-06-05T06:56:20.494Z","level":"INFO","msg":"GET /api/roadmaps → 200","duration":"1ms"}
{"ts":"2026-06-05T06:56:20.497Z","level":"INFO","msg":"GET /api/roadmaps/rm-ml-engineer → 304","duration":"2ms"}
{"ts":"2026-06-05T06:56:23.999Z","level":"INFO","msg":"GET /api/roadmaps → 304","duration":"2ms"}
{"ts":"2026-06-05T06:56:24.005Z","level":"INFO","msg":"GET /api/roadmaps/rm-ml-engineer → 304","duration":"2ms"}
{"ts":"2026-06-05T06:56:44.621Z","level":"INFO","msg":"GET /api/assignments → 304","duration":"1ms"}
{"ts":"2026-06-05T06:56:44.624Z","level":"INFO","msg":"GET /api/flashcards/due → 200","duration":"4ms"}
{"ts":"2026-06-05T06:56:44.625Z","level":"INFO","msg":"GET /api/courses → 304","duration":"1ms"}
{"ts":"2026-06-05T06:56:44.628Z","level":"INFO","msg":"GET /api/users/starred → 304","duration":"1ms"}
{"ts":"2026-06-05T06:56:44.631Z","level":"INFO","msg":"GET /api/community/leaderboard → 304","duration":"2ms"}
{"ts":"2026-06-05T06:56:44.635Z","level":"INFO","msg":"GET /api/users/enrollments → 304","duration":"1ms"}
{"ts":"2026-06-05T06:56:45.770Z","level":"INFO","msg":"GET /api/roadmaps → 304","duration":"2ms"}
{"ts":"2026-06-05T06:56:45.772Z","level":"INFO","msg":"GET /api/assignments → 304","duration":"4ms"}
{"ts":"2026-06-05T06:56:45.776Z","level":"INFO","msg":"GET /api/flashcards/due → 200","duration":"7ms"}
{"ts":"2026-06-05T06:56:45.778Z","level":"INFO","msg":"GET /api/roadmaps/rm-ml-engineer → 304","duration":"1ms"}
{"ts":"2026-06-05T06:56:45.780Z","level":"INFO","msg":"GET /api/roadmaps → 304","duration":"0ms"}
{"ts":"2026-06-05T06:56:45.783Z","level":"INFO","msg":"GET /api/roadmaps/rm-ml-engineer → 304","duration":"1ms"}
{"ts":"2026-06-05T06:56:47.256Z","level":"INFO","msg":"GET /api/roadmaps → 304","duration":"2ms"}
{"ts":"2026-06-05T06:56:47.258Z","level":"INFO","msg":"GET /api/assignments → 304","duration":"3ms"}
{"ts":"2026-06-05T06:56:47.261Z","level":"INFO","msg":"GET /api/flashcards/due → 200","duration":"6ms"}
{"ts":"2026-06-05T06:56:47.262Z","level":"INFO","msg":"GET /api/sessions → 304","duration":"2ms"}
{"ts":"2026-06-05T06:56:47.262Z","level":"INFO","msg":"GET /api/activity → 304","duration":"0ms"}
{"ts":"2026-06-05T06:56:47.263Z","level":"INFO","msg":"GET /api/stats → 200","duration":"0ms"}
{"ts":"2026-06-05T06:56:47.953Z","level":"INFO","msg":"GET /api/flashcards/due → 200","duration":"2ms"}
{"ts":"2026-06-05T06:56:47.954Z","level":"INFO","msg":"GET /api/assignments → 304","duration":"3ms"}
{"ts":"2026-06-05T06:56:47.956Z","level":"INFO","msg":"GET /api/flashcards/due → 200","duration":"1ms"}
{"ts":"2026-06-05T06:56:51.053Z","level":"INFO","msg":"GET /api/assignments → 304","duration":"2ms"}
{"ts":"2026-06-05T06:56:51.055Z","level":"INFO","msg":"GET /api/flashcards/due → 200","duration":"4ms"}
{"ts":"2026-06-05T06:56:51.057Z","level":"INFO","msg":"GET /api/schedule → 304","duration":"1ms"}
{"ts":"2026-06-05T06:57:00.253Z","level":"INFO","msg":"GET /api/roadmaps → 304","duration":"2ms"}
{"ts":"2026-06-05T06:57:00.254Z","level":"INFO","msg":"GET /api/sessions → 304","duration":"2ms"}
{"ts":"2026-06-05T06:57:00.255Z","level":"INFO","msg":"GET /api/activity → 304","duration":"3ms"}
{"ts":"2026-06-05T06:57:00.256Z","level":"INFO","msg":"GET /api/stats → 304","duration":"1ms"}
{"ts":"2026-06-05T06:57:00.257Z","level":"INFO","msg":"GET /api/assignments → 304","duration":"1ms"}
{"ts":"2026-06-05T06:57:00.258Z","level":"INFO","msg":"GET /api/flashcards/due → 200","duration":"1ms"}
{"ts":"2026-06-05T06:57:03.018Z","level":"INFO","msg":"GET /api/activity → 304","duration":"2ms"}
{"ts":"2026-06-05T06:57:03.021Z","level":"INFO","msg":"GET /api/activity → 304","duration":"1ms"}
{"ts":"2026-06-05T06:57:05.917Z","level":"INFO","msg":"GET /api/activity → 304","duration":"2ms"}
{"ts":"2026-06-05T06:57:08.202Z","level":"INFO","msg":"GET /api/roadmaps → 304","duration":"2ms"}
{"ts":"2026-06-05T06:57:08.204Z","level":"INFO","msg":"GET /api/assignments → 304","duration":"1ms"}
{"ts":"2026-06-05T06:57:08.207Z","level":"INFO","msg":"GET /api/flashcards/due → 200","duration":"3ms"}
{"ts":"2026-06-05T06:57:08.210Z","level":"INFO","msg":"GET /api/roadmaps/rm-ml-engineer → 304","duration":"2ms"}
{"ts":"2026-06-05T06:57:08.215Z","level":"INFO","msg":"GET /api/roadmaps → 304","duration":"2ms"}
{"ts":"2026-06-05T06:57:08.219Z","level":"INFO","msg":"GET /api/roadmaps/rm-ml-engineer → 304","duration":"1ms"}
{"ts":"2026-06-05T07:11:52.313Z","level":"INFO","msg":"GET /api/courses → 304","duration":"2ms"}
{"ts":"2026-06-05T07:11:52.316Z","level":"INFO","msg":"GET /api/users/starred → 304","duration":"6ms"}
{"ts":"2026-06-05T07:11:52.318Z","level":"INFO","msg":"GET /api/community/leaderboard → 304","duration":"2ms"}
{"ts":"2026-06-05T07:11:52.319Z","level":"INFO","msg":"GET /api/assignments → 304","duration":"2ms"}
{"ts":"2026-06-05T07:11:52.321Z","level":"INFO","msg":"GET /api/flashcards/due → 200","duration":"1ms"}
{"ts":"2026-06-05T07:11:52.322Z","level":"INFO","msg":"GET /api/users/enrollments → 304","duration":"1ms"}
{"ts":"2026-06-05T07:21:05.624Z","level":"INFO","msg":"GET /api/health → 200","duration":"0ms"}
{"ts":"2026-06-05T07:21:14.434Z","level":"INFO","msg":"GET /api/health → 200","duration":"6ms"}
{"ts":"2026-06-05T07:21:23.554Z","level":"INFO","msg":"POST /api/auth/login → 200","duration":"61ms"}
{"ts":"2026-06-05T07:21:23.563Z","level":"INFO","msg":"GET /api/nodes/ga3/resources → 200","duration":"1ms"}
{"ts":"2026-06-05T07:21:23.594Z","level":"INFO","msg":"GET /api/nodes/ds6/resources → 200","duration":"1ms"}
{"ts":"2026-06-05T07:21:31.060Z","level":"INFO","msg":"POST /api/auth/login → 200","duration":"60ms"}
{"ts":"2026-06-05T07:21:31.070Z","level":"INFO","msg":"POST /api/nodes/ga4/resources/propose → 200","duration":"1ms"}
{"ts":"2026-06-05T07:21:33.120Z","level":"INFO","msg":"GET /api/jobs/job-1780644091070-8dxd → 200","duration":"2ms"}
{"ts":"2026-06-05T07:21:33.163Z","level":"WARN","msg":"POST /api/ai/assignments/generate → 400","duration":"1ms"}
{"ts":"2026-06-05T07:21:50.247Z","level":"INFO","msg":"GET / → 200","duration":"2ms"}
{"ts":"2026-06-05T07:21:50.365Z","level":"INFO","msg":"GET /assets/index-Cr-x2-iG.css → 200","duration":"1ms"}
{"ts":"2026-06-05T07:21:50.366Z","level":"INFO","msg":"GET /assets/index-C2JbiO-u.js → 200","duration":"3ms"}
{"ts":"2026-06-05T07:22:12.257Z","level":"INFO","msg":"POST /api/auth/login → 200","duration":"64ms"}
{"ts":"2026-06-05T07:22:12.264Z","level":"INFO","msg":"GET / → 304","duration":"1ms"}
{"ts":"2026-06-05T07:22:12.277Z","level":"INFO","msg":"GET /api/auth/me → 200","duration":"1ms"}
{"ts":"2026-06-05T07:22:12.340Z","level":"INFO","msg":"GET /api/activity → 200","duration":"1ms"}
{"ts":"2026-06-05T07:22:12.341Z","level":"INFO","msg":"GET /api/activity → 304","duration":"0ms"}
{"ts":"2026-06-05T07:22:12.342Z","level":"INFO","msg":"GET /api/roadmaps → 200","duration":"1ms"}
{"ts":"2026-06-05T07:22:12.343Z","level":"INFO","msg":"GET /api/sessions → 200","duration":"1ms"}
{"ts":"2026-06-05T07:22:12.343Z","level":"INFO","msg":"GET /api/stats → 200","duration":"0ms"}
{"ts":"2026-06-05T07:22:12.345Z","level":"INFO","msg":"GET /api/assignments → 200","duration":"1ms"}
{"ts":"2026-06-05T07:22:12.346Z","level":"INFO","msg":"GET /api/flashcards/due → 200","duration":"1ms"}
{"ts":"2026-06-05T07:22:20.530Z","level":"INFO","msg":"GET /api/roadmaps → 304","duration":"3ms"}
{"ts":"2026-06-05T07:22:20.532Z","level":"INFO","msg":"GET /api/assignments → 304","duration":"5ms"}
{"ts":"2026-06-05T07:22:20.535Z","level":"INFO","msg":"GET /api/flashcards/due → 200","duration":"2ms"}
{"ts":"2026-06-05T07:22:20.537Z","level":"INFO","msg":"GET /api/roadmaps/rm-ml-engineer → 200","duration":"4ms"}
{"ts":"2026-06-05T07:22:20.541Z","level":"INFO","msg":"GET /api/roadmaps → 304","duration":"1ms"}
{"ts":"2026-06-05T07:22:20.546Z","level":"INFO","msg":"GET /api/nodes/n6/resources → 200","duration":"1ms"}
{"ts":"2026-06-05T07:22:20.547Z","level":"INFO","msg":"GET /api/roadmaps/rm-ml-engineer → 304","duration":"1ms"}
{"ts":"2026-06-05T07:22:20.553Z","level":"INFO","msg":"GET /api/nodes/n6/resources → 304","duration":"0ms"}
{"ts":"2026-06-05T07:22:33.151Z","level":"INFO","msg":"GET /api/roadmaps/rm-genai → 200","duration":"2ms"}
{"ts":"2026-06-05T07:22:33.161Z","level":"INFO","msg":"GET /api/nodes/ga4/resources → 200","duration":"1ms"}
{"ts":"2026-06-05T07:22:42.947Z","level":"INFO","msg":"GET /api/nodes/ga3/resources → 200","duration":"2ms"}
{"ts":"2026-06-05T07:23:08.308Z","level":"INFO","msg":"GET /api/auth/me → 304","duration":"1ms"}
{"ts":"2026-06-05T07:23:08.331Z","level":"INFO","msg":"GET /api/activity → 304","duration":"1ms"}
{"ts":"2026-06-05T07:23:08.332Z","level":"INFO","msg":"GET /api/roadmaps → 304","duration":"1ms"}
{"ts":"2026-06-05T07:23:08.333Z","level":"INFO","msg":"GET /api/activity → 304","duration":"2ms"}
{"ts":"2026-06-05T07:23:08.334Z","level":"INFO","msg":"GET /api/sessions → 304","duration":"1ms"}
{"ts":"2026-06-05T07:23:08.335Z","level":"INFO","msg":"GET /api/stats → 304","duration":"1ms"}
{"ts":"2026-06-05T07:23:08.335Z","level":"INFO","msg":"GET /api/assignments → 304","duration":"0ms"}
{"ts":"2026-06-05T07:23:08.336Z","level":"INFO","msg":"GET /api/flashcards/due → 200","duration":"0ms"}
{"ts":"2026-06-05T07:23:19.916Z","level":"INFO","msg":"GET /api/sessions → 304","duration":"1ms"}
{"ts":"2026-06-05T07:23:19.923Z","level":"INFO","msg":"GET /api/assignments → 304","duration":"2ms"}
{"ts":"2026-06-05T07:23:19.925Z","level":"INFO","msg":"GET /api/flashcards/due → 200","duration":"4ms"}
{"ts":"2026-06-05T07:23:19.930Z","level":"INFO","msg":"GET /api/sessions/sess-1780532218093 → 200","duration":"5ms"}
{"ts":"2026-06-05T07:23:30.756Z","level":"INFO","msg":"GET /api/sessions → 304","duration":"1ms"}
{"ts":"2026-06-05T07:23:30.764Z","level":"INFO","msg":"GET /api/flashcards/due → 200","duration":"2ms"}
{"ts":"2026-06-05T07:23:30.765Z","level":"INFO","msg":"GET /api/assignments → 304","duration":"1ms"}
{"ts":"2026-06-05T07:23:30.769Z","level":"INFO","msg":"GET /api/sessions/sess-1780532218093 → 304","duration":"1ms"}
{"ts":"2026-06-05T07:23:31.575Z","level":"INFO","msg":"GET /api/assignments → 304","duration":"1ms"}
{"ts":"2026-06-05T07:23:31.577Z","level":"INFO","msg":"GET /api/flashcards/due → 200","duration":"3ms"}
{"ts":"2026-06-05T07:23:31.578Z","level":"INFO","msg":"GET /api/roadmaps → 304","duration":"0ms"}
{"ts":"2026-06-05T07:23:31.583Z","level":"INFO","msg":"GET /api/roadmaps → 304","duration":"1ms"}
{"ts":"2026-06-05T07:23:31.584Z","level":"INFO","msg":"GET /api/roadmaps/rm-ml-engineer → 304","duration":"2ms"}
{"ts":"2026-06-05T07:23:31.585Z","level":"INFO","msg":"GET /api/roadmaps/rm-ml-engineer → 304","duration":"1ms"}
{"ts":"2026-06-05T07:23:33.167Z","level":"INFO","msg":"GET /api/roadmaps → 304","duration":"1ms"}
{"ts":"2026-06-05T07:23:33.168Z","level":"INFO","msg":"GET /api/sessions → 304","duration":"2ms"}
{"ts":"2026-06-05T07:23:33.168Z","level":"INFO","msg":"GET /api/assignments → 304","duration":"2ms"}
{"ts":"2026-06-05T07:23:33.169Z","level":"INFO","msg":"GET /api/flashcards/due → 200","duration":"0ms"}
{"ts":"2026-06-05T07:23:33.170Z","level":"INFO","msg":"GET /api/activity → 304","duration":"1ms"}
{"ts":"2026-06-05T07:23:33.171Z","level":"INFO","msg":"GET /api/stats → 304","duration":"1ms"}
{"ts":"2026-06-05T07:23:34.515Z","level":"INFO","msg":"GET /api/roadmaps → 304","duration":"2ms"}
{"ts":"2026-06-05T07:23:34.520Z","level":"INFO","msg":"GET /api/assignments → 304","duration":"6ms"}
{"ts":"2026-06-05T07:23:34.523Z","level":"INFO","msg":"GET /api/flashcards/due → 200","duration":"9ms"}
{"ts":"2026-06-05T07:23:34.526Z","level":"INFO","msg":"GET /api/roadmaps/rm-ml-engineer → 304","duration":"2ms"}
{"ts":"2026-06-05T07:23:34.528Z","level":"INFO","msg":"GET /api/roadmaps → 304","duration":"1ms"}
{"ts":"2026-06-05T07:23:34.531Z","level":"INFO","msg":"GET /api/roadmaps/rm-ml-engineer → 304","duration":"1ms"}
{"ts":"2026-06-05T07:23:35.267Z","level":"INFO","msg":"GET /api/sessions → 304","duration":"1ms"}
{"ts":"2026-06-05T07:23:35.278Z","level":"INFO","msg":"GET /api/assignments → 304","duration":"2ms"}
{"ts":"2026-06-05T07:23:35.280Z","level":"INFO","msg":"GET /api/flashcards/due → 200","duration":"3ms"}
{"ts":"2026-06-05T07:23:35.282Z","level":"INFO","msg":"GET /api/sessions/sess-1780532218093 → 304","duration":"1ms"}
{"ts":"2026-06-05T07:23:55.772Z","level":"INFO","msg":"POST /api/sessions/sess-1780532218093/messages → 200","duration":"1ms"}
{"ts":"2026-06-05T07:23:55.778Z","level":"WARN","msg":"POST /api/ai/chat → 400","duration":"2ms"}
{"ts":"2026-06-05T07:23:55.782Z","level":"INFO","msg":"POST /api/sessions/sess-1780532218093/messages → 200","duration":"1ms"}
{"ts":"2026-06-05T07:24:22.395Z","level":"INFO","msg":"GET /api/assignments → 304","duration":"1ms"}
{"ts":"2026-06-05T07:24:22.396Z","level":"INFO","msg":"GET /api/flashcards/due → 200","duration":"2ms"}
{"ts":"2026-06-05T07:24:22.397Z","level":"INFO","msg":"GET /api/assignments → 304","duration":"0ms"}
{"ts":"2026-06-05T07:24:23.926Z","level":"INFO","msg":"GET /api/sessions → 304","duration":"3ms"}
{"ts":"2026-06-05T07:24:23.937Z","level":"WARN","msg":"POST /api/ai/assignments/generate → 400","duration":"6ms"}
{"ts":"2026-06-05T07:24:24.025Z","level":"INFO","msg":"POST /api/assignments → 200","duration":"1ms"}
{"ts":"2026-06-05T07:24:24.027Z","level":"INFO","msg":"GET /api/assignments → 200","duration":"1ms"}
{"ts":"2026-06-05T07:25:32.935Z","level":"INFO","msg":"GET / → 200","duration":"4ms"}
{"ts":"2026-06-05T07:25:32.951Z","level":"INFO","msg":"GET /assets/index-Cr-x2-iG.css → 200","duration":"1ms"}
{"ts":"2026-06-05T07:25:32.952Z","level":"INFO","msg":"GET /assets/index-C2JbiO-u.js → 200","duration":"5ms"}
{"ts":"2026-06-05T07:25:32.967Z","level":"INFO","msg":"GET /api/auth/me → 304","duration":"2ms"}
{"ts":"2026-06-05T07:25:32.977Z","level":"INFO","msg":"GET /api/stats → 200","duration":"1ms"}
{"ts":"2026-06-05T07:25:32.978Z","level":"INFO","msg":"GET /api/activity → 304","duration":"2ms"}
{"ts":"2026-06-05T07:25:32.979Z","level":"INFO","msg":"GET /api/activity → 304","duration":"1ms"}
{"ts":"2026-06-05T07:25:32.980Z","level":"INFO","msg":"GET /api/roadmaps → 304","duration":"2ms"}
{"ts":"2026-06-05T07:25:32.982Z","level":"INFO","msg":"GET /api/flashcards/due → 200","duration":"1ms"}
{"ts":"2026-06-05T07:25:32.985Z","level":"INFO","msg":"GET /api/sessions → 304","duration":"2ms"}
{"ts":"2026-06-05T07:25:32.986Z","level":"INFO","msg":"GET /api/assignments → 200","duration":"3ms"}
{"ts":"2026-06-05T07:25:34.357Z","level":"INFO","msg":"GET /api/sessions → 304","duration":"1ms"}
{"ts":"2026-06-05T07:25:34.367Z","level":"INFO","msg":"GET /api/assignments → 304","duration":"2ms"}
{"ts":"2026-06-05T07:25:34.368Z","level":"INFO","msg":"GET /api/flashcards/due → 200","duration":"3ms"}
{"ts":"2026-06-05T07:25:34.371Z","level":"INFO","msg":"GET /api/sessions/sess-1780532218093 → 200","duration":"1ms"}
{"ts":"2026-06-05T07:25:35.204Z","level":"INFO","msg":"GET /api/assignments → 304","duration":"2ms"}
{"ts":"2026-06-05T07:25:35.206Z","level":"INFO","msg":"GET /api/flashcards/due → 200","duration":"3ms"}
{"ts":"2026-06-05T07:25:35.209Z","level":"INFO","msg":"GET /api/assignments → 304","duration":"1ms"}
{"ts":"2026-06-05T07:29:04.603Z","level":"INFO","msg":"GET /api/flashcards/due → 200","duration":"1ms"}
{"ts":"2026-06-05T07:29:04.608Z","level":"INFO","msg":"GET /api/assignments → 304","duration":"6ms"}
{"ts":"2026-06-05T07:29:04.611Z","level":"INFO","msg":"GET /api/flashcards/due → 200","duration":"2ms"}
{"ts":"2026-06-05T07:29:07.732Z","level":"INFO","msg":"GET /api/assignments → 304","duration":"2ms"}
{"ts":"2026-06-05T07:29:07.735Z","level":"INFO","msg":"GET /api/flashcards/due → 200","duration":"4ms"}
{"ts":"2026-06-05T07:29:07.737Z","level":"INFO","msg":"GET /api/courses → 304","duration":"2ms"}
{"ts":"2026-06-05T07:29:07.739Z","level":"INFO","msg":"GET /api/community/leaderboard → 304","duration":"2ms"}
{"ts":"2026-06-05T07:29:07.741Z","level":"INFO","msg":"GET /api/users/starred → 304","duration":"1ms"}
{"ts":"2026-06-05T07:29:07.746Z","level":"INFO","msg":"GET /api/users/enrollments → 304","duration":"2ms"}
{"ts":"2026-06-05T07:29:40.363Z","level":"INFO","msg":"GET /api/assignments → 304","duration":"2ms"}
{"ts":"2026-06-05T07:29:40.365Z","level":"INFO","msg":"GET /api/flashcards/due → 200","duration":"1ms"}
{"ts":"2026-06-05T07:29:40.368Z","level":"INFO","msg":"GET /api/certificates → 304","duration":"2ms"}
{"ts":"2026-06-05T07:29:40.369Z","level":"INFO","msg":"GET /api/badges → 304","duration":"1ms"}
{"ts":"2026-06-05T07:29:46.545Z","level":"INFO","msg":"GET /api/users/starred → 304","duration":"1ms"}
{"ts":"2026-06-05T07:29:46.548Z","level":"INFO","msg":"GET /api/courses → 304","duration":"1ms"}
{"ts":"2026-06-05T07:29:46.552Z","level":"INFO","msg":"GET /api/assignments → 304","duration":"2ms"}
{"ts":"2026-06-05T07:29:46.555Z","level":"INFO","msg":"GET /api/flashcards/due → 200","duration":"2ms"}
{"ts":"2026-06-05T07:29:47.545Z","level":"INFO","msg":"GET /api/assignments → 304","duration":"2ms"}
{"ts":"2026-06-05T07:29:47.547Z","level":"INFO","msg":"GET /api/flashcards/due → 200","duration":"4ms"}
{"ts":"2026-06-05T07:29:47.548Z","level":"INFO","msg":"GET /api/activity → 304","duration":"5ms"}
{"ts":"2026-06-05T07:29:49.211Z","level":"INFO","msg":"GET /api/users/starred → 304","duration":"2ms"}
{"ts":"2026-06-05T07:29:49.212Z","level":"INFO","msg":"GET /api/courses → 304","duration":"3ms"}
{"ts":"2026-06-05T07:29:49.214Z","level":"INFO","msg":"GET /api/assignments → 304","duration":"5ms"}
{"ts":"2026-06-05T07:29:49.215Z","level":"INFO","msg":"GET /api/flashcards/due → 200","duration":"5ms"}
{"ts":"2026-06-05T07:29:51.075Z","level":"INFO","msg":"DELETE /api/users/starred/course/deep-learning → 200","duration":"2ms"}
{"ts":"2026-06-05T07:29:53.363Z","level":"INFO","msg":"GET /api/assignments → 304","duration":"2ms"}
{"ts":"2026-06-05T07:29:53.365Z","level":"INFO","msg":"GET /api/flashcards/due → 200","duration":"4ms"}
{"ts":"2026-06-05T07:29:53.367Z","level":"INFO","msg":"GET /api/schedule → 304","duration":"1ms"}
{"ts":"2026-06-05T07:29:54.126Z","level":"INFO","msg":"GET /api/flashcards/due → 200","duration":"1ms"}
{"ts":"2026-06-05T07:29:54.126Z","level":"INFO","msg":"GET /api/assignments → 304","duration":"0ms"}
{"ts":"2026-06-05T07:29:54.127Z","level":"INFO","msg":"GET /api/flashcards/due → 200","duration":"0ms"}
{"ts":"2026-06-05T07:29:55.648Z","level":"INFO","msg":"GET /api/assignments → 304","duration":"1ms"}
{"ts":"2026-06-05T07:29:55.649Z","level":"INFO","msg":"GET /api/flashcards/due → 200","duration":"3ms"}
{"ts":"2026-06-05T07:29:55.651Z","level":"INFO","msg":"GET /api/assignments → 304","duration":"1ms"}
{"ts":"2026-06-05T07:30:44.748Z","level":"INFO","msg":"GET /api/activity → 304","duration":"2ms"}
{"ts":"2026-06-05T07:30:44.751Z","level":"INFO","msg":"GET /api/assignments → 304","duration":"5ms"}
{"ts":"2026-06-05T07:30:44.756Z","level":"INFO","msg":"GET /api/flashcards/due → 200","duration":"2ms"}
{"ts":"2026-06-05T07:37:22.200Z","level":"INFO","msg":"GET /api/certificates → 304","duration":"4ms"}
{"ts":"2026-06-05T07:37:22.202Z","level":"INFO","msg":"GET /api/badges → 304","duration":"4ms"}
{"ts":"2026-06-05T07:37:22.205Z","level":"INFO","msg":"GET /api/assignments → 304","duration":"2ms"}
{"ts":"2026-06-05T07:37:22.207Z","level":"INFO","msg":"GET /api/flashcards/due → 200","duration":"1ms"}
{"ts":"2026-06-05T07:37:23.196Z","level":"INFO","msg":"GET /api/assignments → 304","duration":"3ms"}
{"ts":"2026-06-05T07:37:23.198Z","level":"INFO","msg":"GET /api/flashcards/due → 200","duration":"4ms"}
{"ts":"2026-06-05T07:37:23.199Z","level":"INFO","msg":"GET /api/courses → 304","duration":"5ms"}
{"ts":"2026-06-05T07:37:23.201Z","level":"INFO","msg":"GET /api/roadmaps → 304","duration":"7ms"}
{"ts":"2026-06-05T07:37:23.206Z","level":"INFO","msg":"GET /api/community/leaderboard → 304","duration":"3ms"}
{"ts":"2026-06-05T07:37:23.208Z","level":"INFO","msg":"GET /api/community/threads → 200","duration":"4ms"}
{"ts":"2026-06-05T07:48:55.899Z","level":"INFO","msg":"GET /api/flashcards/due → 200","duration":"3ms"}
{"ts":"2026-06-05T07:48:55.901Z","level":"INFO","msg":"GET /api/roadmaps → 304","duration":"4ms"}
{"ts":"2026-06-05T07:48:55.902Z","level":"INFO","msg":"GET /api/assignments → 304","duration":"2ms"}
{"ts":"2026-06-05T07:48:55.904Z","level":"INFO","msg":"GET /api/roadmaps/rm-ml-engineer → 304","duration":"1ms"}
{"ts":"2026-06-05T07:48:55.905Z","level":"INFO","msg":"GET /api/roadmaps → 304","duration":"1ms"}
{"ts":"2026-06-05T07:48:55.909Z","level":"INFO","msg":"GET /api/nodes/n6/resources → 304","duration":"1ms"}
{"ts":"2026-06-05T07:48:55.910Z","level":"INFO","msg":"GET /api/roadmaps/rm-ml-engineer → 304","duration":"2ms"}
{"ts":"2026-06-05T07:48:55.915Z","level":"INFO","msg":"GET /api/nodes/n6/resources → 304","duration":"1ms"}
{"ts":"2026-06-05T07:48:56.675Z","level":"INFO","msg":"GET /api/roadmaps → 304","duration":"1ms"}
{"ts":"2026-06-05T07:48:56.676Z","level":"INFO","msg":"GET /api/assignments → 304","duration":"2ms"}
{"ts":"2026-06-05T07:48:56.677Z","level":"INFO","msg":"GET /api/flashcards/due → 200","duration":"2ms"}
{"ts":"2026-06-05T07:48:56.678Z","level":"INFO","msg":"GET /api/sessions → 304","duration":"0ms"}
{"ts":"2026-06-05T07:48:56.679Z","level":"INFO","msg":"GET /api/activity → 304","duration":"0ms"}
{"ts":"2026-06-05T07:48:56.680Z","level":"INFO","msg":"GET /api/stats → 200","duration":"1ms"}
{"ts":"2026-06-05T07:48:57.520Z","level":"INFO","msg":"GET /api/roadmaps → 304","duration":"0ms"}
{"ts":"2026-06-05T07:48:57.521Z","level":"INFO","msg":"GET /api/assignments → 304","duration":"1ms"}
{"ts":"2026-06-05T07:48:57.522Z","level":"INFO","msg":"GET /api/flashcards/due → 200","duration":"2ms"}
{"ts":"2026-06-05T07:48:57.530Z","level":"INFO","msg":"GET /api/roadmaps/rm-ml-engineer → 304","duration":"2ms"}
{"ts":"2026-06-05T07:48:57.531Z","level":"INFO","msg":"GET /api/roadmaps → 304","duration":"2ms"}
{"ts":"2026-06-05T07:48:57.534Z","level":"INFO","msg":"GET /api/nodes/n6/resources → 304","duration":"1ms"}
{"ts":"2026-06-05T07:48:57.534Z","level":"INFO","msg":"GET /api/roadmaps/rm-ml-engineer → 304","duration":"1ms"}
{"ts":"2026-06-05T07:48:57.537Z","level":"INFO","msg":"GET /api/nodes/n6/resources → 304","duration":"0ms"}
{"ts":"2026-06-05T07:48:58.289Z","level":"INFO","msg":"GET /api/sessions → 304","duration":"1ms"}
{"ts":"2026-06-05T07:48:58.295Z","level":"INFO","msg":"GET /api/assignments → 304","duration":"1ms"}
{"ts":"2026-06-05T07:48:58.297Z","level":"INFO","msg":"GET /api/flashcards/due → 200","duration":"3ms"}
{"ts":"2026-06-05T07:48:58.301Z","level":"INFO","msg":"GET /api/sessions/sess-1780532218093 → 200","duration":"2ms"}
{"ts":"2026-06-05T07:48:59.922Z","level":"INFO","msg":"GET /api/roadmaps → 304","duration":"1ms"}
{"ts":"2026-06-05T07:48:59.924Z","level":"INFO","msg":"GET /api/flashcards/due → 200","duration":"3ms"}
{"ts":"2026-06-05T07:48:59.926Z","level":"INFO","msg":"GET /api/assignments → 304","duration":"5ms"}
{"ts":"2026-06-05T07:48:59.931Z","level":"INFO","msg":"GET /api/roadmaps/rm-ml-engineer → 304","duration":"1ms"}
{"ts":"2026-06-05T07:48:59.933Z","level":"INFO","msg":"GET /api/roadmaps → 304","duration":"3ms"}
{"ts":"2026-06-05T07:48:59.936Z","level":"INFO","msg":"GET /api/nodes/n6/resources → 304","duration":"0ms"}
{"ts":"2026-06-05T07:48:59.937Z","level":"INFO","msg":"GET /api/roadmaps/rm-ml-engineer → 304","duration":"1ms"}
{"ts":"2026-06-05T07:48:59.940Z","level":"INFO","msg":"GET /api/nodes/n6/resources → 304","duration":"0ms"}
{"ts":"2026-06-05T07:49:00.789Z","level":"INFO","msg":"GET /api/sessions → 304","duration":"1ms"}
{"ts":"2026-06-05T07:49:00.792Z","level":"INFO","msg":"GET /api/assignments → 304","duration":"1ms"}
{"ts":"2026-06-05T07:49:00.793Z","level":"INFO","msg":"GET /api/flashcards/due → 200","duration":"2ms"}
{"ts":"2026-06-05T07:49:00.796Z","level":"INFO","msg":"GET /api/sessions/sess-1780532218093 → 304","duration":"2ms"}
{"ts":"2026-06-05T07:55:20.993Z","level":"INFO","msg":"POST /api/auth/login → 200","duration":"74ms"}
{"ts":"2026-06-05T07:55:20.999Z","level":"INFO","msg":"GET / → 200","duration":"1ms"}
{"ts":"2026-06-05T07:55:21.006Z","level":"INFO","msg":"GET /assets/index-BAQjXXuA.js → 200","duration":"3ms"}
{"ts":"2026-06-05T07:55:21.026Z","level":"INFO","msg":"GET /api/auth/me → 304","duration":"9ms"}
{"ts":"2026-06-05T07:55:21.082Z","level":"INFO","msg":"GET /api/ai/runs → 200","duration":"1ms"}
{"ts":"2026-06-05T07:55:21.083Z","level":"INFO","msg":"GET /api/flashcards/due → 200","duration":"1ms"}
{"ts":"2026-06-05T07:55:21.084Z","level":"INFO","msg":"GET /api/activity → 304","duration":"2ms"}
{"ts":"2026-06-05T07:55:21.085Z","level":"INFO","msg":"GET /api/roadmaps → 304","duration":"1ms"}
{"ts":"2026-06-05T07:55:21.085Z","level":"INFO","msg":"GET /api/activity → 304","duration":"1ms"}
{"ts":"2026-06-05T07:55:21.086Z","level":"INFO","msg":"GET /api/sessions → 304","duration":"0ms"}
{"ts":"2026-06-05T07:55:21.087Z","level":"INFO","msg":"GET /api/stats → 304","duration":"1ms"}
{"ts":"2026-06-05T07:55:21.088Z","level":"INFO","msg":"GET /api/assignments → 304","duration":"1ms"}
{"ts":"2026-06-05T07:55:32.938Z","level":"INFO","msg":"GET /api/roadmaps → 304","duration":"2ms"}
{"ts":"2026-06-05T07:55:32.940Z","level":"INFO","msg":"GET /api/assignments → 304","duration":"4ms"}
{"ts":"2026-06-05T07:55:32.942Z","level":"INFO","msg":"GET /api/flashcards/due → 200","duration":"6ms"}
{"ts":"2026-06-05T07:55:32.945Z","level":"INFO","msg":"GET /api/roadmaps/rm-ml-engineer → 304","duration":"2ms"}
{"ts":"2026-06-05T07:55:32.952Z","level":"INFO","msg":"GET /api/roadmaps → 304","duration":"1ms"}
{"ts":"2026-06-05T07:55:32.960Z","level":"INFO","msg":"GET /api/nodes/n6/lesson → 200","duration":"2ms"}
{"ts":"2026-06-05T07:55:32.961Z","level":"INFO","msg":"GET /api/nodes/n6/resources → 304","duration":"2ms"}
{"ts":"2026-06-05T07:55:32.963Z","level":"INFO","msg":"GET /api/roadmaps/rm-ml-engineer → 304","duration":"1ms"}
{"ts":"2026-06-05T07:55:32.972Z","level":"INFO","msg":"GET /api/nodes/n6/resources → 304","duration":"1ms"}
{"ts":"2026-06-05T07:55:32.972Z","level":"INFO","msg":"GET /api/nodes/n6/lesson → 304","duration":"1ms"}
{"ts":"2026-06-05T07:55:33.927Z","level":"INFO","msg":"GET /api/roadmaps/rm-genai → 304","duration":"2ms"}
{"ts":"2026-06-05T07:55:33.936Z","level":"INFO","msg":"GET /api/nodes/ga4/lesson → 200","duration":"2ms"}
{"ts":"2026-06-05T07:55:33.939Z","level":"INFO","msg":"GET /api/nodes/ga4/resources → 304","duration":"4ms"}
{"ts":"2026-06-05T07:55:52.928Z","level":"INFO","msg":"GET /api/roadmaps/rm-genai → 304","duration":"2ms"}
{"ts":"2026-06-05T07:55:52.939Z","level":"INFO","msg":"GET /api/nodes/ga4/resources → 304","duration":"2ms"}
{"ts":"2026-06-05T07:55:52.942Z","level":"INFO","msg":"GET /api/nodes/ga4/lesson → 304","duration":"2ms"}
{"ts":"2026-06-05T07:55:55.943Z","level":"INFO","msg":"GET /api/nodes/ga3/lesson → 200","duration":"2ms"}
{"ts":"2026-06-05T07:55:55.945Z","level":"INFO","msg":"GET /api/nodes/ga3/resources → 304","duration":"1ms"}
{"ts":"2026-06-05T07:56:07.940Z","level":"INFO","msg":"GET /api/sessions → 304","duration":"2ms"}
{"ts":"2026-06-05T07:56:07.948Z","level":"INFO","msg":"GET /api/assignments → 304","duration":"2ms"}
{"ts":"2026-06-05T07:56:07.951Z","level":"INFO","msg":"GET /api/flashcards/due → 200","duration":"2ms"}
{"ts":"2026-06-05T07:56:07.953Z","level":"INFO","msg":"GET /api/sessions/sess-1780532218093 → 304","duration":"2ms"}
{"ts":"2026-06-05T07:56:07.954Z","level":"INFO","msg":"GET /api/assignments → 304","duration":"3ms"}
{"ts":"2026-06-05T07:56:16.621Z","level":"INFO","msg":"GET /api/auth/me → 304","duration":"1ms"}
{"ts":"2026-06-05T07:56:16.647Z","level":"INFO","msg":"GET /api/activity → 304","duration":"1ms"}
{"ts":"2026-06-05T07:56:16.648Z","level":"INFO","msg":"GET /api/assignments → 304","duration":"0ms"}
{"ts":"2026-06-05T07:56:16.649Z","level":"INFO","msg":"GET /api/ai/runs → 304","duration":"1ms"}
{"ts":"2026-06-05T07:56:16.649Z","level":"INFO","msg":"GET /api/roadmaps → 304","duration":"0ms"}
{"ts":"2026-06-05T07:56:16.650Z","level":"INFO","msg":"GET /api/activity → 304","duration":"1ms"}
{"ts":"2026-06-05T07:56:16.651Z","level":"INFO","msg":"GET /api/sessions → 304","duration":"1ms"}
{"ts":"2026-06-05T07:56:16.651Z","level":"INFO","msg":"GET /api/stats → 304","duration":"0ms"}
{"ts":"2026-06-05T07:56:16.652Z","level":"INFO","msg":"GET /api/flashcards/due → 200","duration":"0ms"}
{"ts":"2026-06-05T07:56:54.471Z","level":"INFO","msg":"GET / → 200","duration":"1ms"}
{"ts":"2026-06-05T07:56:54.480Z","level":"INFO","msg":"GET /assets/index-BhRWkkDC.js → 200","duration":"2ms"}
{"ts":"2026-06-05T07:56:54.495Z","level":"INFO","msg":"GET /api/auth/me → 304","duration":"1ms"}
{"ts":"2026-06-05T07:56:54.531Z","level":"INFO","msg":"GET /api/activity → 304","duration":"1ms"}
{"ts":"2026-06-05T07:56:54.532Z","level":"INFO","msg":"GET /api/ai/runs → 304","duration":"1ms"}
{"ts":"2026-06-05T07:56:54.533Z","level":"INFO","msg":"GET /api/sessions → 304","duration":"1ms"}
{"ts":"2026-06-05T07:56:54.533Z","level":"INFO","msg":"GET /api/roadmaps → 304","duration":"1ms"}
{"ts":"2026-06-05T07:56:54.534Z","level":"INFO","msg":"GET /api/flashcards/due → 200","duration":"0ms"}
{"ts":"2026-06-05T07:56:54.535Z","level":"INFO","msg":"GET /api/stats → 304","duration":"1ms"}
{"ts":"2026-06-05T07:56:54.536Z","level":"INFO","msg":"GET /api/assignments → 304","duration":"1ms"}
{"ts":"2026-06-05T07:56:54.536Z","level":"INFO","msg":"GET /api/activity → 304","duration":"0ms"}
{"ts":"2026-06-05T07:57:05.944Z","level":"INFO","msg":"GET /api/roadmaps → 304","duration":"7ms"}
{"ts":"2026-06-05T07:57:05.947Z","level":"INFO","msg":"GET /api/assignments → 304","duration":"10ms"}
{"ts":"2026-06-05T07:57:05.948Z","level":"INFO","msg":"GET /api/flashcards/due → 200","duration":"10ms"}
{"ts":"2026-06-05T07:57:05.949Z","level":"INFO","msg":"GET /api/roadmaps/rm-ml-engineer → 304","duration":"0ms"}
{"ts":"2026-06-05T07:57:06.069Z","level":"INFO","msg":"GET /api/nodes/n6/resources → 304","duration":"1ms"}
{"ts":"2026-06-05T07:57:06.070Z","level":"INFO","msg":"GET /api/nodes/n6/lesson → 304","duration":"1ms"}
{"ts":"2026-06-05T07:57:06.070Z","level":"INFO","msg":"GET /api/roadmaps → 304","duration":"1ms"}
{"ts":"2026-06-05T07:57:06.072Z","level":"INFO","msg":"GET /api/roadmaps/rm-ml-engineer → 304","duration":"1ms"}
{"ts":"2026-06-05T07:57:06.080Z","level":"INFO","msg":"GET /api/nodes/n6/resources → 304","duration":"1ms"}
{"ts":"2026-06-05T07:57:06.080Z","level":"INFO","msg":"GET /api/nodes/n6/lesson → 304","duration":"1ms"}
{"ts":"2026-06-05T07:57:06.929Z","level":"INFO","msg":"GET /api/roadmaps/rm-genai → 304","duration":"1ms"}
{"ts":"2026-06-05T07:57:06.944Z","level":"INFO","msg":"GET /api/nodes/ga4/resources → 304","duration":"1ms"}
{"ts":"2026-06-05T07:57:06.946Z","level":"INFO","msg":"GET /api/nodes/ga4/lesson → 304","duration":"3ms"}
{"ts":"2026-06-05T07:57:08.934Z","level":"INFO","msg":"GET /api/nodes/ga3/resources → 304","duration":"2ms"}
{"ts":"2026-06-05T07:57:08.937Z","level":"INFO","msg":"GET /api/nodes/ga3/lesson → 304","duration":"5ms"}
{"ts":"2026-06-05T07:57:24.820Z","level":"INFO","msg":"GET /api/sessions → 304","duration":"1ms"}
{"ts":"2026-06-05T07:57:24.825Z","level":"INFO","msg":"GET /api/assignments → 304","duration":"1ms"}
{"ts":"2026-06-05T07:57:24.827Z","level":"INFO","msg":"GET /api/flashcards/due → 200","duration":"1ms"}
{"ts":"2026-06-05T07:57:24.828Z","level":"INFO","msg":"GET /api/sessions/sess-1780532218093 → 304","duration":"0ms"}
{"ts":"2026-06-05T07:57:24.829Z","level":"INFO","msg":"GET /api/assignments → 304","duration":"0ms"}
{"ts":"2026-06-05T07:57:37.946Z","level":"INFO","msg":"GET / → 200","duration":"1ms"}
{"ts":"2026-06-05T07:57:37.974Z","level":"INFO","msg":"GET /assets/index-BhRWkkDC.js → 200","duration":"3ms"}
{"ts":"2026-06-05T07:57:37.992Z","level":"INFO","msg":"GET /api/auth/me → 304","duration":"2ms"}
{"ts":"2026-06-05T07:57:38.002Z","level":"INFO","msg":"GET /api/ai/runs → 200","duration":"1ms"}
{"ts":"2026-06-05T07:57:38.003Z","level":"INFO","msg":"GET /api/sessions → 304","duration":"1ms"}
{"ts":"2026-06-05T07:57:38.004Z","level":"INFO","msg":"GET /api/roadmaps → 304","duration":"1ms"}
{"ts":"2026-06-05T07:57:38.004Z","level":"INFO","msg":"GET /api/activity → 304","duration":"0ms"}
{"ts":"2026-06-05T07:57:38.006Z","level":"INFO","msg":"GET /api/assignments → 304","duration":"1ms"}
{"ts":"2026-06-05T07:57:38.007Z","level":"INFO","msg":"GET /api/activity → 304","duration":"2ms"}
{"ts":"2026-06-05T07:57:38.008Z","level":"INFO","msg":"GET /api/flashcards/due → 200","duration":"1ms"}
{"ts":"2026-06-05T07:57:38.009Z","level":"INFO","msg":"GET /api/stats → 304","duration":"1ms"}
{"ts":"2026-06-05T07:57:39.399Z","level":"INFO","msg":"GET /api/assignments → 304","duration":"2ms"}
{"ts":"2026-06-05T07:57:39.400Z","level":"INFO","msg":"GET /api/flashcards/due → 200","duration":"3ms"}
{"ts":"2026-06-05T07:57:39.402Z","level":"INFO","msg":"GET /api/courses → 304","duration":"5ms"}
{"ts":"2026-06-05T07:57:39.404Z","level":"INFO","msg":"GET /api/community/leaderboard → 304","duration":"7ms"}
{"ts":"2026-06-05T07:57:39.405Z","level":"INFO","msg":"GET /api/users/starred → 200","duration":"8ms"}
{"ts":"2026-06-05T07:57:39.412Z","level":"INFO","msg":"GET /api/users/enrollments → 304","duration":"2ms"}
{"ts":"2026-06-05T07:57:40.280Z","level":"INFO","msg":"GET /api/assignments → 304","duration":"2ms"}
{"ts":"2026-06-05T07:57:40.282Z","level":"INFO","msg":"GET /api/flashcards/due → 200","duration":"4ms"}
{"ts":"2026-06-05T07:57:40.285Z","level":"INFO","msg":"GET /api/assignments → 304","duration":"2ms"}
{"ts":"2026-06-05T07:57:41.108Z","level":"INFO","msg":"GET /api/flashcards/due → 200","duration":"1ms"}
{"ts":"2026-06-05T07:57:41.108Z","level":"INFO","msg":"GET /api/assignments → 304","duration":"1ms"}
{"ts":"2026-06-05T07:57:41.109Z","level":"INFO","msg":"GET /api/flashcards/due → 200","duration":"1ms"}
{"ts":"2026-06-05T07:57:45.209Z","level":"INFO","msg":"GET /api/assignments → 304","duration":"1ms"}
{"ts":"2026-06-05T07:57:45.210Z","level":"INFO","msg":"GET /api/flashcards/due → 200","duration":"1ms"}
{"ts":"2026-06-05T07:57:45.212Z","level":"INFO","msg":"GET /api/certificates → 304","duration":"1ms"}
{"ts":"2026-06-05T07:57:45.213Z","level":"INFO","msg":"GET /api/badges → 304","duration":"2ms"}
{"ts":"2026-06-05T07:57:45.388Z","level":"INFO","msg":"GET /api/sessions → 304","duration":"1ms"}
{"ts":"2026-06-05T07:57:45.390Z","level":"INFO","msg":"GET /api/stats → 304","duration":"3ms"}
{"ts":"2026-06-05T07:57:45.391Z","level":"INFO","msg":"GET /api/ai/runs → 304","duration":"4ms"}
{"ts":"2026-06-05T07:57:45.393Z","level":"INFO","msg":"GET /api/flashcards/due → 200","duration":"2ms"}
{"ts":"2026-06-05T07:57:45.394Z","level":"INFO","msg":"GET /api/assignments → 304","duration":"2ms"}
{"ts":"2026-06-05T07:57:45.395Z","level":"INFO","msg":"GET /api/roadmaps → 304","duration":"3ms"}
{"ts":"2026-06-05T07:57:45.395Z","level":"INFO","msg":"GET /api/activity → 304","duration":"0ms"}
{"ts":"2026-06-05T07:57:46.112Z","level":"INFO","msg":"GET /api/activity → 304","duration":"1ms"}
{"ts":"2026-06-05T07:57:46.112Z","level":"INFO","msg":"GET /api/assignments → 304","duration":"1ms"}
{"ts":"2026-06-05T07:57:46.113Z","level":"INFO","msg":"GET /api/flashcards/due → 200","duration":"2ms"}
{"ts":"2026-06-05T07:57:46.113Z","level":"INFO","msg":"GET /api/users/agents → 304","duration":"0ms"}
{"ts":"2026-06-05T07:57:46.867Z","level":"INFO","msg":"GET /api/flashcards/due → 200","duration":"5ms"}
{"ts":"2026-06-05T07:57:46.871Z","level":"INFO","msg":"GET /api/assignments → 304","duration":"9ms"}
{"ts":"2026-06-05T07:57:46.874Z","level":"INFO","msg":"GET /api/flashcards/due → 200","duration":"1ms"}
{"ts":"2026-06-05T07:57:47.574Z","level":"INFO","msg":"GET /api/assignments → 304","duration":"1ms"}
{"ts":"2026-06-05T07:57:47.575Z","level":"INFO","msg":"GET /api/flashcards/due → 200","duration":"2ms"}
{"ts":"2026-06-05T07:57:47.578Z","level":"INFO","msg":"GET /api/assignments → 304","duration":"1ms"}
{"ts":"2026-06-05T07:57:48.715Z","level":"INFO","msg":"GET /api/users/agents → 304","duration":"2ms"}
{"ts":"2026-06-05T07:57:48.717Z","level":"INFO","msg":"GET /api/assignments → 304","duration":"4ms"}
{"ts":"2026-06-05T07:57:48.719Z","level":"INFO","msg":"GET /api/flashcards/due → 200","duration":"6ms"}
{"ts":"2026-06-05T07:57:48.721Z","level":"INFO","msg":"GET /api/activity → 304","duration":"1ms"}
{"ts":"2026-06-05T07:57:53.384Z","level":"INFO","msg":"GET /api/assignments → 304","duration":"2ms"}
{"ts":"2026-06-05T07:57:53.385Z","level":"INFO","msg":"GET /api/flashcards/due → 200","duration":"3ms"}
{"ts":"2026-06-05T07:57:53.386Z","level":"INFO","msg":"GET /api/assignments → 304","duration":"1ms"}
{"ts":"2026-06-05T07:58:05.275Z","level":"INFO","msg":"GET /api/nodes/ga3/lesson → 304","duration":"3ms"}
{"ts":"2026-06-05T07:58:05.279Z","level":"WARN","msg":"POST /api/ai/quiz/generate → 400","duration":"2ms"}
{"ts":"2026-06-05T07:58:05.282Z","level":"INFO","msg":"PATCH /api/sessions/sess-1 → 200","duration":"2ms"}
{"ts":"2026-06-05T07:58:07.927Z","level":"INFO","msg":"GET /api/sessions/sess-1/analysis → 200","duration":"3ms"}
{"ts":"2026-06-05T07:59:44.143Z","level":"INFO","msg":"GET /api/flashcards/due → 200","duration":"2ms"}
{"ts":"2026-06-05T07:59:44.146Z","level":"INFO","msg":"GET /api/assignments → 304","duration":"5ms"}
{"ts":"2026-06-05T07:59:44.148Z","level":"INFO","msg":"GET /api/flashcards/due → 200","duration":"1ms"}
{"ts":"2026-06-05T09:47:20.877Z","level":"INFO","msg":"POST /api/auth/login → 200","duration":"73ms"}
{"ts":"2026-06-05T09:47:32.354Z","level":"INFO","msg":"POST /api/auth/login → 200","duration":"52ms"}
{"ts":"2026-06-05T09:47:32.366Z","level":"INFO","msg":"GET /api/roadmaps → 200","duration":"1ms"}
{"ts":"2026-06-05T09:47:32.374Z","level":"WARN","msg":"404 Not Found: GET /api/dashboard"}
{"ts":"2026-06-05T09:47:32.374Z","level":"WARN","msg":"GET /api/dashboard → 404","duration":"1ms"}
{"ts":"2026-06-05T09:47:57.681Z","level":"INFO","msg":"GET / → 200","duration":"4ms"}
{"ts":"2026-06-05T09:47:57.696Z","level":"INFO","msg":"GET /assets/index-Cr-x2-iG.css → 200","duration":"1ms"}
{"ts":"2026-06-05T09:47:57.699Z","level":"INFO","msg":"GET /assets/index-BhRWkkDC.js → 200","duration":"4ms"}
{"ts":"2026-06-05T09:47:57.719Z","level":"INFO","msg":"GET /api/auth/me → 200","duration":"1ms"}
{"ts":"2026-06-05T09:47:57.740Z","level":"INFO","msg":"GET /api/assignments → 304","duration":"1ms"}
{"ts":"2026-06-05T09:47:57.741Z","level":"INFO","msg":"GET /api/sessions → 200","duration":"2ms"}
{"ts":"2026-06-05T09:47:57.742Z","level":"INFO","msg":"GET /api/flashcards/due → 200","duration":"0ms"}
{"ts":"2026-06-05T09:47:57.743Z","level":"INFO","msg":"GET /api/activity → 200","duration":"1ms"}
{"ts":"2026-06-05T09:47:57.744Z","level":"INFO","msg":"GET /api/ai/runs → 304","duration":"2ms"}
{"ts":"2026-06-05T09:47:57.744Z","level":"INFO","msg":"GET /api/roadmaps → 200","duration":"0ms"}
{"ts":"2026-06-05T09:47:57.745Z","level":"INFO","msg":"GET /api/activity → 304","duration":"1ms"}
{"ts":"2026-06-05T09:47:57.746Z","level":"INFO","msg":"GET /api/stats → 200","duration":"1ms"}
{"ts":"2026-06-05T09:47:57.746Z","level":"WARN","msg":"404 Not Found: GET /favicon.ico"}
{"ts":"2026-06-05T09:47:57.746Z","level":"WARN","msg":"GET /favicon.ico → 404","duration":"1ms"}
{"ts":"2026-06-05T09:59:05.413Z","level":"INFO","msg":"GET / → 200","duration":"2ms"}
{"ts":"2026-06-05T09:59:05.427Z","level":"INFO","msg":"GET /assets/index-3YD5ev_H.js → 200","duration":"4ms"}
{"ts":"2026-06-05T09:59:05.438Z","level":"INFO","msg":"GET /api/auth/me → 304","duration":"2ms"}
{"ts":"2026-06-05T09:59:05.446Z","level":"INFO","msg":"GET /api/activity → 304","duration":"0ms"}
{"ts":"2026-06-05T09:59:05.447Z","level":"INFO","msg":"GET /api/ai/runs → 304","duration":"1ms"}
{"ts":"2026-06-05T09:59:05.448Z","level":"INFO","msg":"GET /api/activity → 304","duration":"1ms"}
{"ts":"2026-06-05T09:59:05.449Z","level":"INFO","msg":"GET /api/flashcards/due → 200","duration":"1ms"}
{"ts":"2026-06-05T09:59:05.450Z","level":"INFO","msg":"GET /api/roadmaps → 304","duration":"1ms"}
{"ts":"2026-06-05T09:59:05.450Z","level":"INFO","msg":"GET /api/stats → 304","duration":"0ms"}
{"ts":"2026-06-05T09:59:05.451Z","level":"INFO","msg":"GET /api/assignments → 304","duration":"0ms"}
{"ts":"2026-06-05T09:59:05.453Z","level":"INFO","msg":"GET /api/sessions → 304","duration":"1ms"}
{"ts":"2026-06-05T10:21:16.905Z","level":"INFO","msg":"POST /api/auth/login → 200","duration":"72ms"}
{"ts":"2026-06-05T10:21:16.916Z","level":"INFO","msg":"GET /api/roadmaps → 200","duration":"1ms"}
{"ts":"2026-06-05T10:21:16.923Z","level":"INFO","msg":"GET /api/courses → 200","duration":"0ms"}
{"ts":"2026-06-05T10:21:16.931Z","level":"WARN","msg":"404 Not Found: GET /api/schedule/due"}
{"ts":"2026-06-05T10:21:16.931Z","level":"WARN","msg":"GET /api/schedule/due → 404","duration":"1ms"}
{"ts":"2026-06-05T10:21:16.938Z","level":"WARN","msg":"404 Not Found: GET /api/courses/genai-mastery/modules"}
{"ts":"2026-06-05T10:21:16.938Z","level":"WARN","msg":"GET /api/courses/genai-mastery/modules → 404","duration":"1ms"}
{"ts":"2026-06-05T10:22:08.291Z","level":"INFO","msg":"POST /api/auth/login → 200","duration":"76ms"}
{"ts":"2026-06-05T10:22:08.302Z","level":"WARN","msg":"404 Not Found: GET /api/schedule/due"}
{"ts":"2026-06-05T10:22:08.302Z","level":"WARN","msg":"GET /api/schedule/due → 404","duration":"1ms"}
{"ts":"2026-06-05T10:22:08.310Z","level":"WARN","msg":"404 Not Found: GET /api/courses/genai-mastery/modules"}
{"ts":"2026-06-05T10:22:08.310Z","level":"WARN","msg":"GET /api/courses/genai-mastery/modules → 404","duration":"1ms"}
{"ts":"2026-06-05T10:22:08.317Z","level":"INFO","msg":"GET /api/users/settings → 200","duration":"1ms"}
{"ts":"2026-06-05T10:22:08.325Z","level":"WARN","msg":"404 Not Found: GET /api/sess-test/whiteboard"}
{"ts":"2026-06-05T10:22:08.325Z","level":"WARN","msg":"GET /api/sess-test/whiteboard → 404","duration":"1ms"}
{"ts":"2026-06-05T10:22:58.352Z","level":"INFO","msg":"POST /api/auth/login → 200","duration":"77ms"}
{"ts":"2026-06-05T10:22:58.361Z","level":"WARN","msg":"404 Not Found: GET /api/schedule/due"}
{"ts":"2026-06-05T10:22:58.361Z","level":"WARN","msg":"GET /api/schedule/due → 404","duration":"0ms"}
{"ts":"2026-06-05T10:22:58.367Z","level":"WARN","msg":"404 Not Found: GET /api/courses/genai-mastery/modules"}
{"ts":"2026-06-05T10:22:58.367Z","level":"WARN","msg":"GET /api/courses/genai-mastery/modules → 404","duration":"0ms"}
{"ts":"2026-06-05T10:22:58.372Z","level":"WARN","msg":"404 Not Found: GET /api/sess-test/whiteboard"}
{"ts":"2026-06-05T10:22:58.372Z","level":"WARN","msg":"GET /api/sess-test/whiteboard → 404","duration":"0ms"}
{"ts":"2026-06-05T10:22:58.377Z","level":"WARN","msg":"404 Not Found: POST /api/uploads"}
{"ts":"2026-06-05T10:22:58.378Z","level":"WARN","msg":"POST /api/uploads → 404","duration":"1ms"}
{"ts":"2026-06-05T10:24:39.898Z","level":"INFO","msg":"POST /api/auth/login → 200","duration":"75ms"}
{"ts":"2026-06-05T10:24:39.907Z","level":"WARN","msg":"404 Not Found: GET /api/schedule/due"}
{"ts":"2026-06-05T10:24:39.907Z","level":"WARN","msg":"GET /api/schedule/due → 404","duration":"0ms"}
{"ts":"2026-06-05T10:24:39.913Z","level":"WARN","msg":"404 Not Found: GET /api/courses/genai-mastery/modules"}
{"ts":"2026-06-05T10:24:39.913Z","level":"WARN","msg":"GET /api/courses/genai-mastery/modules → 404","duration":"0ms"}
{"ts":"2026-06-05T10:24:39.919Z","level":"WARN","msg":"404 Not Found: GET /api/sess-test/whiteboard"}
{"ts":"2026-06-05T10:24:39.919Z","level":"WARN","msg":"GET /api/sess-test/whiteboard → 404","duration":"0ms"}
{"ts":"2026-06-05T10:24:39.925Z","level":"WARN","msg":"404 Not Found: POST /api/uploads"}
{"ts":"2026-06-05T10:24:39.926Z","level":"WARN","msg":"POST /api/uploads → 404","duration":"1ms"}
{"ts":"2026-06-05T10:24:39.931Z","level":"INFO","msg":"GET /api/users/settings → 200","duration":"0ms"}
{"ts":"2026-06-05T10:24:58.055Z","level":"INFO","msg":"POST /api/auth/login → 200","duration":"50ms"}
{"ts":"2026-06-05T10:24:58.064Z","level":"INFO","msg":"GET /api/courses → 200","duration":"0ms"}
{"ts":"2026-06-05T10:24:58.070Z","level":"INFO","msg":"GET /api/sessions → 200","duration":"1ms"}
{"ts":"2026-06-05T10:24:58.076Z","level":"INFO","msg":"GET /api/assignments → 200","duration":"1ms"}
{"ts":"2026-06-05T10:24:58.082Z","level":"INFO","msg":"GET /api/schedule → 200","duration":"0ms"}
{"ts":"2026-06-05T10:48:07.939Z","level":"INFO","msg":"POST /api/auth/login → 200","duration":"53ms"}
{"ts":"2026-06-05T10:48:07.951Z","level":"INFO","msg":"GET /api/stats → 200","duration":"1ms"}
{"ts":"2026-06-05T10:48:07.959Z","level":"INFO","msg":"GET /api/roadmaps → 200","duration":"1ms"}
{"ts":"2026-06-05T10:48:07.966Z","level":"INFO","msg":"GET /api/sessions → 200","duration":"1ms"}
{"ts":"2026-06-05T10:48:07.973Z","level":"INFO","msg":"GET /api/assignments → 200","duration":"0ms"}
{"ts":"2026-06-05T10:48:07.981Z","level":"INFO","msg":"GET /api/schedule → 200","duration":"1ms"}
{"ts":"2026-06-05T10:48:07.989Z","level":"INFO","msg":"GET /api/courses → 200","duration":"1ms"}
{"ts":"2026-06-05T10:48:50.013Z","level":"INFO","msg":"POST /api/auth/login → 200","duration":"53ms"}
{"ts":"2026-06-05T10:48:50.023Z","level":"INFO","msg":"GET /api/users/settings → 200","duration":"0ms"}
{"ts":"2026-06-05T10:48:50.030Z","level":"WARN","msg":"404 Not Found: GET /api/courses/ml-foundations/modules"}
{"ts":"2026-06-05T10:48:50.030Z","level":"WARN","msg":"GET /api/courses/ml-foundations/modules → 404","duration":"0ms"}
{"ts":"2026-06-05T10:48:50.037Z","level":"WARN","msg":"404 Not Found: GET /api/schedule/due"}
{"ts":"2026-06-05T10:48:50.038Z","level":"WARN","msg":"GET /api/schedule/due → 404","duration":"1ms"}
{"ts":"2026-06-05T10:48:50.044Z","level":"WARN","msg":"404 Not Found: GET /api/sessions/sess-1780532218093/whiteboard"}
{"ts":"2026-06-05T10:48:50.044Z","level":"WARN","msg":"GET /api/sessions/sess-1780532218093/whiteboard → 404","duration":"0ms"}
{"ts":"2026-06-05T10:48:50.112Z","level":"INFO","msg":"GET /api/nodes/ga3/resources → 200","duration":"0ms"}
{"ts":"2026-06-05T10:48:50.155Z","level":"WARN","msg":"POST /api/auth/forgot → 401","duration":"0ms"}
{"ts":"2026-06-05T10:48:50.161Z","level":"WARN","msg":"404 Not Found: POST /api/courses/ml-foundations/verify"}
{"ts":"2026-06-05T10:48:50.161Z","level":"WARN","msg":"POST /api/courses/ml-foundations/verify → 404","duration":"0ms"}
{"ts":"2026-06-05T11:01:08.922Z","level":"INFO","msg":"GET / → 200","duration":"9ms"}
{"ts":"2026-06-05T11:01:08.933Z","level":"INFO","msg":"GET /assets/index-Cr-x2-iG.css → 200","duration":"2ms"}
{"ts":"2026-06-05T11:01:08.935Z","level":"INFO","msg":"GET /assets/index-BXRYN2F8.js → 200","duration":"5ms"}
{"ts":"2026-06-05T11:01:08.948Z","level":"INFO","msg":"GET /api/auth/me → 304","duration":"4ms"}
{"ts":"2026-06-05T11:01:08.950Z","level":"INFO","msg":"GET /api/users/settings → 200","duration":"1ms"}
{"ts":"2026-06-05T11:01:08.951Z","level":"INFO","msg":"GET /api/roadmaps → 200","duration":"2ms"}
{"ts":"2026-06-05T11:01:20.256Z","level":"INFO","msg":"POST /api/auth/login → 200","duration":"61ms"}
{"ts":"2026-06-05T11:01:20.266Z","level":"INFO","msg":"GET /api/courses/ml-foundations/modules → 200","duration":"1ms"}
{"ts":"2026-06-05T11:01:20.272Z","level":"INFO","msg":"GET /api/schedule/due → 200","duration":"0ms"}
{"ts":"2026-06-05T11:01:20.278Z","level":"INFO","msg":"GET /api/sessions/sess-1780532218093/whiteboard → 200","duration":"0ms"}
{"ts":"2026-06-05T11:01:20.284Z","level":"INFO","msg":"POST /api/auth/forgot → 200","duration":"0ms"}
{"ts":"2026-06-05T11:01:20.290Z","level":"WARN","msg":"POST /api/courses/ml-foundations/verify → 403","duration":"1ms"}
{"ts":"2026-06-05T11:01:20.296Z","level":"INFO","msg":"POST /api/assignments/a5/submit → 200","duration":"0ms"}
{"ts":"2026-06-05T11:01:20.303Z","level":"INFO","msg":"POST /api/roadmaps/rm-ml-engineer/nodes → 200","duration":"1ms"}
{"ts":"2026-06-05T11:01:42.769Z","level":"WARN","msg":"404 Not Found: GET /.well-known/appspecific/com.chrome.devtools.json"}
{"ts":"2026-06-05T11:01:42.770Z","level":"WARN","msg":"GET /.well-known/appspecific/com.chrome.devtools.json → 404","duration":"2ms"}
{"ts":"2026-06-05T11:02:08.238Z","level":"INFO","msg":"GET /api/auth/me → 200","duration":"1ms"}
{"ts":"2026-06-05T11:02:08.240Z","level":"INFO","msg":"GET /api/users/settings → 304","duration":"1ms"}
{"ts":"2026-06-05T11:02:08.241Z","level":"INFO","msg":"GET /api/roadmaps → 200","duration":"1ms"}
{"ts":"2026-06-05T11:02:39.411Z","level":"INFO","msg":"GET / → 200","duration":"6ms"}
{"ts":"2026-06-05T11:02:39.432Z","level":"INFO","msg":"GET /api/auth/me → 304","duration":"6ms"}
{"ts":"2026-06-05T11:02:39.439Z","level":"INFO","msg":"GET /api/roadmaps → 304","duration":"2ms"}
{"ts":"2026-06-05T11:02:39.442Z","level":"INFO","msg":"GET /api/users/settings → 304","duration":"4ms"}
{"ts":"2026-06-05T11:02:47.877Z","level":"INFO","msg":"GET / → 304","duration":"1ms"}
{"ts":"2026-06-05T11:03:00.053Z","level":"INFO","msg":"POST /api/auth/login → 200","duration":"65ms"}
{"ts":"2026-06-05T11:03:00.056Z","level":"INFO","msg":"GET /api/roadmaps → 304","duration":"1ms"}
{"ts":"2026-06-05T11:03:00.056Z","level":"INFO","msg":"GET /api/users/settings → 304","duration":"0ms"}
{"ts":"2026-06-05T11:03:00.083Z","level":"INFO","msg":"GET /api/roadmaps → 304","duration":"0ms"}
{"ts":"2026-06-05T11:03:00.086Z","level":"INFO","msg":"GET /api/stats → 200","duration":"2ms"}
{"ts":"2026-06-05T11:03:00.088Z","level":"INFO","msg":"GET /api/activity → 200","duration":"4ms"}
{"ts":"2026-06-05T11:03:00.091Z","level":"INFO","msg":"GET /api/ai/runs → 304","duration":"2ms"}
{"ts":"2026-06-05T11:03:00.093Z","level":"INFO","msg":"GET /api/activity → 304","duration":"4ms"}
{"ts":"2026-06-05T11:03:00.095Z","level":"INFO","msg":"GET /api/sessions → 304","duration":"2ms"}
{"ts":"2026-06-05T11:03:00.097Z","level":"INFO","msg":"GET /api/assignments → 304","duration":"1ms"}
{"ts":"2026-06-05T11:03:00.098Z","level":"INFO","msg":"GET /api/flashcards/due → 200","duration":"0ms"}
{"ts":"2026-06-05T11:03:02.687Z","level":"INFO","msg":"GET /api/activity → 304","duration":"1ms"}
{"ts":"2026-06-05T11:03:02.689Z","level":"INFO","msg":"GET /api/activity → 304","duration":"1ms"}
{"ts":"2026-06-05T11:03:07.172Z","level":"INFO","msg":"GET /api/roadmaps → 304","duration":"1ms"}
{"ts":"2026-06-05T11:03:07.175Z","level":"INFO","msg":"GET /api/flashcards/due → 200","duration":"2ms"}
{"ts":"2026-06-05T11:03:07.177Z","level":"INFO","msg":"GET /api/assignments → 304","duration":"2ms"}
{"ts":"2026-06-05T11:03:07.182Z","level":"INFO","msg":"GET /api/roadmaps/rm-ml-engineer → 200","duration":"3ms"}
{"ts":"2026-06-05T11:03:07.183Z","level":"INFO","msg":"GET /api/roadmaps → 304","duration":"0ms"}
{"ts":"2026-06-05T11:03:07.189Z","level":"INFO","msg":"GET /api/nodes/n7/resources → 200","duration":"1ms"}
{"ts":"2026-06-05T11:03:07.190Z","level":"INFO","msg":"GET /api/nodes/n7/lesson → 200","duration":"2ms"}
{"ts":"2026-06-05T11:03:07.190Z","level":"INFO","msg":"GET /api/roadmaps/rm-ml-engineer → 304","duration":"2ms"}
{"ts":"2026-06-05T11:03:07.195Z","level":"INFO","msg":"GET /api/nodes/n7/lesson → 304","duration":"1ms"}
{"ts":"2026-06-05T11:03:07.196Z","level":"INFO","msg":"GET /api/nodes/n7/resources → 304","duration":"2ms"}
{"ts":"2026-06-05T11:03:09.158Z","level":"INFO","msg":"GET /api/sessions → 304","duration":"1ms"}
{"ts":"2026-06-05T11:03:09.162Z","level":"INFO","msg":"GET /api/assignments → 304","duration":"1ms"}
{"ts":"2026-06-05T11:03:09.167Z","level":"INFO","msg":"GET /api/flashcards/due → 200","duration":"6ms"}
{"ts":"2026-06-05T11:03:09.168Z","level":"INFO","msg":"GET /api/sessions/sess-1780532218093 → 304","duration":"1ms"}
{"ts":"2026-06-05T11:03:09.170Z","level":"INFO","msg":"GET /api/assignments → 304","duration":"3ms"}
{"ts":"2026-06-05T11:03:10.006Z","level":"INFO","msg":"GET /api/assignments → 304","duration":"2ms"}
{"ts":"2026-06-05T11:03:10.007Z","level":"INFO","msg":"GET /api/flashcards/due → 200","duration":"3ms"}
{"ts":"2026-06-05T11:03:10.008Z","level":"INFO","msg":"GET /api/roadmaps → 304","duration":"4ms"}
{"ts":"2026-06-05T11:03:10.015Z","level":"INFO","msg":"GET /api/roadmaps/rm-ml-engineer → 304","duration":"2ms"}
{"ts":"2026-06-05T11:03:10.017Z","level":"INFO","msg":"GET /api/roadmaps → 304","duration":"3ms"}
{"ts":"2026-06-05T11:03:10.022Z","level":"INFO","msg":"GET /api/nodes/n7/resources → 304","duration":"2ms"}
{"ts":"2026-06-05T11:03:10.022Z","level":"INFO","msg":"GET /api/nodes/n7/lesson → 304","duration":"1ms"}
{"ts":"2026-06-05T11:03:10.023Z","level":"INFO","msg":"GET /api/roadmaps/rm-ml-engineer → 304","duration":"2ms"}
{"ts":"2026-06-05T11:03:10.028Z","level":"INFO","msg":"GET /api/nodes/n7/resources → 304","duration":"0ms"}
{"ts":"2026-06-05T11:03:10.029Z","level":"INFO","msg":"GET /api/nodes/n7/lesson → 304","duration":"1ms"}
{"ts":"2026-06-05T11:03:11.488Z","level":"INFO","msg":"GET /api/roadmaps/rm-data-sci → 200","duration":"2ms"}
{"ts":"2026-06-05T11:03:11.494Z","level":"INFO","msg":"GET /api/nodes/ds6/resources → 200","duration":"2ms"}
{"ts":"2026-06-05T11:03:11.495Z","level":"INFO","msg":"GET /api/nodes/ds6/lesson → 200","duration":"2ms"}
{"ts":"2026-06-05T11:03:12.119Z","level":"INFO","msg":"GET /api/roadmaps/rm-genai → 200","duration":"2ms"}
{"ts":"2026-06-05T11:03:12.127Z","level":"INFO","msg":"GET /api/nodes/ga4/resources → 200","duration":"2ms"}
{"ts":"2026-06-05T11:03:12.130Z","level":"INFO","msg":"GET /api/nodes/ga4/lesson → 200","duration":"4ms"}
{"ts":"2026-06-05T11:03:12.821Z","level":"INFO","msg":"GET /api/roadmaps/rm-gen-1780471334823-5d3 → 200","duration":"1ms"}
{"ts":"2026-06-05T11:03:12.829Z","level":"INFO","msg":"GET /api/nodes/rm-gen-1780471334823-5d3:n1/resources → 200","duration":"1ms"}
{"ts":"2026-06-05T11:03:12.831Z","level":"INFO","msg":"GET /api/nodes/rm-gen-1780471334823-5d3:n1/lesson → 200","duration":"3ms"}
{"ts":"2026-06-05T11:03:13.571Z","level":"INFO","msg":"GET /api/roadmaps/rm-gen-1780642579781-k2i → 200","duration":"2ms"}
{"ts":"2026-06-05T11:03:13.576Z","level":"INFO","msg":"GET /api/nodes/rm-gen-1780642579781-k2i:n1/resources → 200","duration":"1ms"}
{"ts":"2026-06-05T11:03:13.578Z","level":"INFO","msg":"GET /api/nodes/rm-gen-1780642579781-k2i:n1/lesson → 200","duration":"2ms"}
{"ts":"2026-06-05T11:03:14.135Z","level":"INFO","msg":"GET /api/roadmaps/rm-gen-1780471504570-g4w → 200","duration":"1ms"}
{"ts":"2026-06-05T11:03:14.142Z","level":"INFO","msg":"GET /api/nodes/rm-gen-1780471504570-g4w:n1/resources → 200","duration":"1ms"}
{"ts":"2026-06-05T11:03:14.143Z","level":"INFO","msg":"GET /api/nodes/rm-gen-1780471504570-g4w:n1/lesson → 200","duration":"2ms"}
{"ts":"2026-06-05T11:03:15.224Z","level":"INFO","msg":"GET /api/sessions → 304","duration":"2ms"}
{"ts":"2026-06-05T11:03:15.227Z","level":"INFO","msg":"GET /api/assignments → 304","duration":"1ms"}
{"ts":"2026-06-05T11:03:15.228Z","level":"INFO","msg":"GET /api/flashcards/due → 200","duration":"2ms"}
{"ts":"2026-06-05T11:03:15.231Z","level":"INFO","msg":"GET /api/sessions/sess-1780532218093 → 304","duration":"1ms"}
{"ts":"2026-06-05T11:03:15.232Z","level":"INFO","msg":"GET /api/assignments → 304","duration":"0ms"}
{"ts":"2026-06-05T11:03:23.209Z","level":"INFO","msg":"GET /api/assignments → 304","duration":"1ms"}
{"ts":"2026-06-05T11:03:23.210Z","level":"INFO","msg":"GET /api/flashcards/due → 200","duration":"2ms"}
{"ts":"2026-06-05T11:03:23.212Z","level":"INFO","msg":"GET /api/assignments → 304","duration":"1ms"}
{"ts":"2026-06-05T11:03:29.388Z","level":"INFO","msg":"GET /api/flashcards/due → 200","duration":"1ms"}
{"ts":"2026-06-05T11:03:29.389Z","level":"INFO","msg":"GET /api/assignments → 304","duration":"2ms"}
{"ts":"2026-06-05T11:03:29.391Z","level":"INFO","msg":"GET /api/flashcards/due → 200","duration":"1ms"}
{"ts":"2026-06-05T11:03:40.389Z","level":"INFO","msg":"POST /api/flashcards/c-1780515181999-7he5/review → 200","duration":"4ms"}
{"ts":"2026-06-05T11:03:41.406Z","level":"INFO","msg":"POST /api/auth/login → 200","duration":"55ms"}
{"ts":"2026-06-05T11:03:41.416Z","level":"INFO","msg":"GET /api/roadmaps/rm-ml-engineer → 200","duration":"0ms"}
{"ts":"2026-06-05T11:03:43.106Z","level":"INFO","msg":"GET /api/assignments → 304","duration":"2ms"}
{"ts":"2026-06-05T11:03:43.107Z","level":"INFO","msg":"GET /api/flashcards/due → 200","duration":"1ms"}
{"ts":"2026-06-05T11:03:43.108Z","level":"INFO","msg":"GET /api/schedule → 200","duration":"1ms"}
{"ts":"2026-06-05T11:03:45.076Z","level":"INFO","msg":"GET /api/assignments → 304","duration":"2ms"}
{"ts":"2026-06-05T11:03:45.077Z","level":"INFO","msg":"GET /api/flashcards/due → 200","duration":"3ms"}
{"ts":"2026-06-05T11:03:45.078Z","level":"INFO","msg":"GET /api/activity → 200","duration":"3ms"}
{"ts":"2026-06-05T11:03:45.080Z","level":"INFO","msg":"GET /api/users/agents → 304","duration":"1ms"}
{"ts":"2026-06-05T11:03:45.974Z","level":"INFO","msg":"GET /api/assignments → 304","duration":"2ms"}
{"ts":"2026-06-05T11:03:45.975Z","level":"INFO","msg":"GET /api/flashcards/due → 200","duration":"2ms"}
{"ts":"2026-06-05T11:03:45.976Z","level":"INFO","msg":"GET /api/badges → 304","duration":"1ms"}
{"ts":"2026-06-05T11:03:45.978Z","level":"INFO","msg":"GET /api/certificates → 304","duration":"3ms"}
{"ts":"2026-06-05T11:03:48.205Z","level":"INFO","msg":"GET /api/assignments → 304","duration":"1ms"}
{"ts":"2026-06-05T11:03:48.206Z","level":"INFO","msg":"GET /api/flashcards/due → 200","duration":"2ms"}
{"ts":"2026-06-05T11:03:48.209Z","level":"INFO","msg":"GET /api/roadmaps → 304","duration":"4ms"}
{"ts":"2026-06-05T11:03:48.210Z","level":"INFO","msg":"GET /api/courses → 200","duration":"1ms"}
{"ts":"2026-06-05T11:03:48.212Z","level":"INFO","msg":"GET /api/community/threads → 304","duration":"2ms"}
{"ts":"2026-06-05T11:03:48.215Z","level":"INFO","msg":"GET /api/community/leaderboard → 200","duration":"2ms"}
{"ts":"2026-06-05T11:03:49.055Z","level":"INFO","msg":"GET /api/assignments → 304","duration":"2ms"}
{"ts":"2026-06-05T11:03:49.056Z","level":"INFO","msg":"GET /api/activity → 304","duration":"2ms"}
{"ts":"2026-06-05T11:03:49.057Z","level":"INFO","msg":"GET /api/flashcards/due → 200","duration":"3ms"}
{"ts":"2026-06-05T11:03:50.221Z","level":"INFO","msg":"GET /api/courses → 304","duration":"1ms"}
{"ts":"2026-06-05T11:03:50.222Z","level":"INFO","msg":"GET /api/assignments → 304","duration":"2ms"}
{"ts":"2026-06-05T11:03:50.223Z","level":"INFO","msg":"GET /api/flashcards/due → 200","duration":"3ms"}
{"ts":"2026-06-05T11:03:50.223Z","level":"INFO","msg":"GET /api/users/starred → 304","duration":"0ms"}
{"ts":"2026-06-05T11:03:51.840Z","level":"INFO","msg":"GET /api/assignments → 304","duration":"1ms"}
{"ts":"2026-06-05T11:03:51.841Z","level":"INFO","msg":"GET /api/flashcards/due → 200","duration":"2ms"}
{"ts":"2026-06-05T11:03:51.848Z","level":"INFO","msg":"GET /api/users/profile → 200","duration":"6ms"}
{"ts":"2026-06-05T11:03:51.850Z","level":"INFO","msg":"GET /api/users/settings → 304","duration":"8ms"}
{"ts":"2026-06-05T11:03:51.851Z","level":"INFO","msg":"GET /api/users/apikeys → 304","duration":"9ms"}
{"ts":"2026-06-05T11:03:51.852Z","level":"INFO","msg":"GET /api/users/agent-routing → 304","duration":"9ms"}
{"ts":"2026-06-05T11:03:53.358Z","level":"INFO","msg":"GET /api/courses → 304","duration":"1ms"}
{"ts":"2026-06-05T11:03:53.359Z","level":"INFO","msg":"GET /api/users/starred → 304","duration":"2ms"}
{"ts":"2026-06-05T11:03:53.361Z","level":"INFO","msg":"GET /api/community/leaderboard → 304","duration":"4ms"}
{"ts":"2026-06-05T11:03:53.361Z","level":"INFO","msg":"GET /api/assignments → 304","duration":"4ms"}
{"ts":"2026-06-05T11:03:53.362Z","level":"INFO","msg":"GET /api/flashcards/due → 200","duration":"5ms"}
{"ts":"2026-06-05T11:03:53.367Z","level":"INFO","msg":"GET /api/users/enrollments → 304","duration":"1ms"}
{"ts":"2026-06-05T11:03:56.055Z","level":"INFO","msg":"POST /api/users/starred → 200","duration":"3ms"}
{"ts":"2026-06-05T11:03:57.306Z","level":"INFO","msg":"GET /api/users/starred → 200","duration":"1ms"}
{"ts":"2026-06-05T11:03:57.308Z","level":"INFO","msg":"GET /api/courses → 304","duration":"2ms"}
{"ts":"2026-06-05T11:03:57.310Z","level":"INFO","msg":"GET /api/assignments → 304","duration":"4ms"}
{"ts":"2026-06-05T11:03:57.311Z","level":"INFO","msg":"GET /api/flashcards/due → 200","duration":"4ms"}
{"ts":"2026-06-05T11:03:59.838Z","level":"INFO","msg":"GET /api/flashcards/due → 200","duration":"1ms"}
{"ts":"2026-06-05T11:03:59.840Z","level":"INFO","msg":"GET /api/assignments → 304","duration":"3ms"}
{"ts":"2026-06-05T11:03:59.844Z","level":"INFO","msg":"GET /api/flashcards/due → 200","duration":"2ms"}
{"ts":"2026-06-05T11:04:01.256Z","level":"INFO","msg":"GET /api/sessions → 304","duration":"1ms"}
{"ts":"2026-06-05T11:04:01.259Z","level":"INFO","msg":"GET /api/assignments → 304","duration":"1ms"}
{"ts":"2026-06-05T11:04:01.260Z","level":"INFO","msg":"GET /api/flashcards/due → 200","duration":"2ms"}
{"ts":"2026-06-05T11:04:01.263Z","level":"INFO","msg":"GET /api/sessions/sess-1780532218093 → 304","duration":"1ms"}
{"ts":"2026-06-05T11:04:01.264Z","level":"INFO","msg":"GET /api/assignments → 304","duration":"0ms"}
{"ts":"2026-06-05T11:04:02.521Z","level":"INFO","msg":"GET /api/courses → 304","duration":"1ms"}
{"ts":"2026-06-05T11:04:02.522Z","level":"INFO","msg":"GET /api/users/starred → 304","duration":"2ms"}
{"ts":"2026-06-05T11:04:02.523Z","level":"INFO","msg":"GET /api/assignments → 304","duration":"3ms"}
{"ts":"2026-06-05T11:04:02.524Z","level":"INFO","msg":"GET /api/community/leaderboard → 304","duration":"4ms"}
{"ts":"2026-06-05T11:04:02.525Z","level":"INFO","msg":"GET /api/flashcards/due → 200","duration":"5ms"}
{"ts":"2026-06-05T11:04:02.528Z","level":"INFO","msg":"GET /api/users/enrollments → 304","duration":"1ms"}
{"ts":"2026-06-05T11:04:06.786Z","level":"INFO","msg":"DELETE /api/courses/linear-algebra/enroll → 200","duration":"2ms"}
{"ts":"2026-06-05T11:04:11.386Z","level":"INFO","msg":"DELETE /api/courses/deep-learning/enroll → 200","duration":"2ms"}
{"ts":"2026-06-05T11:04:20.263Z","level":"INFO","msg":"POST /api/auth/login → 200","duration":"55ms"}
{"ts":"2026-06-05T11:04:20.273Z","level":"INFO","msg":"DELETE /api/roadmaps/rm-ml-engineer/nodes/rn-1780657280303-ugxt → 200","duration":"1ms"}
{"ts":"2026-06-05T11:04:20.279Z","level":"WARN","msg":"POST /api/uploads → 400","duration":"1ms"}
{"ts":"2026-06-05T11:04:20.285Z","level":"INFO","msg":"GET /api/profile → 200","duration":"0ms"}
{"ts":"2026-06-05T11:04:20.291Z","level":"INFO","msg":"GET /api/users/settings → 200","duration":"1ms"}
{"ts":"2026-06-05T11:04:42.225Z","level":"INFO","msg":"GET /api/assignments → 304","duration":"2ms"}
{"ts":"2026-06-05T11:04:42.228Z","level":"INFO","msg":"GET /api/roadmaps → 200","duration":"1ms"}
{"ts":"2026-06-05T11:04:42.230Z","level":"INFO","msg":"GET /api/flashcards/due → 200","duration":"3ms"}
{"ts":"2026-06-05T11:04:42.233Z","level":"INFO","msg":"GET /api/roadmaps/rm-ml-engineer → 200","duration":"1ms"}
{"ts":"2026-06-05T11:04:42.235Z","level":"INFO","msg":"GET /api/roadmaps → 304","duration":"1ms"}
{"ts":"2026-06-05T11:04:42.238Z","level":"INFO","msg":"GET /api/roadmaps/rm-ml-engineer → 304","duration":"1ms"}
{"ts":"2026-06-05T11:04:42.238Z","level":"INFO","msg":"GET /api/nodes/n7/resources → 304","duration":"0ms"}
{"ts":"2026-06-05T11:04:42.239Z","level":"INFO","msg":"GET /api/nodes/n7/lesson → 304","duration":"1ms"}
{"ts":"2026-06-05T11:04:42.240Z","level":"INFO","msg":"GET /api/nodes/n7/resources → 304","duration":"1ms"}
{"ts":"2026-06-05T11:04:42.240Z","level":"INFO","msg":"GET /api/nodes/n7/lesson → 304","duration":"1ms"}
{"ts":"2026-06-05T11:04:43.307Z","level":"INFO","msg":"GET /api/assignments → 304","duration":"2ms"}
{"ts":"2026-06-05T11:04:43.309Z","level":"INFO","msg":"GET /api/flashcards/due → 200","duration":"3ms"}
{"ts":"2026-06-05T11:04:43.312Z","level":"INFO","msg":"GET /api/community/leaderboard → 304","duration":"2ms"}
{"ts":"2026-06-05T11:04:43.313Z","level":"INFO","msg":"GET /api/courses → 304","duration":"0ms"}
{"ts":"2026-06-05T11:04:43.315Z","level":"INFO","msg":"GET /api/users/starred → 304","duration":"0ms"}
{"ts":"2026-06-05T11:04:43.318Z","level":"INFO","msg":"GET /api/users/enrollments → 200","duration":"0ms"}
{"ts":"2026-06-05T11:04:44.089Z","level":"INFO","msg":"GET /api/assignments → 304","duration":"1ms"}
{"ts":"2026-06-05T11:04:44.090Z","level":"INFO","msg":"GET /api/flashcards/due → 200","duration":"2ms"}
{"ts":"2026-06-05T11:04:44.092Z","level":"INFO","msg":"GET /api/assignments → 304","duration":"1ms"}
{"ts":"2026-06-05T11:04:45.056Z","level":"INFO","msg":"GET /api/courses → 304","duration":"2ms"}
{"ts":"2026-06-05T11:04:45.057Z","level":"INFO","msg":"GET /api/users/starred → 304","duration":"3ms"}
{"ts":"2026-06-05T11:04:45.059Z","level":"INFO","msg":"GET /api/community/leaderboard → 304","duration":"5ms"}
{"ts":"2026-06-05T11:04:45.061Z","level":"INFO","msg":"GET /api/assignments → 304","duration":"6ms"}
{"ts":"2026-06-05T11:04:45.063Z","level":"INFO","msg":"GET /api/flashcards/due → 200","duration":"1ms"}
{"ts":"2026-06-05T11:04:45.065Z","level":"INFO","msg":"GET /api/users/enrollments → 304","duration":"3ms"}
{"ts":"2026-06-05T11:04:45.722Z","level":"INFO","msg":"GET /api/assignments → 304","duration":"1ms"}
{"ts":"2026-06-05T11:04:45.724Z","level":"INFO","msg":"GET /api/flashcards/due → 200","duration":"3ms"}
{"ts":"2026-06-05T11:04:45.728Z","level":"INFO","msg":"GET /api/assignments → 304","duration":"2ms"}
{"ts":"2026-06-05T11:04:58.887Z","level":"INFO","msg":"GET /api/sessions → 304","duration":"1ms"}
{"ts":"2026-06-05T11:04:58.892Z","level":"WARN","msg":"POST /api/ai/assignments/generate → 400","duration":"3ms"}
{"ts":"2026-06-05T11:04:58.898Z","level":"INFO","msg":"POST /api/assignments → 200","duration":"2ms"}
{"ts":"2026-06-05T11:04:58.901Z","level":"INFO","msg":"GET /api/assignments → 200","duration":"1ms"}
{"ts":"2026-06-05T11:05:03.089Z","level":"INFO","msg":"GET /api/assignments → 304","duration":"1ms"}
{"ts":"2026-06-05T11:05:03.091Z","level":"INFO","msg":"GET /api/flashcards/due → 200","duration":"1ms"}
{"ts":"2026-06-05T11:05:03.092Z","level":"INFO","msg":"GET /api/flashcards/due → 200","duration":"1ms"}
{"ts":"2026-06-05T11:05:04.405Z","level":"INFO","msg":"GET /api/assignments → 304","duration":"1ms"}
{"ts":"2026-06-05T11:05:04.406Z","level":"INFO","msg":"GET /api/flashcards/due → 200","duration":"2ms"}
{"ts":"2026-06-05T11:05:04.407Z","level":"INFO","msg":"GET /api/schedule → 304","duration":"0ms"}
{"ts":"2026-06-05T11:05:06.156Z","level":"INFO","msg":"GET /api/assignments → 304","duration":"1ms"}
{"ts":"2026-06-05T11:05:06.159Z","level":"INFO","msg":"GET /api/flashcards/due → 200","duration":"4ms"}
{"ts":"2026-06-05T11:05:06.162Z","level":"INFO","msg":"GET /api/users/agents → 304","duration":"2ms"}
{"ts":"2026-06-05T11:05:06.165Z","level":"INFO","msg":"GET /api/activity → 304","duration":"1ms"}
{"ts":"2026-06-05T11:05:07.875Z","level":"INFO","msg":"GET /api/assignments → 304","duration":"1ms"}
{"ts":"2026-06-05T11:05:07.877Z","level":"INFO","msg":"GET /api/flashcards/due → 200","duration":"3ms"}
{"ts":"2026-06-05T11:05:07.878Z","level":"INFO","msg":"GET /api/badges → 304","duration":"1ms"}
{"ts":"2026-06-05T11:05:07.878Z","level":"INFO","msg":"GET /api/certificates → 304","duration":"1ms"}
{"ts":"2026-06-05T11:05:09.023Z","level":"INFO","msg":"GET /api/sessions → 304","duration":"1ms"}
{"ts":"2026-06-05T11:05:09.029Z","level":"INFO","msg":"GET /api/assignments → 304","duration":"1ms"}
{"ts":"2026-06-05T11:05:09.031Z","level":"INFO","msg":"GET /api/flashcards/due → 200","duration":"3ms"}
{"ts":"2026-06-05T11:05:09.034Z","level":"INFO","msg":"GET /api/assignments → 304","duration":"1ms"}
{"ts":"2026-06-05T11:05:09.035Z","level":"INFO","msg":"GET /api/sessions/sess-1780532218093 → 304","duration":"2ms"}
{"ts":"2026-06-05T11:05:11.636Z","level":"INFO","msg":"POST /api/sessions/sess-1780532218093/messages → 200","duration":"1ms"}
{"ts":"2026-06-05T11:05:11.646Z","level":"WARN","msg":"POST /api/ai/chat → 400","duration":"1ms"}
{"ts":"2026-06-05T11:05:11.650Z","level":"WARN","msg":"POST /api/ai/quiz/generate → 400","duration":"2ms"}
{"ts":"2026-06-05T11:05:11.653Z","level":"WARN","msg":"POST /api/sessions/sess-1780532218093/messages → 400","duration":"1ms"}
{"ts":"2026-06-05T11:05:15.006Z","level":"INFO","msg":"GET /api/assignments → 304","duration":"1ms"}
{"ts":"2026-06-05T11:05:15.008Z","level":"INFO","msg":"GET /api/flashcards/due → 200","duration":"3ms"}
{"ts":"2026-06-05T11:05:15.009Z","level":"INFO","msg":"GET /api/users/apikeys → 304","duration":"1ms"}
{"ts":"2026-06-05T11:05:15.012Z","level":"INFO","msg":"GET /api/users/profile → 304","duration":"1ms"}
{"ts":"2026-06-05T11:05:15.017Z","level":"INFO","msg":"GET /api/users/settings → 304","duration":"1ms"}
{"ts":"2026-06-05T11:05:15.020Z","level":"INFO","msg":"GET /api/users/agent-routing → 304","duration":"4ms"}
{"ts":"2026-06-05T11:05:21.328Z","level":"INFO","msg":"GET /api/activity → 304","duration":"2ms"}
{"ts":"2026-06-05T11:05:21.329Z","level":"INFO","msg":"GET /api/assignments → 304","duration":"3ms"}
{"ts":"2026-06-05T11:05:21.331Z","level":"INFO","msg":"GET /api/roadmaps → 304","duration":"1ms"}
{"ts":"2026-06-05T11:05:21.331Z","level":"INFO","msg":"GET /api/ai/runs → 304","duration":"1ms"}
{"ts":"2026-06-05T11:05:21.332Z","level":"INFO","msg":"GET /api/sessions → 304","duration":"0ms"}
{"ts":"2026-06-05T11:05:21.333Z","level":"INFO","msg":"GET /api/flashcards/due → 200","duration":"0ms"}
{"ts":"2026-06-05T11:05:21.335Z","level":"INFO","msg":"GET /api/stats → 200","duration":"1ms"}
{"ts":"2026-06-05T11:05:43.471Z","level":"INFO","msg":"GET / → 200","duration":"9ms"}
{"ts":"2026-06-05T11:05:43.502Z","level":"INFO","msg":"GET /api/auth/me → 200","duration":"6ms"}
{"ts":"2026-06-05T11:05:43.505Z","level":"INFO","msg":"GET /api/users/settings → 304","duration":"2ms"}
{"ts":"2026-06-05T11:05:43.506Z","level":"INFO","msg":"GET /api/roadmaps → 304","duration":"3ms"}
{"ts":"2026-06-05T12:01:47.847Z","level":"INFO","msg":"POST /api/auth/login → 200","duration":"145ms"}
{"ts":"2026-06-05T12:01:47.877Z","level":"INFO","msg":"GET /api/users/settings → 200","duration":"6ms"}
{"ts":"2026-06-05T12:01:47.998Z","level":"INFO","msg":"GET /api/courses/ml-foundations/modules → 200","duration":"3ms"}
{"ts":"2026-06-05T12:01:48.019Z","level":"INFO","msg":"GET /api/schedule/due → 200","duration":"3ms"}
{"ts":"2026-06-05T12:01:48.037Z","level":"INFO","msg":"GET /api/sessions/sess-1780532218093/whiteboard → 200","duration":"2ms"}
{"ts":"2026-06-05T12:01:48.056Z","level":"INFO","msg":"POST /api/auth/forgot → 200","duration":"3ms"}
{"ts":"2026-06-05T12:01:48.075Z","level":"INFO","msg":"POST /api/assignments/a5/submit → 200","duration":"3ms"}
{"ts":"2026-06-05T12:01:48.151Z","level":"INFO","msg":"POST /api/roadmaps/rm-genai/nodes → 200","duration":"5ms"}
{"ts":"2026-06-05T12:36:05.598Z","level":"INFO","msg":"POST /api/auth/login → 200","duration":"67ms"}
{"ts":"2026-06-05T12:36:05.611Z","level":"WARN","msg":"POST /api/ai/chat → 400","duration":"2ms"}
{"ts":"2026-06-05T12:36:05.646Z","level":"WARN","msg":"POST /api/ai/chat → 400","duration":"1ms"}
{"ts":"2026-06-05T12:48:02.675Z","level":"INFO","msg":"GET / → 200","duration":"20ms"}
{"ts":"2026-06-05T12:48:02.696Z","level":"INFO","msg":"GET /assets/index-Cr-x2-iG.css → 200","duration":"1ms"}
{"ts":"2026-06-05T12:48:02.700Z","level":"INFO","msg":"GET /assets/index-B-8agl6i.js → 200","duration":"6ms"}
{"ts":"2026-06-05T12:48:02.720Z","level":"INFO","msg":"GET /api/auth/me → 200","duration":"9ms"}
{"ts":"2026-06-05T12:48:02.723Z","level":"INFO","msg":"GET /api/roadmaps → 200","duration":"1ms"}
{"ts":"2026-06-05T12:48:02.724Z","level":"INFO","msg":"GET /api/users/settings → 304","duration":"2ms"}
{"ts":"2026-06-05T12:48:35.513Z","level":"INFO","msg":"GET /api/auth/me → 304","duration":"6ms"}
{"ts":"2026-06-05T12:48:35.515Z","level":"INFO","msg":"GET /api/roadmaps → 304","duration":"1ms"}
{"ts":"2026-06-05T12:48:35.516Z","level":"INFO","msg":"GET /api/users/settings → 304","duration":"2ms"}
{"ts":"2026-06-05T12:48:46.849Z","level":"INFO","msg":"GET / → 200","duration":"4ms"}
{"ts":"2026-06-05T12:49:22.932Z","level":"INFO","msg":"POST /api/auth/login → 200","duration":"70ms"}
{"ts":"2026-06-05T12:49:22.937Z","level":"INFO","msg":"GET /api/roadmaps → 304","duration":"1ms"}
{"ts":"2026-06-05T12:49:22.937Z","level":"INFO","msg":"GET /api/users/settings → 304","duration":"0ms"}
{"ts":"2026-06-05T12:49:22.968Z","level":"INFO","msg":"GET /api/roadmaps → 304","duration":"1ms"}
{"ts":"2026-06-05T12:49:22.969Z","level":"INFO","msg":"GET /api/ai/runs → 304","duration":"2ms"}
{"ts":"2026-06-05T12:49:22.972Z","level":"INFO","msg":"GET /api/assignments → 304","duration":"2ms"}
{"ts":"2026-06-05T12:49:22.974Z","level":"INFO","msg":"GET /api/activity → 200","duration":"1ms"}
{"ts":"2026-06-05T12:49:22.977Z","level":"INFO","msg":"GET /api/stats → 200","duration":"2ms"}
{"ts":"2026-06-05T12:49:22.979Z","level":"INFO","msg":"GET /api/activity → 304","duration":"4ms"}
{"ts":"2026-06-05T12:49:22.980Z","level":"INFO","msg":"GET /api/flashcards/due → 200","duration":"2ms"}
{"ts":"2026-06-05T12:49:22.982Z","level":"INFO","msg":"GET /api/sessions → 304","duration":"1ms"}
{"ts":"2026-06-05T12:49:24.811Z","level":"INFO","msg":"GET /api/roadmaps → 304","duration":"1ms"}
{"ts":"2026-06-05T12:49:24.813Z","level":"INFO","msg":"GET /api/assignments → 304","duration":"3ms"}
{"ts":"2026-06-05T12:49:24.814Z","level":"INFO","msg":"GET /api/flashcards/due → 200","duration":"4ms"}
{"ts":"2026-06-05T12:49:24.824Z","level":"INFO","msg":"GET /api/roadmaps → 304","duration":"1ms"}
{"ts":"2026-06-05T12:49:24.827Z","level":"INFO","msg":"GET /api/roadmaps/rm-ml-engineer → 304","duration":"2ms"}
{"ts":"2026-06-05T12:49:24.829Z","level":"INFO","msg":"GET /api/roadmaps/rm-ml-engineer → 304","duration":"1ms"}
{"ts":"2026-06-05T12:49:24.832Z","level":"INFO","msg":"GET /api/nodes/n7/resources → 304","duration":"1ms"}
{"ts":"2026-06-05T12:49:24.833Z","level":"INFO","msg":"GET /api/nodes/n7/lesson → 304","duration":"2ms"}
{"ts":"2026-06-05T12:49:26.454Z","level":"INFO","msg":"GET /api/sessions → 304","duration":"1ms"}
{"ts":"2026-06-05T12:49:26.458Z","level":"INFO","msg":"GET /api/assignments → 304","duration":"1ms"}
{"ts":"2026-06-05T12:49:26.460Z","level":"INFO","msg":"GET /api/flashcards/due → 200","duration":"3ms"}
{"ts":"2026-06-05T12:49:26.464Z","level":"INFO","msg":"GET /api/sessions/sess-1780532218093 → 200","duration":"2ms"}
{"ts":"2026-06-05T12:49:26.465Z","level":"INFO","msg":"GET /api/assignments → 304","duration":"3ms"}
{"ts":"2026-06-05T12:49:27.753Z","level":"INFO","msg":"GET /api/assignments → 304","duration":"2ms"}
{"ts":"2026-06-05T12:49:27.755Z","level":"INFO","msg":"GET /api/flashcards/due → 200","duration":"3ms"}
{"ts":"2026-06-05T12:49:27.756Z","level":"INFO","msg":"GET /api/courses → 304","duration":"2ms"}
{"ts":"2026-06-05T12:49:27.757Z","level":"INFO","msg":"GET /api/users/starred → 304","duration":"3ms"}
{"ts":"2026-06-05T12:49:27.759Z","level":"INFO","msg":"GET /api/community/leaderboard → 200","duration":"5ms"}
{"ts":"2026-06-05T12:49:27.764Z","level":"INFO","msg":"GET /api/users/enrollments → 304","duration":"2ms"}
{"ts":"2026-06-05T12:49:36.134Z","level":"INFO","msg":"GET /api/roadmaps → 304","duration":"1ms"}
{"ts":"2026-06-05T12:49:36.136Z","level":"INFO","msg":"GET /api/assignments → 304","duration":"3ms"}
{"ts":"2026-06-05T12:49:36.139Z","level":"INFO","msg":"GET /api/flashcards/due → 200","duration":"1ms"}
{"ts":"2026-06-05T12:49:36.140Z","level":"INFO","msg":"GET /api/roadmaps/rm-ml-engineer → 304","duration":"2ms"}
{"ts":"2026-06-05T12:49:36.143Z","level":"INFO","msg":"GET /api/roadmaps → 304","duration":"1ms"}
{"ts":"2026-06-05T12:49:36.147Z","level":"INFO","msg":"GET /api/roadmaps/rm-ml-engineer → 304","duration":"2ms"}
{"ts":"2026-06-05T12:49:36.149Z","level":"INFO","msg":"GET /api/nodes/n7/resources → 304","duration":"3ms"}
{"ts":"2026-06-05T12:49:36.150Z","level":"INFO","msg":"GET /api/nodes/n7/lesson → 304","duration":"4ms"}
{"ts":"2026-06-05T12:49:36.151Z","level":"INFO","msg":"GET /api/nodes/n7/resources → 304","duration":"1ms"}
{"ts":"2026-06-05T12:49:36.152Z","level":"INFO","msg":"GET /api/nodes/n7/lesson → 304","duration":"1ms"}
{"ts":"2026-06-05T12:49:38.233Z","level":"INFO","msg":"GET /api/courses → 304","duration":"1ms"}
{"ts":"2026-06-05T12:49:38.234Z","level":"INFO","msg":"GET /api/users/starred → 304","duration":"2ms"}
{"ts":"2026-06-05T12:49:38.236Z","level":"INFO","msg":"GET /api/community/leaderboard → 304","duration":"4ms"}
{"ts":"2026-06-05T12:49:38.237Z","level":"INFO","msg":"GET /api/assignments → 304","duration":"0ms"}
{"ts":"2026-06-05T12:49:38.241Z","level":"INFO","msg":"GET /api/flashcards/due → 200","duration":"3ms"}
{"ts":"2026-06-05T12:49:38.243Z","level":"INFO","msg":"GET /api/users/enrollments → 304","duration":"1ms"}
{"ts":"2026-06-05T12:49:40.427Z","level":"INFO","msg":"GET /api/assignments → 304","duration":"1ms"}
{"ts":"2026-06-05T12:49:40.430Z","level":"INFO","msg":"GET /api/flashcards/due → 200","duration":"4ms"}
{"ts":"2026-06-05T12:49:40.433Z","level":"INFO","msg":"GET /api/schedule → 304","duration":"3ms"}
{"ts":"2026-06-05T12:49:41.797Z","level":"INFO","msg":"GET /api/assignments → 304","duration":"1ms"}
{"ts":"2026-06-05T12:49:41.798Z","level":"INFO","msg":"GET /api/activity → 304","duration":"2ms"}
{"ts":"2026-06-05T12:49:41.799Z","level":"INFO","msg":"GET /api/flashcards/due → 200","duration":"3ms"}
{"ts":"2026-06-05T12:49:41.801Z","level":"INFO","msg":"GET /api/users/agents → 304","duration":"2ms"}
{"ts":"2026-06-05T12:49:42.881Z","level":"INFO","msg":"GET /api/assignments → 304","duration":"1ms"}
{"ts":"2026-06-05T12:49:42.882Z","level":"INFO","msg":"GET /api/flashcards/due → 200","duration":"2ms"}
{"ts":"2026-06-05T12:49:42.883Z","level":"INFO","msg":"GET /api/badges → 304","duration":"1ms"}
{"ts":"2026-06-05T12:49:42.885Z","level":"INFO","msg":"GET /api/certificates → 304","duration":"3ms"}
{"ts":"2026-06-05T12:49:43.509Z","level":"INFO","msg":"GET /api/assignments → 304","duration":"1ms"}
{"ts":"2026-06-05T12:49:43.510Z","level":"INFO","msg":"GET /api/flashcards/due → 200","duration":"2ms"}
{"ts":"2026-06-05T12:49:43.512Z","level":"INFO","msg":"GET /api/courses → 304","duration":"1ms"}
{"ts":"2026-06-05T12:49:43.513Z","level":"INFO","msg":"GET /api/users/starred → 304","duration":"2ms"}
{"ts":"2026-06-05T12:49:43.514Z","level":"INFO","msg":"GET /api/community/leaderboard → 304","duration":"2ms"}
{"ts":"2026-06-05T12:49:43.524Z","level":"INFO","msg":"GET /api/users/enrollments → 304","duration":"1ms"}
{"ts":"2026-06-05T12:49:47.496Z","level":"INFO","msg":"GET /api/courses → 304","duration":"1ms"}
{"ts":"2026-06-05T12:49:47.497Z","level":"INFO","msg":"GET /api/community/leaderboard → 304","duration":"2ms"}
{"ts":"2026-06-05T12:49:47.498Z","level":"INFO","msg":"GET /api/assignments → 304","duration":"3ms"}
{"ts":"2026-06-05T12:49:47.499Z","level":"INFO","msg":"GET /api/flashcards/due → 200","duration":"4ms"}
{"ts":"2026-06-05T12:49:47.501Z","level":"INFO","msg":"GET /api/roadmaps → 304","duration":"2ms"}
{"ts":"2026-06-05T12:49:47.503Z","level":"INFO","msg":"GET /api/community/threads → 304","duration":"3ms"}
{"ts":"2026-06-05T12:49:55.925Z","level":"INFO","msg":"GET /api/assignments → 304","duration":"1ms"}
{"ts":"2026-06-05T12:49:55.927Z","level":"INFO","msg":"GET /api/assignments → 304","duration":"2ms"}
{"ts":"2026-06-05T12:49:55.927Z","level":"INFO","msg":"GET /api/flashcards/due → 200","duration":"1ms"}
{"ts":"2026-06-05T12:49:57.662Z","level":"INFO","msg":"GET /api/courses → 304","duration":"1ms"}
{"ts":"2026-06-05T12:49:57.663Z","level":"INFO","msg":"GET /api/users/starred → 304","duration":"2ms"}
{"ts":"2026-06-05T12:49:57.666Z","level":"INFO","msg":"GET /api/community/leaderboard → 304","duration":"2ms"}
{"ts":"2026-06-05T12:49:57.675Z","level":"INFO","msg":"GET /api/assignments → 304","duration":"1ms"}
{"ts":"2026-06-05T12:49:57.675Z","level":"INFO","msg":"GET /api/users/enrollments → 304","duration":"1ms"}
{"ts":"2026-06-05T12:49:57.676Z","level":"INFO","msg":"GET /api/flashcards/due → 200","duration":"0ms"}
{"ts":"2026-06-05T12:49:58.787Z","level":"INFO","msg":"GET /api/sessions → 304","duration":"1ms"}
{"ts":"2026-06-05T12:49:58.793Z","level":"INFO","msg":"GET /api/assignments → 304","duration":"1ms"}
{"ts":"2026-06-05T12:49:58.794Z","level":"INFO","msg":"GET /api/flashcards/due → 200","duration":"2ms"}
{"ts":"2026-06-05T12:49:58.799Z","level":"INFO","msg":"GET /api/sessions/sess-1780532218093 → 304","duration":"3ms"}
{"ts":"2026-06-05T12:49:58.800Z","level":"INFO","msg":"GET /api/assignments → 304","duration":"0ms"}
{"ts":"2026-06-05T12:50:01.979Z","level":"INFO","msg":"POST /api/sessions/sess-1780532218093/messages → 200","duration":"2ms"}
{"ts":"2026-06-05T12:50:01.988Z","level":"WARN","msg":"POST /api/ai/chat → 400","duration":"2ms"}
{"ts":"2026-06-05T12:50:01.994Z","level":"WARN","msg":"POST /api/ai/quiz/generate → 400","duration":"2ms"}
{"ts":"2026-06-05T12:50:01.997Z","level":"WARN","msg":"POST /api/sessions/sess-1780532218093/messages → 400","duration":"1ms"}
{"ts":"2026-06-05T12:50:09.684Z","level":"INFO","msg":"GET /api/assignments → 304","duration":"2ms"}
{"ts":"2026-06-05T12:50:09.689Z","level":"INFO","msg":"GET /api/roadmaps → 304","duration":"7ms"}
{"ts":"2026-06-05T12:50:09.690Z","level":"INFO","msg":"GET /api/flashcards/due → 200","duration":"0ms"}
{"ts":"2026-06-05T12:50:09.697Z","level":"INFO","msg":"GET /api/roadmaps/rm-ml-engineer → 304","duration":"1ms"}
{"ts":"2026-06-05T12:50:09.698Z","level":"INFO","msg":"GET /api/roadmaps → 304","duration":"1ms"}
{"ts":"2026-06-05T12:50:09.701Z","level":"INFO","msg":"GET /api/nodes/n7/resources → 304","duration":"0ms"}
{"ts":"2026-06-05T12:50:09.702Z","level":"INFO","msg":"GET /api/nodes/n7/lesson → 304","duration":"1ms"}
{"ts":"2026-06-05T12:50:09.707Z","level":"INFO","msg":"GET /api/roadmaps/rm-ml-engineer → 304","duration":"2ms"}
{"ts":"2026-06-05T12:50:09.711Z","level":"INFO","msg":"GET /api/nodes/n7/resources → 304","duration":"1ms"}
{"ts":"2026-06-05T12:50:09.712Z","level":"INFO","msg":"GET /api/nodes/n7/lesson → 304","duration":"2ms"}
{"ts":"2026-06-05T12:50:13.396Z","level":"INFO","msg":"GET /api/roadmaps/rm-data-sci → 304","duration":"1ms"}
{"ts":"2026-06-05T12:50:13.403Z","level":"INFO","msg":"GET /api/nodes/ds6/lesson → 304","duration":"1ms"}
{"ts":"2026-06-05T12:50:13.404Z","level":"INFO","msg":"GET /api/nodes/ds6/resources → 304","duration":"2ms"}
{"ts":"2026-06-05T12:50:14.817Z","level":"INFO","msg":"GET /api/roadmaps/rm-genai → 200","duration":"2ms"}
{"ts":"2026-06-05T12:50:14.825Z","level":"INFO","msg":"GET /api/nodes/ga4/lesson → 304","duration":"2ms"}
{"ts":"2026-06-05T12:50:14.827Z","level":"INFO","msg":"GET /api/nodes/ga4/resources → 304","duration":"3ms"}
{"ts":"2026-06-05T12:50:15.561Z","level":"INFO","msg":"GET /api/roadmaps/rm-gen-1780471334823-5d3 → 304","duration":"1ms"}
{"ts":"2026-06-05T12:50:15.568Z","level":"INFO","msg":"GET /api/nodes/rm-gen-1780471334823-5d3:n1/resources → 304","duration":"1ms"}
{"ts":"2026-06-05T12:50:15.570Z","level":"INFO","msg":"GET /api/nodes/rm-gen-1780471334823-5d3:n1/lesson → 304","duration":"2ms"}
{"ts":"2026-06-05T12:50:16.322Z","level":"INFO","msg":"GET /api/roadmaps/rm-gen-1780642579781-k2i → 304","duration":"1ms"}
{"ts":"2026-06-05T12:50:16.330Z","level":"INFO","msg":"GET /api/nodes/rm-gen-1780642579781-k2i:n1/lesson → 304","duration":"1ms"}
{"ts":"2026-06-05T12:50:16.331Z","level":"INFO","msg":"GET /api/nodes/rm-gen-1780642579781-k2i:n1/resources → 304","duration":"2ms"}
{"ts":"2026-06-05T12:50:17.635Z","level":"INFO","msg":"GET /api/community/leaderboard → 304","duration":"2ms"}
{"ts":"2026-06-05T12:50:17.637Z","level":"INFO","msg":"GET /api/flashcards/due → 200","duration":"3ms"}
{"ts":"2026-06-05T12:50:17.639Z","level":"INFO","msg":"GET /api/courses → 304","duration":"1ms"}
{"ts":"2026-06-05T12:50:17.640Z","level":"INFO","msg":"GET /api/users/starred → 304","duration":"1ms"}
{"ts":"2026-06-05T12:50:17.643Z","level":"INFO","msg":"GET /api/assignments → 304","duration":"2ms"}
{"ts":"2026-06-05T12:50:17.645Z","level":"INFO","msg":"GET /api/users/enrollments → 304","duration":"1ms"}
{"ts":"2026-06-06T01:09:19.859Z","level":"INFO","msg":"POST /api/auth/login → 200","duration":"54ms"}
{"ts":"2026-06-06T01:09:19.869Z","level":"INFO","msg":"GET /api/stats → 200","duration":"3ms"}
{"ts":"2026-06-06T01:09:19.876Z","level":"INFO","msg":"GET /api/roadmaps → 200","duration":"1ms"}
{"ts":"2026-06-06T01:09:19.882Z","level":"INFO","msg":"GET /api/courses → 200","duration":"1ms"}
{"ts":"2026-06-06T01:09:31.646Z","level":"INFO","msg":"POST /api/auth/login → 200","duration":"58ms"}
{"ts":"2026-06-06T01:09:59.202Z","level":"INFO","msg":"POST /api/auth/login → 200","duration":"55ms"}
{"ts":"2026-06-06T01:10:05.792Z","level":"WARN","msg":"GET /api/courses/prompt-engineering/modules → 401","duration":"1ms"}
{"ts":"2026-06-06T01:10:17.922Z","level":"INFO","msg":"GET /api/health → 200","duration":"1ms"}
{"ts":"2026-06-06T01:22:53.820Z","level":"INFO","msg":"GET / → 200","duration":"6ms"}
{"ts":"2026-06-06T01:22:53.843Z","level":"INFO","msg":"GET /assets/index-Cr-x2-iG.css → 200","duration":"1ms"}
{"ts":"2026-06-06T01:22:53.844Z","level":"INFO","msg":"GET /assets/index-CuMHPtLb.js → 200","duration":"3ms"}
{"ts":"2026-06-06T01:22:53.863Z","level":"INFO","msg":"GET /api/auth/me → 200","duration":"1ms"}
{"ts":"2026-06-06T01:22:53.868Z","level":"INFO","msg":"GET /api/roadmaps → 304","duration":"2ms"}
{"ts":"2026-06-06T01:22:53.869Z","level":"INFO","msg":"GET /api/users/settings → 304","duration":"3ms"}
{"ts":"2026-06-06T01:49:43.089Z","level":"INFO","msg":"GET /api/health → 200","duration":"6ms"}
{"ts":"2026-06-06T01:49:43.172Z","level":"INFO","msg":"POST /api/auth/login → 200","duration":"64ms"}
{"ts":"2026-06-06T01:49:48.264Z","level":"INFO","msg":"POST /api/auth/login → 200","duration":"57ms"}
{"ts":"2026-06-06T01:49:48.272Z","level":"INFO","msg":"GET /api/stats → 200","duration":"0ms"}
{"ts":"2026-06-06T01:49:48.278Z","level":"INFO","msg":"GET /api/roadmaps → 200","duration":"1ms"}
{"ts":"2026-06-06T01:49:48.283Z","level":"INFO","msg":"GET /api/courses → 200","duration":"0ms"}
{"ts":"2026-06-06T01:49:48.288Z","level":"INFO","msg":"GET /api/ai/usage → 200","duration":"0ms"}
{"ts":"2026-06-06T02:02:47.096Z","level":"INFO","msg":"GET /api/health → 200","duration":"4ms"}
{"ts":"2026-06-06T02:02:47.222Z","level":"INFO","msg":"POST /api/auth/login → 200","duration":"61ms"}
{"ts":"2026-06-06T02:02:47.233Z","level":"INFO","msg":"GET /api/stats → 200","duration":"1ms"}
{"ts":"2026-06-06T02:32:41.819Z","level":"INFO","msg":"POST /api/auth/login → 200","duration":"71ms"}
{"ts":"2026-06-06T02:32:41.848Z","level":"WARN","msg":"GET /api/sessions/active → 404","duration":"2ms"}
{"ts":"2026-06-06T02:34:53.987Z","level":"INFO","msg":"GET /api/health → 200","duration":"2ms"}
{"ts":"2026-06-06T02:34:54.080Z","level":"INFO","msg":"POST /api/auth/login → 200","duration":"54ms"}
{"ts":"2026-06-06T02:34:54.088Z","level":"WARN","msg":"404 Not Found: GET /api/stats/daily?window=5"}
{"ts":"2026-06-06T02:34:54.088Z","level":"WARN","msg":"GET /api/stats/daily?window=5 → 404","duration":"1ms"}
{"ts":"2026-06-06T02:45:45.149Z","level":"INFO","msg":"GET /api/health → 200","duration":"1ms"}
{"ts":"2026-06-06T02:45:45.236Z","level":"INFO","msg":"POST /api/auth/login → 200","duration":"54ms"}
{"ts":"2026-06-06T02:45:45.244Z","level":"WARN","msg":"404 Not Found: GET /api/stats/daily?window=5"}
{"ts":"2026-06-06T02:45:45.244Z","level":"WARN","msg":"GET /api/stats/daily?window=5 → 404","duration":"0ms"}
{"ts":"2026-06-06T02:45:45.262Z","level":"WARN","msg":"GET /api/sessions/active → 404","duration":"1ms"}
{"ts":"2026-06-06T02:46:23.145Z","level":"INFO","msg":"POST /api/auth/login → 200","duration":"71ms"}
{"ts":"2026-06-06T02:46:23.153Z","level":"WARN","msg":"404 Not Found: GET /api/stats/daily?window=5"}
{"ts":"2026-06-06T02:46:23.153Z","level":"WARN","msg":"GET /api/stats/daily?window=5 → 404","duration":"0ms"}
{"ts":"2026-06-06T02:47:01.170Z","level":"INFO","msg":"POST /api/auth/login → 200","duration":"67ms"}
{"ts":"2026-06-06T02:47:01.178Z","level":"WARN","msg":"404 Not Found: GET /api/stats/daily?window=5"}
{"ts":"2026-06-06T02:47:01.178Z","level":"WARN","msg":"GET /api/stats/daily?window=5 → 404","duration":"0ms"}
{"ts":"2026-06-06T02:47:52.165Z","level":"WARN","msg":"GET /api/stats/daily → 401","duration":"0ms"}
{"ts":"2026-06-06T02:47:52.243Z","level":"INFO","msg":"POST /api/auth/login → 200","duration":"66ms"}
{"ts":"2026-06-06T02:47:52.251Z","level":"WARN","msg":"404 Not Found: GET /api/stats/daily?window=5"}
{"ts":"2026-06-06T02:47:52.251Z","level":"WARN","msg":"GET /api/stats/daily?window=5 → 404","duration":"0ms"}
{"ts":"2026-06-06T02:48:34.245Z","level":"INFO","msg":"POST /api/auth/login → 200","duration":"70ms"}
{"ts":"2026-06-06T02:48:34.253Z","level":"WARN","msg":"404 Not Found: GET /api/stats/daily?window=5"}
{"ts":"2026-06-06T02:48:34.253Z","level":"WARN","msg":"GET /api/stats/daily?window=5 → 404","duration":"0ms"}
{"ts":"2026-06-06T02:51:28.533Z","level":"INFO","msg":"POST /api/auth/login → 200","duration":"71ms"}
{"ts":"2026-06-06T02:51:28.541Z","level":"INFO","msg":"GET /api/stats → 200","duration":"1ms"}
{"ts":"2026-06-06T02:51:28.558Z","level":"WARN","msg":"404 Not Found: GET /api/stats/daily"}
{"ts":"2026-06-06T02:51:28.558Z","level":"WARN","msg":"GET /api/stats/daily → 404","duration":"0ms"}
{"ts":"2026-06-06T02:55:00.188Z","level":"INFO","msg":"POST /api/auth/login → 200","duration":"67ms"}
{"ts":"2026-06-06T02:55:00.196Z","level":"WARN","msg":"404 Not Found: GET /api/stats/daily"}
{"ts":"2026-06-06T02:55:00.196Z","level":"WARN","msg":"GET /api/stats/daily → 404","duration":"0ms"}
{"ts":"2026-06-06T02:55:00.202Z","level":"INFO","msg":"GET /api/stats → 200","duration":"1ms"}
{"ts":"2026-06-06T02:59:16.728Z","level":"INFO","msg":"POST /api/auth/login → 200","duration":"72ms"}
{"ts":"2026-06-06T02:59:16.736Z","level":"WARN","msg":"404 Not Found: GET /api/stats/daily?window=3"}
{"ts":"2026-06-06T02:59:16.736Z","level":"WARN","msg":"GET /api/stats/daily?window=3 → 404","duration":"0ms"}
{"ts":"2026-06-06T02:59:16.742Z","level":"INFO","msg":"GET /api/stats → 200","duration":"1ms"}
{"ts":"2026-06-06T03:14:36.657Z","level":"INFO","msg":"POST /api/auth/login → 200","duration":"73ms"}
{"ts":"2026-06-06T03:14:36.665Z","level":"WARN","msg":"404 Not Found: GET /api/stats/daily?window=3"}
{"ts":"2026-06-06T03:14:36.665Z","level":"WARN","msg":"GET /api/stats/daily?window=3 → 404","duration":"0ms"}
{"ts":"2026-06-06T03:14:36.683Z","level":"WARN","msg":"404 Not Found: GET /api/stats/daily/"}
{"ts":"2026-06-06T03:14:36.683Z","level":"WARN","msg":"GET /api/stats/daily/ → 404","duration":"0ms"}
{"ts":"2026-06-06T03:14:36.689Z","level":"WARN","msg":"404 Not Found: GET /api/v2/stats/daily?window=3"}
{"ts":"2026-06-06T03:14:36.689Z","level":"WARN","msg":"GET /api/v2/stats/daily?window=3 → 404","duration":"0ms"}
{"ts":"2026-06-06T03:15:37.083Z","level":"INFO","msg":"POST /api/auth/login → 200","duration":"57ms"}
{"ts":"2026-06-06T03:15:37.091Z","level":"WARN","msg":"404 Not Found: GET /api/daily-stats?window=3"}
{"ts":"2026-06-06T03:15:37.091Z","level":"WARN","msg":"GET /api/daily-stats?window=3 → 404","duration":"1ms"}
{"ts":"2026-06-06T03:16:11.545Z","level":"INFO","msg":"GET / → 200","duration":"8ms"}
{"ts":"2026-06-06T03:16:11.561Z","level":"INFO","msg":"GET /assets/index-Cr-x2-iG.css → 200","duration":"1ms"}
{"ts":"2026-06-06T03:16:11.562Z","level":"INFO","msg":"GET /assets/index-BZPvBPPW.js → 200","duration":"3ms"}
{"ts":"2026-06-06T03:16:11.587Z","level":"INFO","msg":"GET /api/auth/me → 200","duration":"5ms"}
{"ts":"2026-06-06T03:16:25.867Z","level":"INFO","msg":"POST /api/auth/login → 200","duration":"73ms"}
{"ts":"2026-06-06T03:16:25.875Z","level":"INFO","msg":"GET /api/health → 200","duration":"1ms"}
{"ts":"2026-06-06T03:16:25.881Z","level":"INFO","msg":"GET /api/stats → 200","duration":"1ms"}
{"ts":"2026-06-06T03:16:25.898Z","level":"WARN","msg":"404 Not Found: GET /api/daily-stats?window=3"}
{"ts":"2026-06-06T03:16:25.899Z","level":"WARN","msg":"GET /api/daily-stats?window=3 → 404","duration":"1ms"}
{"ts":"2026-06-06T03:24:23.633Z","level":"INFO","msg":"POST /api/auth/login → 200","duration":"67ms"}
{"ts":"2026-06-06T03:24:23.643Z","level":"INFO","msg":"GET /api/daily-stats?window=3 → 200","duration":"2ms"}
{"ts":"2026-06-06T03:24:23.649Z","level":"INFO","msg":"GET /api/stats → 200","duration":"1ms"}
{"ts":"2026-06-06T03:41:17.402Z","level":"INFO","msg":"POST /api/auth/login → 200","duration":"67ms"}
{"ts":"2026-06-06T03:41:17.413Z","level":"INFO","msg":"GET /api/daily-stats?window=5 → 200","duration":"2ms"}
{"ts":"2026-06-06T03:41:17.422Z","level":"INFO","msg":"GET /api/stats → 200","duration":"2ms"}
